
../../../out/mars/boot:     file format elf32-littleriscv


Disassembly of section .init:

00000000 <vector_base>:
   0:	6f 00 00 10 32 48 00 00 3c 48 00 00 46 48 00 00     o...2H..<H..FH..
  10:	50 48 00 00 5a 48 00 00 64 48 00 00 6e 48 00 00     PH..ZH..dH..nH..
  20:	78 48 00 00 82 48 00 00 8c 48 00 00 96 48 00 00     xH...H...H...H..
  30:	a0 48 00 00 aa 48 00 00 b4 48 00 00 be 48 00 00     .H...H...H...H..
  40:	c8 48 00 00 d2 48 00 00 dc 48 00 00 e6 48 00 00     .H...H...H...H..
  50:	f0 48 00 00 fa 48 00 00 04 49 00 00 0e 49 00 00     .H...H...I...I..
  60:	18 49 00 00 22 49 00 00 2c 49 00 00 36 49 00 00     .I.."I..,I..6I..
  70:	40 49 00 00 4a 49 00 00 54 49 00 00 5e 49 00 00     @I..JI..TI..^I..
  80:	68 49 00 00 72 49 00 00 7c 49 00 00 86 49 00 00     hI..rI..|I...I..
	...
  a0:	48 72 01 03 00 00 00 00 00 00 00 00 01 00 00 00     Hr..............
  b0:	4d 41 52 53 5f 41 50 50 00 00 00 00 00 00 00 00     MARS_APP........
	...

000000e0 <__sync_harts>:
#define CLINT_MSIP(base, hartid)    (*(volatile uint32_t *)((uintptr_t)((base) + ((hartid) * 4))))
#define SMP_CTRLREG(base, ofs)      (*(volatile uint32_t *)((uintptr_t)((base) + (ofs))))

__attribute__((section(".init"))) void __sync_harts(void)
{
}
  e0:	8082                	ret
	...

00000100 <_start>:
 * Reset Handler called on controller reset
 */
_start:
    /* ===== Startup Stage 1 ===== */
    /* Disable Global Interrupt */
    csrc CSR_MSTATUS, MSTATUS_MIE
 100:	30047073          	csrci	mstatus,8
     * the core hartid is defined via BOOT_HARTID.
     * other harts if run to here, just do wfi in __amp_wait
     */
#ifndef SMP_CPU_CNT
    /* take bit 0-7 for hart id in a local cluster */
    csrr a0, CSR_MHARTID
 104:	f1402573          	csrr	a0,mhartid
    andi a0, a0, 0xFF
 108:	0ff57513          	zext.b	a0,a0
    /* BOOT_HARTID is configurable in Makefile via BOOT_HARTID variable */
    li a1, BOOT_HARTID
 10c:	4581                	li	a1,0
    bne a0, a1, __amp_wait
 10e:	10b51a63          	bne	a0,a1,222 <__amp_wait>
#endif

    /* Initialize GP and TP */
    .option push
    .option norelax
    la gp, __global_pointer$
 112:	20034197          	auipc	gp,0x20034
 116:	79e18193          	addi	gp,gp,1950 # 200348b0 <__global_pointer$>
    la tp, __tls_base
 11a:	20034217          	auipc	tp,0x20034
 11e:	16620213          	addi	tp,tp,358 # 20034280 <FlashAddr.10>
    addi a1, a1, 1
    j 1b
2:
#else
    /* Set correct sp for current cpu */
    la sp, _sp
 122:	20038117          	auipc	sp,0x20038
 126:	ede10113          	addi	sp,sp,-290 # 20038000 <_sp>
    /*
     * Set the the NMI base mnvec to share
     * with mtvec by setting CSR_MMISC_CTL
     * bit 9 NMI_CAUSE_FFF to 1
     */
    li t0, MMISC_CTL_NMI_CAUSE_FFF
 12a:	20000293          	li	t0,512
    csrs CSR_MMISC_CTL, t0
 12e:	7d02a073          	csrs	mmisc_ctl,t0

    /*
     * Intialize ECLIC vector interrupt
     * base address mtvt to vector_base
     */
    la t0, vector_base
 132:	00000293          	li	t0,0
    csrw CSR_MTVT, t0
 136:	30729073          	csrw	mtvt,t0
     * Set ECLIC non-vector entry to be controlled
     * by mtvt2 CSR register.
     * Intialize ECLIC non-vector interrupt
     * base address mtvt2 to irq_entry.
     */
    la t0, irq_entry
 13a:	00005297          	auipc	t0,0x5
 13e:	90628293          	addi	t0,t0,-1786 # 4a40 <irq_entry>
    csrw CSR_MTVT2, t0
 142:	7ec29073          	csrw	mtvt2,t0
    csrs CSR_MTVT2, 0x1
 146:	7ec0e073          	csrsi	mtvt2,1
     * Due to settings above, Exception and NMI
     * will share common entry.
     * This early_exc_entry is only used during early
     * boot stage before main
     */
    la t0, early_exc_entry
 14a:	00000297          	auipc	t0,0x0
 14e:	0f628293          	addi	t0,t0,246 # 240 <early_exc_entry>
    csrw CSR_MTVEC, t0
 152:	30529073          	csrw	mtvec,t0

    /* Set the interrupt processing mode to ECLIC mode */
    li t0, 0x3f
 156:	03f00293          	li	t0,63
    csrc CSR_MTVEC, t0
 15a:	3052b073          	csrc	mtvec,t0
    csrs CSR_MTVEC, 0x3
 15e:	3051e073          	csrsi	mtvec,3
    /* ===== Startup Stage 2 ===== */

    /* Enable FPU and Vector Unit if f/d/v exist in march */
#if defined(__riscv_flen) && __riscv_flen > 0
    /* Enable FPU, and set state to initial */
    li t0, MSTATUS_FS
 162:	6299                	lui	t0,0x6
    csrc mstatus, t0
 164:	3002b073          	csrc	mstatus,t0
    li t0, MSTATUS_FS_INITIAL
 168:	6289                	lui	t0,0x2
    csrs mstatus, t0
 16a:	3002a073          	csrs	mstatus,t0
    li t0, MSTATUS_VS_INITIAL
    csrs mstatus, t0
#endif

    /* Enable mcycle and minstret counter */
    csrci CSR_MCOUNTINHIBIT, 0x5
 16e:	3202f073          	csrci	mcountinhibit,5

00000172 <__init_common>:
    /* ===== Startup Stage 3 ===== */
    /*
     * Load text section from CODE ROM to CODE RAM
     * when text LMA is different with VMA
     */
    la a0, _text_lma
 172:	28000513          	li	a0,640
    la a1, _text
 176:	00000597          	auipc	a1,0x0
 17a:	10a58593          	addi	a1,a1,266 # 280 <main>
    /* If text LMA and VMA are equal
     * then no need to copy text section */
    beq a0, a1, 2f
 17e:	02b50063          	beq	a0,a1,19e <__init_common+0x2c>
    la a2, _etext
 182:	00005617          	auipc	a2,0x5
 186:	bba60613          	addi	a2,a2,-1094 # 4d3c <_etext>
    bgeu a1, a2, 2f
 18a:	00c5fa63          	bgeu	a1,a2,19e <__init_common+0x2c>

1:
    /* Load code section if necessary */
    lw t0, (a0)
 18e:	00052283          	lw	t0,0(a0)
    sw t0, (a1)
 192:	0055a023          	sw	t0,0(a1)
    addi a0, a0, 4
 196:	0511                	addi	a0,a0,4
    addi a1, a1, 4
 198:	0591                	addi	a1,a1,4
    bltu a1, a2, 1b
 19a:	fec5eae3          	bltu	a1,a2,18e <__init_common+0x1c>
2:
    /* Load data section */
    la a0, _data_lma
 19e:	00005517          	auipc	a0,0x5
 1a2:	ba250513          	addi	a0,a0,-1118 # 4d40 <_data_lma>
    la a1, _data
 1a6:	20034597          	auipc	a1,0x20034
 1aa:	e5a58593          	addi	a1,a1,-422 # 20034000 <erase_a_block_process>
    /* If data vma=lma, no need to copy */
    beq a0, a1, 2f
 1ae:	00b50e63          	beq	a0,a1,1ca <__init_common+0x58>
    la a2, _edata
 1b2:	9d018613          	addi	a2,gp,-1584 # 20034280 <FlashAddr.10>
    bgeu a1, a2, 2f
 1b6:	00c5fa63          	bgeu	a1,a2,1ca <__init_common+0x58>
1:
    lw t0, (a0)
 1ba:	00052283          	lw	t0,0(a0)
    sw t0, (a1)
 1be:	0055a023          	sw	t0,0(a1)
    addi a0, a0, 4
 1c2:	0511                	addi	a0,a0,4
    addi a1, a1, 4
 1c4:	0591                	addi	a1,a1,4
    bltu a1, a2, 1b
 1c6:	fec5eae3          	bltu	a1,a2,1ba <__init_common+0x48>
2:
    /* Clear bss section */
    la a0, __bss_start
 1ca:	9d018513          	addi	a0,gp,-1584 # 20034280 <FlashAddr.10>
    la a1, _end
 1ce:	fc418593          	addi	a1,gp,-60 # 20034874 <_end>
    bgeu a0, a1, 2f
 1d2:	00b57763          	bgeu	a0,a1,1e0 <_start_premain>
1:
    sw zero, (a0)
 1d6:	00052023          	sw	zero,0(a0)
    addi a0, a0, 4
 1da:	0511                	addi	a0,a0,4
    bltu a0, a1, 1b
 1dc:	feb56de3          	bltu	a0,a1,1d6 <__init_common+0x64>

000001e0 <_start_premain>:
    /*
     * Call vendor defined SystemInit to
     * initialize the micro-controller system
     * SystemInit will just be called by boot cpu
     */
    call SystemInit
 1e0:	4e2040ef          	jal	ra,46c2 <SystemInit>

    /* Call global constructors */
    la a0, __libc_fini_array
 1e4:	00005517          	auipc	a0,0x5
 1e8:	a5650513          	addi	a0,a0,-1450 # 4c3a <__libc_fini_array>
    call atexit
 1ec:	245040ef          	jal	ra,4c30 <atexit>
    /* Call C/C++ constructor start up code */
    call __libc_init_array
 1f0:	27f040ef          	jal	ra,4c6e <__libc_init_array>

000001f4 <__skip_init>:

__skip_init:
    /* Sync all harts at this function */
    call __sync_harts
 1f4:	35f5                	jal	e0 <__sync_harts>
    /* do pre-init steps before main */
    /* _premain_init will be called by each cpu
     * please make sure the implementation of __premain_int
     * considered this
     */
    call _premain_init
 1f6:	430040ef          	jal	ra,4626 <_premain_init>
     * set exception entry to correct exception
     * entry and jump to main.
     * And set the interrupt processing mode to
     * ECLIC mode
     */
    la t0, exc_entry
 1fa:	00004297          	auipc	t0,0x4
 1fe:	7c628293          	addi	t0,t0,1990 # 49c0 <exc_entry>
    csrw CSR_MTVEC, t0
 202:	30529073          	csrw	mtvec,t0
    li t0, 0x3f
 206:	03f00293          	li	t0,63
    csrc CSR_MTVEC, t0
 20a:	3052b073          	csrc	mtvec,t0
    csrs CSR_MTVEC, 0x3
 20e:	3051e073          	csrsi	mtvec,3

    /* BPU cold bringup need time, so enable BPU before enter to main */
    li t0, MMISC_CTL_BPU
 212:	42a1                	li	t0,8
    csrs CSR_MMISC_CTL, t0
 214:	7d02a073          	csrs	mmisc_ctl,t0

    /* ===== Call SMP Main Function  ===== */
    /* argc = argv = 0 */
    li a0, 0
 218:	4501                	li	a0,0
    li a1, 0
 21a:	4581                	li	a1,0
#else
#ifdef RTOS_RTTHREAD
    // Call entry function when using RT-Thread
    call entry
#else
    call main
 21c:	2095                	jal	280 <main>
#endif
#endif
    /* do post-main steps after main
     * this function will be called by each cpu */
    call _postmain_fini
 21e:	48a040ef          	jal	ra,46a8 <_postmain_fini>

00000222 <__amp_wait>:

__amp_wait:
1:
    wfi
 222:	10500073          	wfi
    j 1b
 226:	bff5                	j	222 <__amp_wait>
 228:	00000013          	nop
 22c:	00000013          	nop
 230:	00000013          	nop
 234:	00000013          	nop
 238:	00000013          	nop
 23c:	00000013          	nop

00000240 <early_exc_entry>:
/* Early boot exception entry before main */
.align 6
.global early_exc_entry
.type early_exc_entry, @function
early_exc_entry:
    wfi
 240:	10500073          	wfi
    j early_exc_entry
 244:	bff5                	j	240 <early_exc_entry>
	...

Disassembly of section .text:

00000280 <main>:
	}
	// go to the normal boot routine
}

int main( void )
{
     280:	1141                	addi	sp,sp,-16
     282:	c606                	sw	ra,12(sp)
	// if wakeup, just jump to the application directly
	wakeup_process();
     284:	37f000ef          	jal	ra,e02 <wakeup_process>

	bool valid;
	int32_t boot_ops;

    system_init(0);
     288:	4501                	li	a0,0
     28a:	7e2000ef          	jal	ra,a6c <system_init>

	// read out a table in Flash security page
	// write the value to the related address, aligned to bit
	flash_otp_load();
     28e:	0bd000ef          	jal	ra,b4a <flash_otp_load>

    uvlo_process();
     292:	2d9000ef          	jal	ra,d6a <uvlo_process>
#ifdef ROM_DBG
	logInit(0, 115200);
#endif
	BOOT_LOG("booting...");

	boot_ops = get_boot_opt();
     296:	04d000ef          	jal	ra,ae2 <get_boot_opt>
	if(!boot_ops) {
     29a:	e119                	bnez	a0,2a0 <main+0x20>
		// enter upgrade mode
		upgrade();
     29c:	03b000ef          	jal	ra,ad6 <upgrade>
		return 0;
	}

	if(flash_img_is_valid()) {
     2a0:	249000ef          	jal	ra,ce8 <flash_img_is_valid>
     2a4:	dd65                	beqz	a0,29c <main+0x1c>
		// boot from flash
		boot_flash();
     2a6:	792000ef          	jal	ra,a38 <boot_flash>

000002aa <process_thread_erase_a_block_process>:
    process_start(&program_process, NULL);
}

//int flash_erase_a_sector(FLASH_DEV *dev, unsigned int FlashAddr)
PROCESS_THREAD(erase_a_block_process, ev, data)
{
     2aa:	7179                	addi	sp,sp,-48
     2ac:	d422                	sw	s0,40(sp)
    static unsigned int j, RetData;
    int ret;
    unsigned int result, timeout = flash_dev.timeout;
     2ae:	20034437          	lui	s0,0x20034
     2b2:	05440793          	addi	a5,s0,84 # 20034054 <flash_dev>
{
     2b6:	cc52                	sw	s4,24(sp)
    unsigned int result, timeout = flash_dev.timeout;
     2b8:	0087aa03          	lw	s4,8(a5)
    static unsigned long FlashAddr;

    PROCESS_BEGIN();
     2bc:	00055783          	lhu	a5,0(a0)
{
     2c0:	d226                	sw	s1,36(sp)
     2c2:	d606                	sw	ra,44(sp)
     2c4:	d04a                	sw	s2,32(sp)
     2c6:	ce4e                	sw	s3,28(sp)
     2c8:	ca56                	sw	s5,20(sp)
     2ca:	c85a                	sw	s6,16(sp)
     2cc:	c65e                	sw	s7,12(sp)
    PROCESS_BEGIN();
     2ce:	07c00713          	li	a4,124
{
     2d2:	84aa                	mv	s1,a0
    PROCESS_BEGIN();
     2d4:	12e78763          	beq	a5,a4,402 <process_thread_erase_a_block_process+0x158>
     2d8:	00f76b63          	bltu	a4,a5,2ee <process_thread_erase_a_block_process+0x44>
     2dc:	cbb9                	beqz	a5,332 <process_thread_erase_a_block_process+0x88>
     2de:	05e00713          	li	a4,94
     2e2:	02e78063          	beq	a5,a4,302 <process_thread_erase_a_block_process+0x58>
		ret = 0;
		END:
		process_post(&flash_prog_process, PROCESS_EVENT_CONTINUE, (void *)ret);
    }

    PROCESS_END();
     2e6:	00049023          	sh	zero,0(s1)
     2ea:	450d                	li	a0,3
     2ec:	a881                	j	33c <process_thread_erase_a_block_process+0x92>
    PROCESS_BEGIN();
     2ee:	09e00713          	li	a4,158
     2f2:	fee79ae3          	bne	a5,a4,2e6 <process_thread_erase_a_block_process+0x3c>
		for(j = 1; j < timeout; j++) {
     2f6:	9ec18793          	addi	a5,gp,-1556 # 2003429c <j.8>
     2fa:	4398                	lw	a4,0(a5)
     2fc:	0705                	addi	a4,a4,1
     2fe:	c398                	sw	a4,0(a5)
     300:	aa25                	j	438 <process_thread_erase_a_block_process+0x18e>
    	if(ev != PROCESS_EVENT_POLL) {
     302:	08200793          	li	a5,130
     306:	04f59663          	bne	a1,a5,352 <process_thread_erase_a_block_process+0xa8>
		result = spirom_cmd_send(&flash_dev, SPIROM_CMD_WREN, 0x0, 0, NULL, &RetData);
     30a:	9d818793          	addi	a5,gp,-1576 # 20034288 <RetData.9>
     30e:	4701                	li	a4,0
     310:	4681                	li	a3,0
     312:	4601                	li	a2,0
     314:	458d                	li	a1,3
     316:	05440513          	addi	a0,s0,84
     31a:	7e6030ef          	jal	ra,3b00 <spirom_cmd_send>
		if(result != 0) {
     31e:	c121                	beqz	a0,35e <process_thread_erase_a_block_process+0xb4>
				ret = -1;
     320:	567d                	li	a2,-1
		process_post(&flash_prog_process, PROCESS_EVENT_CONTINUE, (void *)ret);
     322:	20034537          	lui	a0,0x20034
     326:	08500593          	li	a1,133
     32a:	03450513          	addi	a0,a0,52 # 20034034 <flash_prog_process>
     32e:	089020ef          	jal	ra,2bb6 <process_post>
    	PROCESS_WAIT_EVENT();
     332:	05e00793          	li	a5,94
			PROCESS_YIELD();
     336:	00f49023          	sh	a5,0(s1)
     33a:	4505                	li	a0,1
}
     33c:	50b2                	lw	ra,44(sp)
     33e:	5422                	lw	s0,40(sp)
     340:	5492                	lw	s1,36(sp)
     342:	5902                	lw	s2,32(sp)
     344:	49f2                	lw	s3,28(sp)
     346:	4a62                	lw	s4,24(sp)
     348:	4ad2                	lw	s5,20(sp)
     34a:	4b42                	lw	s6,16(sp)
     34c:	4bb2                	lw	s7,12(sp)
     34e:	6145                	addi	sp,sp,48
     350:	8082                	ret
    		FlashAddr = *((unsigned long *)data);
     352:	421c                	lw	a5,0(a2)
     354:	9cf1a823          	sw	a5,-1584(gp) # 20034280 <FlashAddr.10>
    		if(FlashAddr & (SPIROM_SECTOR_SIZE - 1)) { //not align with sector
     358:	07d2                	slli	a5,a5,0x14
     35a:	dbc5                	beqz	a5,30a <process_thread_erase_a_block_process+0x60>
     35c:	b7d1                	j	320 <process_thread_erase_a_block_process+0x76>
		for(j = 1; j < timeout; j++) {
     35e:	4705                	li	a4,1
     360:	9ee1a623          	sw	a4,-1556(gp) # 2003429c <j.8>
     364:	9ec1a783          	lw	a5,-1556(gp) # 2003429c <j.8>
     368:	9ec18993          	addi	s3,gp,-1556 # 2003429c <j.8>
     36c:	9d818913          	addi	s2,gp,-1576 # 20034288 <RetData.9>
     370:	0147e763          	bltu	a5,s4,37e <process_thread_erase_a_block_process+0xd4>
		if((RetData & SPIROM_SR_WEL_MASK) == 0) {
     374:	00092783          	lw	a5,0(s2)
     378:	8b89                	andi	a5,a5,2
     37a:	e785                	bnez	a5,3a2 <process_thread_erase_a_block_process+0xf8>
     37c:	b755                	j	320 <process_thread_erase_a_block_process+0x76>
			result = spirom_cmd_send(&flash_dev, SPIROM_CMD_RDST, 0x0, 0, NULL, &RetData);
     37e:	9d818793          	addi	a5,gp,-1576 # 20034288 <RetData.9>
     382:	4701                	li	a4,0
     384:	4681                	li	a3,0
     386:	4601                	li	a2,0
     388:	4589                	li	a1,2
     38a:	05440513          	addi	a0,s0,84
     38e:	772030ef          	jal	ra,3b00 <spirom_cmd_send>
			if(result != 0) {
     392:	f559                	bnez	a0,320 <process_thread_erase_a_block_process+0x76>
			if(RetData & SPIROM_SR_BP_MASK) {
     394:	00092783          	lw	a5,0(s2)
     398:	03c7f713          	andi	a4,a5,60
     39c:	f351                	bnez	a4,320 <process_thread_erase_a_block_process+0x76>
			} else if(RetData & SPIROM_SR_WEL_MASK) {
     39e:	8b89                	andi	a5,a5,2
     3a0:	cba1                	beqz	a5,3f0 <process_thread_erase_a_block_process+0x146>
		uint32_t remain_size = flash_prog.flash_offset + flash_prog.total_size - FlashAddr;
     3a2:	20034937          	lui	s2,0x20034
     3a6:	01090b13          	addi	s6,s2,16 # 20034010 <flash_prog>
     3aa:	9d01a603          	lw	a2,-1584(gp) # 20034280 <FlashAddr.10>
     3ae:	004b2783          	lw	a5,4(s6)
     3b2:	000b2703          	lw	a4,0(s6)
     3b6:	8f91                	sub	a5,a5,a2
     3b8:	97ba                	add	a5,a5,a4
		if(!(FlashAddr & SPIROM_BLK64_MASK) && remain_size >= SPIROM_BLK64_SIZE) {
     3ba:	08064733          	zext.h	a4,a2
     3be:	6bc1                	lui	s7,0x10
     3c0:	01090913          	addi	s2,s2,16
     3c4:	c729                	beqz	a4,40e <process_thread_erase_a_block_process+0x164>
		} else if(!(FlashAddr & SPIROM_BLK32_MASK) && remain_size >= SPIROM_BLK32_SIZE) {
     3c6:	01161713          	slli	a4,a2,0x11
     3ca:	6b21                	lui	s6,0x8
     3cc:	e745                	bnez	a4,474 <process_thread_erase_a_block_process+0x1ca>
     3ce:	0b67e363          	bltu	a5,s6,474 <process_thread_erase_a_block_process+0x1ca>
			result = spirom_cmd_send(&flash_dev, SPIROM_CMD_ERASE_B32, FlashAddr, 0, NULL, &RetData);
     3d2:	9d818793          	addi	a5,gp,-1576 # 20034288 <RetData.9>
     3d6:	4701                	li	a4,0
     3d8:	4681                	li	a3,0
     3da:	45c1                	li	a1,16
     3dc:	05440513          	addi	a0,s0,84
     3e0:	720030ef          	jal	ra,3b00 <spirom_cmd_send>
			flash_prog.erase_size += SPIROM_BLK32_SIZE;
     3e4:	00892783          	lw	a5,8(s2)
     3e8:	97da                	add	a5,a5,s6
			flash_prog.erase_size += SPIROM_SECTOR_SIZE;
     3ea:	00f92423          	sw	a5,8(s2)
     3ee:	a081                	j	42e <process_thread_erase_a_block_process+0x184>
			process_poll(&erase_a_block_process);
     3f0:	20034537          	lui	a0,0x20034
     3f4:	00050513          	mv	a0,a0
     3f8:	045020ef          	jal	ra,2c3c <process_poll>
			PROCESS_YIELD();
     3fc:	07c00793          	li	a5,124
     400:	bf1d                	j	336 <process_thread_erase_a_block_process+0x8c>
		for(j = 1; j < timeout; j++) {
     402:	9ec18793          	addi	a5,gp,-1556 # 2003429c <j.8>
     406:	4398                	lw	a4,0(a5)
     408:	0705                	addi	a4,a4,1
     40a:	c398                	sw	a4,0(a5)
     40c:	bfa1                	j	364 <process_thread_erase_a_block_process+0xba>
		if(!(FlashAddr & SPIROM_BLK64_MASK) && remain_size >= SPIROM_BLK64_SIZE) {
     40e:	fb77ece3          	bltu	a5,s7,3c6 <process_thread_erase_a_block_process+0x11c>
			result = spirom_cmd_send(&flash_dev, SPIROM_CMD_ERASE_B64, FlashAddr, 0, NULL, &RetData);
     412:	9d818793          	addi	a5,gp,-1576 # 20034288 <RetData.9>
     416:	4701                	li	a4,0
     418:	4681                	li	a3,0
     41a:	45c5                	li	a1,17
     41c:	05440513          	addi	a0,s0,84
     420:	6e0030ef          	jal	ra,3b00 <spirom_cmd_send>
			flash_prog.erase_size += SPIROM_BLK64_SIZE;
     424:	008b2783          	lw	a5,8(s6) # 8008 <_data_lma+0x32c8>
     428:	97de                	add	a5,a5,s7
     42a:	00fb2423          	sw	a5,8(s6)
		if(result != 0) {
     42e:	ee0519e3          	bnez	a0,320 <process_thread_erase_a_block_process+0x76>
		for(j = 1; j < timeout; j++) {
     432:	4785                	li	a5,1
     434:	00f9a023          	sw	a5,0(s3)
     438:	9ec1a703          	lw	a4,-1556(gp) # 2003429c <j.8>
     43c:	9d818913          	addi	s2,gp,-1576 # 20034288 <RetData.9>
     440:	03477263          	bgeu	a4,s4,464 <process_thread_erase_a_block_process+0x1ba>
			result = spirom_cmd_send(&flash_dev, SPIROM_CMD_RDST, 0x0, 0, NULL, &RetData);
     444:	9d818793          	addi	a5,gp,-1576 # 20034288 <RetData.9>
     448:	4701                	li	a4,0
     44a:	4681                	li	a3,0
     44c:	4601                	li	a2,0
     44e:	4589                	li	a1,2
     450:	05440513          	addi	a0,s0,84
     454:	6ac030ef          	jal	ra,3b00 <spirom_cmd_send>
			if(result != 0) {
     458:	ec0514e3          	bnez	a0,320 <process_thread_erase_a_block_process+0x76>
			if((RetData & (SPIROM_SR_WIP_MASK | SPIROM_SR_WEL_MASK)) == 0) {
     45c:	00092783          	lw	a5,0(s2)
     460:	8b8d                	andi	a5,a5,3
     462:	e79d                	bnez	a5,490 <process_thread_erase_a_block_process+0x1e6>
		if((RetData & (SPIROM_SR_WIP_MASK | SPIROM_SR_WEL_MASK)) != 0) {
     464:	00092603          	lw	a2,0(s2)
     468:	8a0d                	andi	a2,a2,3
     46a:	00c03633          	snez	a2,a2
     46e:	40c00633          	neg	a2,a2
     472:	bd45                	j	322 <process_thread_erase_a_block_process+0x78>
			result = spirom_cmd_send(&flash_dev, SPIROM_CMD_ERASE, FlashAddr, 0, NULL, &RetData);
     474:	9d818793          	addi	a5,gp,-1576 # 20034288 <RetData.9>
     478:	4701                	li	a4,0
     47a:	4681                	li	a3,0
     47c:	4595                	li	a1,5
     47e:	05440513          	addi	a0,s0,84
     482:	67e030ef          	jal	ra,3b00 <spirom_cmd_send>
			flash_prog.erase_size += SPIROM_SECTOR_SIZE;
     486:	00892783          	lw	a5,8(s2)
     48a:	6705                	lui	a4,0x1
     48c:	97ba                	add	a5,a5,a4
     48e:	bfb1                	j	3ea <process_thread_erase_a_block_process+0x140>
			process_poll(&erase_a_block_process);
     490:	20034537          	lui	a0,0x20034
     494:	00050513          	mv	a0,a0
     498:	7a4020ef          	jal	ra,2c3c <process_poll>
			PROCESS_YIELD();
     49c:	09e00793          	li	a5,158
     4a0:	bd59                	j	336 <process_thread_erase_a_block_process+0x8c>

000004a2 <process_thread_program_process>:


//int program_a_sector(FLASH_DEV *dev, unsigned int FlashAddr, unsigned char* start, unsigned int DataSize)
PROCESS_THREAD(program_process, ev, data)
{
     4a2:	1101                	addi	sp,sp,-32
     4a4:	ca26                	sw	s1,20(sp)
	unsigned int result, timeout = flash_dev.timeout;
     4a6:	200344b7          	lui	s1,0x20034
     4aa:	05448793          	addi	a5,s1,84 # 20034054 <flash_dev>
{
     4ae:	c84a                	sw	s2,16(sp)
	unsigned int result, timeout = flash_dev.timeout;
     4b0:	0087a903          	lw	s2,8(a5)
	int ret;
	static unsigned int j, RetData, flash_addr, remain_size, step_size;
	static unsigned char *data_buf;

	PROCESS_BEGIN();
     4b4:	00055783          	lhu	a5,0(a0) # 20034000 <erase_a_block_process>
{
     4b8:	cc22                	sw	s0,24(sp)
     4ba:	ce06                	sw	ra,28(sp)
     4bc:	c64e                	sw	s3,12(sp)
     4be:	c452                	sw	s4,8(sp)
     4c0:	c256                	sw	s5,4(sp)
	PROCESS_BEGIN();
     4c2:	0da00713          	li	a4,218
{
     4c6:	842a                	mv	s0,a0
	PROCESS_BEGIN();
     4c8:	12e78b63          	beq	a5,a4,5fe <process_thread_program_process+0x15c>
     4cc:	00f76b63          	bltu	a4,a5,4e2 <process_thread_program_process+0x40>
     4d0:	c3d5                	beqz	a5,574 <process_thread_program_process+0xd2>
     4d2:	0b700713          	li	a4,183
     4d6:	02e78063          	beq	a5,a4,4f6 <process_thread_program_process+0x54>
		ret = 0;
		END:  // return value
		process_post(&flash_prog_process, PROCESS_EVENT_CONTINUE, (void *)ret);
	}

	PROCESS_END();
     4da:	00041023          	sh	zero,0(s0)
     4de:	450d                	li	a0,3
     4e0:	a879                	j	57e <process_thread_program_process+0xdc>
	PROCESS_BEGIN();
     4e2:	0f700713          	li	a4,247
     4e6:	fee79ae3          	bne	a5,a4,4da <process_thread_program_process+0x38>
			for(j = 1; j < timeout; j++) {
     4ea:	9e818793          	addi	a5,gp,-1560 # 20034298 <j.2>
     4ee:	4398                	lw	a4,0(a5)
     4f0:	0705                	addi	a4,a4,1
     4f2:	c398                	sw	a4,0(a5)
     4f4:	a0cd                	j	5d6 <process_thread_program_process+0x134>
		if(ev != PROCESS_EVENT_POLL) {
     4f6:	08200793          	li	a5,130
     4fa:	04f59863          	bne	a1,a5,54a <process_thread_program_process+0xa8>
			step_size = SPIROM_PAGE_SIZE - (flash_addr & SPIROM_PAGE_MASK);
     4fe:	9e41c703          	lbu	a4,-1564(gp) # 20034294 <flash_addr.7>
     502:	10000793          	li	a5,256
     506:	8f99                	sub	a5,a5,a4
			step_size = (step_size > remain_size) ? remain_size : step_size;
     508:	9f01a703          	lw	a4,-1552(gp) # 200342a0 <remain_size.6>
			result = spirom_cmd_send(&flash_dev, SPIROM_CMD_WREN, 0x0, 0, NULL, &RetData);
     50c:	4681                	li	a3,0
			step_size = (step_size > remain_size) ? remain_size : step_size;
     50e:	0ae7d7b3          	minu	a5,a5,a4
     512:	9ef1aa23          	sw	a5,-1548(gp) # 200342a4 <step_size.4>
			result = spirom_cmd_send(&flash_dev, SPIROM_CMD_WREN, 0x0, 0, NULL, &RetData);
     516:	9d418793          	addi	a5,gp,-1580 # 20034284 <RetData.3>
     51a:	4701                	li	a4,0
     51c:	4601                	li	a2,0
     51e:	458d                	li	a1,3
     520:	05448513          	addi	a0,s1,84
     524:	5dc030ef          	jal	ra,3b00 <spirom_cmd_send>
			if(result != 0) {
     528:	ed0d                	bnez	a0,562 <process_thread_program_process+0xc0>
			for(j = 1; j < timeout; j++) {
     52a:	4705                	li	a4,1
     52c:	9ee1a423          	sw	a4,-1560(gp) # 20034298 <j.2>
     530:	9e81a703          	lw	a4,-1560(gp) # 20034298 <j.2>
     534:	9e818a93          	addi	s5,gp,-1560 # 20034298 <j.2>
     538:	9d418a13          	addi	s4,gp,-1580 # 20034284 <RetData.3>
     53c:	05276a63          	bltu	a4,s2,590 <process_thread_program_process+0xee>
			if((RetData & SPIROM_SR_WEL_MASK) == 0) {
     540:	000a2783          	lw	a5,0(s4)
     544:	8b89                	andi	a5,a5,2
     546:	e7bd                	bnez	a5,5b4 <process_thread_program_process+0x112>
     548:	a829                	j	562 <process_thread_program_process+0xc0>
			flash_addr = ((flash_ops_data *)data)->flash_addr;
     54a:	4218                	lw	a4,0(a2)
     54c:	9ee1a223          	sw	a4,-1564(gp) # 20034294 <flash_addr.7>
			remain_size = ((flash_ops_data *)data)->size;
     550:	00865703          	lhu	a4,8(a2)
     554:	9ee1a823          	sw	a4,-1552(gp) # 200342a0 <remain_size.6>
			data_buf = ((flash_ops_data *)data)->data;
     558:	425c                	lw	a5,4(a2)
     55a:	9cf1ae23          	sw	a5,-1572(gp) # 2003428c <data_buf.5>
			if((unsigned int)data_buf & 0x3) { //data address is not 4 bytes aligned
     55e:	8b8d                	andi	a5,a5,3
     560:	dfd9                	beqz	a5,4fe <process_thread_program_process+0x5c>
				ret = -1;
     562:	567d                	li	a2,-1
		process_post(&flash_prog_process, PROCESS_EVENT_CONTINUE, (void *)ret);
     564:	20034537          	lui	a0,0x20034
     568:	08500593          	li	a1,133
     56c:	03450513          	addi	a0,a0,52 # 20034034 <flash_prog_process>
     570:	646020ef          	jal	ra,2bb6 <process_post>
		PROCESS_WAIT_EVENT();
     574:	0b700793          	li	a5,183
				PROCESS_YIELD();
     578:	00f41023          	sh	a5,0(s0)
     57c:	4505                	li	a0,1
}
     57e:	40f2                	lw	ra,28(sp)
     580:	4462                	lw	s0,24(sp)
     582:	44d2                	lw	s1,20(sp)
     584:	4942                	lw	s2,16(sp)
     586:	49b2                	lw	s3,12(sp)
     588:	4a22                	lw	s4,8(sp)
     58a:	4a92                	lw	s5,4(sp)
     58c:	6105                	addi	sp,sp,32
     58e:	8082                	ret
				result = spirom_cmd_send(&flash_dev, SPIROM_CMD_RDST, 0x0, 0, NULL, &RetData);
     590:	9d418793          	addi	a5,gp,-1580 # 20034284 <RetData.3>
     594:	4701                	li	a4,0
     596:	4681                	li	a3,0
     598:	4601                	li	a2,0
     59a:	4589                	li	a1,2
     59c:	05448513          	addi	a0,s1,84
     5a0:	560030ef          	jal	ra,3b00 <spirom_cmd_send>
				if(result != 0) {
     5a4:	fd5d                	bnez	a0,562 <process_thread_program_process+0xc0>
				if(RetData & SPIROM_SR_BP_MASK) {
     5a6:	000a2783          	lw	a5,0(s4)
     5aa:	03c7f713          	andi	a4,a5,60
     5ae:	fb55                	bnez	a4,562 <process_thread_program_process+0xc0>
				} else if(RetData & SPIROM_SR_WEL_MASK) {
     5b0:	8b89                	andi	a5,a5,2
     5b2:	cf8d                	beqz	a5,5ec <process_thread_program_process+0x14a>
			result = spirom_cmd_send(&flash_dev, SPIROM_CMD_PROGRAM, flash_addr, step_size,
     5b4:	9dc1a703          	lw	a4,-1572(gp) # 2003428c <data_buf.5>
     5b8:	9f41a683          	lw	a3,-1548(gp) # 200342a4 <step_size.4>
     5bc:	9e41a603          	lw	a2,-1564(gp) # 20034294 <flash_addr.7>
     5c0:	9d418793          	addi	a5,gp,-1580 # 20034284 <RetData.3>
     5c4:	4599                	li	a1,6
     5c6:	05448513          	addi	a0,s1,84
     5ca:	536030ef          	jal	ra,3b00 <spirom_cmd_send>
			if(result != 0) {
     5ce:	f951                	bnez	a0,562 <process_thread_program_process+0xc0>
			for(j = 1; j < timeout; j++) {
     5d0:	4785                	li	a5,1
     5d2:	00faa023          	sw	a5,0(s5)
     5d6:	9e81a703          	lw	a4,-1560(gp) # 20034298 <j.2>
     5da:	9d418993          	addi	s3,gp,-1580 # 20034284 <RetData.3>
     5de:	03276663          	bltu	a4,s2,60a <process_thread_program_process+0x168>
			if((RetData & (SPIROM_SR_WIP_MASK | SPIROM_SR_WEL_MASK)) != 0) {
     5e2:	0009a783          	lw	a5,0(s3)
     5e6:	8b8d                	andi	a5,a5,3
     5e8:	c3a1                	beqz	a5,628 <process_thread_program_process+0x186>
     5ea:	bfa5                	j	562 <process_thread_program_process+0xc0>
				process_poll(&program_process);
     5ec:	20034537          	lui	a0,0x20034
     5f0:	04450513          	addi	a0,a0,68 # 20034044 <program_process>
     5f4:	648020ef          	jal	ra,2c3c <process_poll>
				PROCESS_YIELD();
     5f8:	0da00793          	li	a5,218
     5fc:	bfb5                	j	578 <process_thread_program_process+0xd6>
			for(j = 1; j < timeout; j++) {
     5fe:	9e818793          	addi	a5,gp,-1560 # 20034298 <j.2>
     602:	4398                	lw	a4,0(a5)
     604:	0705                	addi	a4,a4,1
     606:	c398                	sw	a4,0(a5)
     608:	b725                	j	530 <process_thread_program_process+0x8e>
				result = spirom_cmd_send(&flash_dev, SPIROM_CMD_RDST, 0x0, 0, NULL, &RetData);
     60a:	9d418793          	addi	a5,gp,-1580 # 20034284 <RetData.3>
     60e:	4701                	li	a4,0
     610:	4681                	li	a3,0
     612:	4601                	li	a2,0
     614:	4589                	li	a1,2
     616:	05448513          	addi	a0,s1,84
     61a:	4e6030ef          	jal	ra,3b00 <spirom_cmd_send>
				if(result != 0) {
     61e:	f131                	bnez	a0,562 <process_thread_program_process+0xc0>
				if((RetData & (SPIROM_SR_WIP_MASK | SPIROM_SR_WEL_MASK)) == 0) {
     620:	0009a783          	lw	a5,0(s3)
     624:	8b8d                	andi	a5,a5,3
     626:	e795                	bnez	a5,652 <process_thread_program_process+0x1b0>
			flash_addr += step_size;
     628:	9e418713          	addi	a4,gp,-1564 # 20034294 <flash_addr.7>
     62c:	9f41a683          	lw	a3,-1548(gp) # 200342a4 <step_size.4>
     630:	431c                	lw	a5,0(a4)
		ret = 0;
     632:	4601                	li	a2,0
			flash_addr += step_size;
     634:	97b6                	add	a5,a5,a3
     636:	c31c                	sw	a5,0(a4)
			data_buf += step_size;
     638:	9dc18713          	addi	a4,gp,-1572 # 2003428c <data_buf.5>
     63c:	431c                	lw	a5,0(a4)
     63e:	97b6                	add	a5,a5,a3
     640:	c31c                	sw	a5,0(a4)
			remain_size -= step_size;
     642:	9f018713          	addi	a4,gp,-1552 # 200342a0 <remain_size.6>
     646:	431c                	lw	a5,0(a4)
     648:	8f95                	sub	a5,a5,a3
     64a:	c31c                	sw	a5,0(a4)
		}while(remain_size);
     64c:	ea0799e3          	bnez	a5,4fe <process_thread_program_process+0x5c>
     650:	bf11                	j	564 <process_thread_program_process+0xc2>
				process_poll(&program_process);
     652:	20034537          	lui	a0,0x20034
     656:	04450513          	addi	a0,a0,68 # 20034044 <program_process>
     65a:	5e2020ef          	jal	ra,2c3c <process_poll>
				PROCESS_YIELD();
     65e:	0f700793          	li	a5,247
     662:	bf19                	j	578 <process_thread_program_process+0xd6>

00000664 <flash_prog_init>:
    process_start(&flash_prog_process, NULL);
     664:	20034537          	lui	a0,0x20034
{
     668:	1141                	addi	sp,sp,-16
    process_start(&flash_prog_process, NULL);
     66a:	4581                	li	a1,0
     66c:	03450513          	addi	a0,a0,52 # 20034034 <flash_prog_process>
{
     670:	c606                	sw	ra,12(sp)
    process_start(&flash_prog_process, NULL);
     672:	59c020ef          	jal	ra,2c0e <process_start>
    process_start(&erase_a_block_process, NULL);
     676:	20034537          	lui	a0,0x20034
     67a:	4581                	li	a1,0
     67c:	00050513          	mv	a0,a0
     680:	58e020ef          	jal	ra,2c0e <process_start>
}
     684:	40b2                	lw	ra,12(sp)
    process_start(&program_process, NULL);
     686:	20034537          	lui	a0,0x20034
     68a:	4581                	li	a1,0
     68c:	04450513          	addi	a0,a0,68 # 20034044 <program_process>
}
     690:	0141                	addi	sp,sp,16
    process_start(&program_process, NULL);
     692:	57c0206f          	j	2c0e <process_start>

00000696 <erase_sectors>:

int32_t erase_sectors(void *addr)
{
	uint32_t flash_addr = *((uint32_t *)addr);

	if(flash_prog.flash_offset + flash_prog.erase_size > flash_addr) {  // erased already
     696:	200347b7          	lui	a5,0x20034
     69a:	01078793          	addi	a5,a5,16 # 20034010 <flash_prog>
     69e:	4398                	lw	a4,0(a5)
     6a0:	479c                	lw	a5,8(a5)
     6a2:	97ba                	add	a5,a5,a4
     6a4:	4118                	lw	a4,0(a0)
     6a6:	02f76163          	bltu	a4,a5,6c8 <erase_sectors+0x32>
     6aa:	862a                	mv	a2,a0
		return 0;
	} else {
		BOOT_LOG("era-%d-%d->", flash_addr, flash_prog.erase_size);
		process_post(&erase_a_block_process, PROCESS_EVENT_CONTINUE, addr);
     6ac:	20034537          	lui	a0,0x20034
{
     6b0:	1141                	addi	sp,sp,-16
		process_post(&erase_a_block_process, PROCESS_EVENT_CONTINUE, addr);
     6b2:	08500593          	li	a1,133
     6b6:	00050513          	mv	a0,a0
{
     6ba:	c606                	sw	ra,12(sp)
		process_post(&erase_a_block_process, PROCESS_EVENT_CONTINUE, addr);
     6bc:	4fa020ef          	jal	ra,2bb6 <process_post>
		return 1;
	}
}
     6c0:	40b2                	lw	ra,12(sp)
		process_post(&erase_a_block_process, PROCESS_EVENT_CONTINUE, addr);
     6c2:	4505                	li	a0,1
}
     6c4:	0141                	addi	sp,sp,16
     6c6:	8082                	ret
		return 0;
     6c8:	4501                	li	a0,0
}
     6ca:	8082                	ret

000006cc <process_thread_flash_prog_process>:

flash_ops_data flash_ops;

PROCESS_THREAD(flash_prog_process, ev, data)
{
     6cc:	1141                	addi	sp,sp,-16
	static int idx;
	static char event;

	PROCESS_BEGIN();
     6ce:	00055783          	lhu	a5,0(a0) # 20034000 <erase_a_block_process>
{
     6d2:	c422                	sw	s0,8(sp)
     6d4:	c606                	sw	ra,12(sp)
	PROCESS_BEGIN();
     6d6:	12800713          	li	a4,296
{
     6da:	842a                	mv	s0,a0
	PROCESS_BEGIN();
     6dc:	06e78763          	beq	a5,a4,74a <process_thread_flash_prog_process+0x7e>
     6e0:	00f76b63          	bltu	a4,a5,6f6 <process_thread_flash_prog_process+0x2a>
     6e4:	c3c1                	beqz	a5,764 <process_thread_flash_prog_process+0x98>
     6e6:	12200713          	li	a4,290
     6ea:	02e78d63          	beq	a5,a4,724 <process_thread_flash_prog_process+0x58>
			process_post(&uart_boot_process,  event, NULL);
			BOOT_LOG("out-%d->", flash_ops.ctrl_idx);
		}
	}

	PROCESS_END();
     6ee:	00041023          	sh	zero,0(s0)
     6f2:	450d                	li	a0,3
     6f4:	a8ad                	j	76e <process_thread_flash_prog_process+0xa2>
	PROCESS_BEGIN();
     6f6:	14100713          	li	a4,321
     6fa:	0ae78163          	beq	a5,a4,79c <process_thread_flash_prog_process+0xd0>
     6fe:	14f00713          	li	a4,335
     702:	fee796e3          	bne	a5,a4,6ee <process_thread_flash_prog_process+0x22>
				if(ev != PROCESS_EVENT_BUF_RDY) {
     706:	47c5                	li	a5,17
     708:	10f58d63          	beq	a1,a5,822 <process_thread_flash_prog_process+0x156>
			if((int)data)  {
     70c:	ee41                	bnez	a2,7a4 <process_thread_flash_prog_process+0xd8>
			event = PROCESS_EVENT_BUF_FREE;
     70e:	4749                	li	a4,18
     710:	9ee18023          	sb	a4,-1568(gp) # 20034290 <event.1>
			flash_prog.cnt++;
     714:	200347b7          	lui	a5,0x20034
     718:	01078793          	addi	a5,a5,16 # 20034010 <flash_prog>
     71c:	47d8                	lw	a4,12(a5)
     71e:	0705                	addi	a4,a4,1
     720:	c7d8                	sw	a4,12(a5)
     722:	a061                	j	7aa <process_thread_flash_prog_process+0xde>
		if(ev == PROCESS_EVENT_ERASE) {
     724:	47d1                	li	a5,20
     726:	08f59d63          	bne	a1,a5,7c0 <process_thread_flash_prog_process+0xf4>
			flash_ops.flash_addr = flash_prog.flash_offset;
     72a:	200347b7          	lui	a5,0x20034
     72e:	0107a703          	lw	a4,16(a5) # 20034010 <flash_prog>
     732:	a6e1ae23          	sw	a4,-1412(gp) # 2003432c <flash_ops>
			event = PROCESS_EVENT_PROG_OK;
     736:	4755                	li	a4,21
     738:	9ee18023          	sb	a4,-1568(gp) # 20034290 <event.1>
				if(erase_sectors(&flash_ops.flash_addr)) {
     73c:	a7c18513          	addi	a0,gp,-1412 # 2003432c <flash_ops>
     740:	3f99                	jal	696 <erase_sectors>
     742:	c531                	beqz	a0,78e <process_thread_flash_prog_process+0xc2>
					PROCESS_WAIT_EVENT();
     744:	12800793          	li	a5,296
     748:	a005                	j	768 <process_thread_flash_prog_process+0x9c>
					if((int)data) {
     74a:	c615                	beqz	a2,776 <process_thread_flash_prog_process+0xaa>
						event = PROCESS_EVENT_PROG_ERR;
     74c:	474d                	li	a4,19
     74e:	9ee18023          	sb	a4,-1568(gp) # 20034290 <event.1>
			process_post(&uart_boot_process,  event, NULL);
     752:	20034537          	lui	a0,0x20034
     756:	9e01c583          	lbu	a1,-1568(gp) # 20034290 <event.1>
     75a:	4601                	li	a2,0
     75c:	07450513          	addi	a0,a0,116 # 20034074 <uart_boot_process>
     760:	456020ef          	jal	ra,2bb6 <process_post>
		PROCESS_WAIT_EVENT();
     764:	12200793          	li	a5,290
					PROCESS_WAIT_EVENT();
     768:	00f41023          	sh	a5,0(s0)
     76c:	4505                	li	a0,1
}
     76e:	40b2                	lw	ra,12(sp)
     770:	4422                	lw	s0,8(sp)
     772:	0141                	addi	sp,sp,16
     774:	8082                	ret
					flash_ops.flash_addr = flash_prog.flash_offset + flash_prog.erase_size;
     776:	200347b7          	lui	a5,0x20034
     77a:	01078793          	addi	a5,a5,16 # 20034010 <flash_prog>
     77e:	4790                	lw	a2,8(a5)
     780:	4394                	lw	a3,0(a5)
     782:	96b2                	add	a3,a3,a2
     784:	a6d1ae23          	sw	a3,-1412(gp) # 2003432c <flash_ops>
					flash_prog.cnt = flash_prog.total_size - flash_prog.erase_size;
     788:	43d8                	lw	a4,4(a5)
     78a:	8f11                	sub	a4,a4,a2
     78c:	c7d8                	sw	a4,12(a5)
			} while(flash_prog.cnt > 0);
     78e:	200347b7          	lui	a5,0x20034
     792:	01c7a783          	lw	a5,28(a5) # 2003401c <flash_prog+0xc>
     796:	faf043e3          	bgtz	a5,73c <process_thread_flash_prog_process+0x70>
     79a:	bf65                	j	752 <process_thread_flash_prog_process+0x86>
					if(ev != PROCESS_EVENT_BUF_RDY) {
     79c:	47c5                	li	a5,17
     79e:	06f58563          	beq	a1,a5,808 <process_thread_flash_prog_process+0x13c>
				if((int)data) {
     7a2:	c635                	beqz	a2,80e <process_thread_flash_prog_process+0x142>
					event = PROCESS_EVENT_PROG_ERR;
     7a4:	474d                	li	a4,19
     7a6:	9ee18023          	sb	a4,-1568(gp) # 20034290 <event.1>
			flash_set_buf_free();
     7aa:	275000ef          	jal	ra,121e <flash_set_buf_free>
			process_post(&uart_boot_process,  event, NULL);
     7ae:	20034537          	lui	a0,0x20034
     7b2:	9e01c583          	lbu	a1,-1568(gp) # 20034290 <event.1>
     7b6:	4601                	li	a2,0
     7b8:	07450513          	addi	a0,a0,116 # 20034074 <uart_boot_process>
     7bc:	3fa020ef          	jal	ra,2bb6 <process_post>
			idx = flash_get_rdy_buf();
     7c0:	20b000ef          	jal	ra,11ca <flash_get_rdy_buf>
			if(idx < 0)
     7c4:	fa0540e3          	bltz	a0,764 <process_thread_flash_prog_process+0x98>
			flash_ops.data = flash_prog.data_ctrl[idx].buf_idx * LOAD_BLK_SIZE + flash_prog.load_base;
     7c8:	200347b7          	lui	a5,0x20034
     7cc:	01078793          	addi	a5,a5,16 # 20034010 <flash_prog>
     7d0:	00450613          	addi	a2,a0,4
     7d4:	20f64633          	sh2add	a2,a2,a5
     7d8:	00865703          	lhu	a4,8(a2)
     7dc:	00c71593          	slli	a1,a4,0xc
     7e0:	4b98                	lw	a4,16(a5)
     7e2:	a7c18693          	addi	a3,gp,-1412 # 2003432c <flash_ops>
     7e6:	972e                	add	a4,a4,a1
     7e8:	c2d8                	sw	a4,4(a3)
			flash_ops.flash_addr = flash_prog.flash_offset + LOAD_BLK_SIZE * flash_prog.cnt;
     7ea:	47d8                	lw	a4,12(a5)
     7ec:	439c                	lw	a5,0(a5)
     7ee:	0732                	slli	a4,a4,0xc
     7f0:	97ba                	add	a5,a5,a4
     7f2:	c29c                	sw	a5,0(a3)
			flash_ops.size = flash_prog.data_ctrl[idx].size;
     7f4:	00665783          	lhu	a5,6(a2)
			flash_ops.ctrl_idx = idx;
     7f8:	00a69523          	sh	a0,10(a3)
			if(erase_sectors(&flash_ops.flash_addr)) {
     7fc:	a7c18513          	addi	a0,gp,-1412 # 2003432c <flash_ops>
			flash_ops.size = flash_prog.data_ctrl[idx].size;
     800:	00f69423          	sh	a5,8(a3)
			if(erase_sectors(&flash_ops.flash_addr)) {
     804:	3d49                	jal	696 <erase_sectors>
     806:	c501                	beqz	a0,80e <process_thread_flash_prog_process+0x142>
					PROCESS_WAIT_EVENT();
     808:	14100793          	li	a5,321
     80c:	bfb1                	j	768 <process_thread_flash_prog_process+0x9c>
			process_post(&program_process, PROCESS_EVENT_CONTINUE, (void *)&flash_ops);
     80e:	20034537          	lui	a0,0x20034
     812:	a7c18613          	addi	a2,gp,-1412 # 2003432c <flash_ops>
     816:	08500593          	li	a1,133
     81a:	04450513          	addi	a0,a0,68 # 20034044 <program_process>
     81e:	398020ef          	jal	ra,2bb6 <process_post>
				PROCESS_WAIT_EVENT();
     822:	14f00793          	li	a5,335
     826:	b789                	j	768 <process_thread_flash_prog_process+0x9c>

00000828 <GPIOA_EventCallback>:
    GPIOA_Event |= event;
     828:	9f818793          	addi	a5,gp,-1544 # 200342a8 <GPIOA_Event>
     82c:	4398                	lw	a4,0(a5)
     82e:	8f49                	or	a4,a4,a0
     830:	c398                	sw	a4,0(a5)
	if(trigger_cnt < GPIO_TRIGGER_CNT_MAX) {
     832:	a1418713          	addi	a4,gp,-1516 # 200342c4 <trigger_cnt>
     836:	4314                	lw	a3,0(a4)
     838:	4725                	li	a4,9
     83a:	a1418793          	addi	a5,gp,-1516 # 200342c4 <trigger_cnt>
     83e:	00d76a63          	bltu	a4,a3,852 <GPIOA_EventCallback+0x2a>
		trigger_records[trigger_cnt] = __RV_CSR_READ(CSR_MCYCLE);
     842:	b0002673          	csrr	a2,mcycle
     846:	4398                	lw	a4,0(a5)
     848:	a9818693          	addi	a3,gp,-1384 # 20034348 <trigger_records>
     84c:	20d74733          	sh2add	a4,a4,a3
     850:	c310                	sw	a2,0(a4)
    trigger_cnt++;
     852:	4398                	lw	a4,0(a5)
     854:	0705                	addi	a4,a4,1
     856:	c398                	sw	a4,0(a5)
}
     858:	8082                	ret

0000085a <process_thread_led_process>:
{
     85a:	1101                	addi	sp,sp,-32
	PROCESS_BEGIN();
     85c:	00055783          	lhu	a5,0(a0)
{
     860:	ca26                	sw	s1,20(sp)
     862:	ce06                	sw	ra,28(sp)
     864:	cc22                	sw	s0,24(sp)
     866:	c84a                	sw	s2,16(sp)
     868:	c64e                	sw	s3,12(sp)
     86a:	c452                	sw	s4,8(sp)
     86c:	84aa                	mv	s1,a0
	PROCESS_BEGIN();
     86e:	10078f63          	beqz	a5,98c <process_thread_led_process+0x132>
     872:	06700713          	li	a4,103
     876:	18e79463          	bne	a5,a4,9fe <process_thread_led_process+0x1a4>
		PROCESS_WAIT_EVENT_UNTIL(etimer_expired(&timer));
     87a:	a8818513          	addi	a0,gp,-1400 # 20034338 <timer.5>
     87e:	130020ef          	jal	ra,29ae <etimer_expired>
     882:	4985                	li	s3,1
     884:	16050463          	beqz	a0,9ec <process_thread_led_process+0x192>
		if(!state) {
     888:	a1018a13          	addi	s4,gp,-1520 # 200342c0 <state.2>
     88c:	000a2783          	lw	a5,0(s4)
     890:	9fc18413          	addi	s0,gp,-1540 # 200342ac <GPIOA_Handler.4>
     894:	efb9                	bnez	a5,8f2 <process_thread_led_process+0x98>
			if(GPIO_PinRead(GPIOA_Handler, (1UL << PIN_BOOT_OPT))) {
     896:	4008                	lw	a0,0(s0)
     898:	4585                	li	a1,1
     89a:	075020ef          	jal	ra,310e <GPIO_PinRead>
     89e:	c931                	beqz	a0,8f2 <process_thread_led_process+0x98>
				IOMuxManager_PinConfigure (CSK_IOMUX_PAD_A, PIN_BOOT_TX, IOMUX_PIN_BOOT_UART);
     8a0:	4609                	li	a2,2
     8a2:	4581                	li	a1,0
     8a4:	4501                	li	a0,0
     8a6:	145020ef          	jal	ra,31ea <IOMuxManager_PinConfigure>
				IOMuxManager_PinConfigure (CSK_IOMUX_PAD_A, PIN_BOOT_RX, CSK_IOMUX_FUNC_DEFAULT);
     8aa:	4601                	li	a2,0
     8ac:	4585                	li	a1,1
     8ae:	4501                	li	a0,0
     8b0:	13b020ef          	jal	ra,31ea <IOMuxManager_PinConfigure>
				GPIO_Control(GPIOA_Handler, CSK_GPIO_MODE_PULL_UP, (1UL << PIN_BOOT_RX));
     8b4:	4008                	lw	a0,0(s0)
     8b6:	4609                	li	a2,2
     8b8:	04000593          	li	a1,64
     8bc:	690020ef          	jal	ra,2f4c <GPIO_Control>
			    GPIO_SetDir(GPIOA_Handler, (1UL << PIN_BOOT_RX), CSK_GPIO_DIR_INPUT);
     8c0:	4008                	lw	a0,0(s0)
     8c2:	4601                	li	a2,0
     8c4:	4589                	li	a1,2
     8c6:	081020ef          	jal	ra,3146 <GPIO_SetDir>
			    GPIO_Control(GPIOA_Handler, CSK_GPIO_DEBOUNCE_DISABLE | \
     8ca:	4008                	lw	a0,0(s0)
     8cc:	4609                	li	a2,2
     8ce:	21400593          	li	a1,532
     8d2:	67a020ef          	jal	ra,2f4c <GPIO_Control>
			    GPIO_Control(GPIOA_Handler, CSK_GPIO_INTR_ENABLE, (1UL << PIN_BOOT_RX));
     8d6:	4008                	lw	a0,0(s0)
     8d8:	4609                	li	a2,2
     8da:	4589                	li	a1,2
     8dc:	670020ef          	jal	ra,2f4c <GPIO_Control>
				uart_init();
     8e0:	75d000ef          	jal	ra,183c <uart_init>
				etimer_set(&timer, CLOCK_SECOND / 8);
     8e4:	4591                	li	a1,4
     8e6:	a8818513          	addi	a0,gp,-1400 # 20034338 <timer.5>
     8ea:	09c020ef          	jal	ra,2986 <etimer_set>
				state = 1;    // update state
     8ee:	013a2023          	sw	s3,0(s4)
		if(trigger_cnt >= 6) {
     8f2:	a1418713          	addi	a4,gp,-1516 # 200342c4 <trigger_cnt>
     8f6:	4314                	lw	a3,0(a4)
     8f8:	4715                	li	a4,5
     8fa:	a1418993          	addi	s3,gp,-1516 # 200342c4 <trigger_cnt>
     8fe:	06d77563          	bgeu	a4,a3,968 <process_thread_led_process+0x10e>
			uint32_t interval_1 = trigger_records[1] - trigger_records[0];
     902:	a9818793          	addi	a5,gp,-1384 # 20034348 <trigger_records>
     906:	43d0                	lw	a2,4(a5)
     908:	438c                	lw	a1,0(a5)
			if(interval_1 == 1 && interval_2 == 5 && interval_3 == 9) {
     90a:	f3860613          	addi	a2,a2,-200
			uint32_t interval_2 = trigger_records[3] - trigger_records[2];
     90e:	47d4                	lw	a3,12(a5)
			if(interval_1 == 1 && interval_2 == 5 && interval_3 == 9) {
     910:	8e0d                	sub	a2,a2,a1
			uint32_t interval_2 = trigger_records[3] - trigger_records[2];
     912:	0087a803          	lw	a6,8(a5)
			if(interval_1 == 1 && interval_2 == 5 && interval_3 == 9) {
     916:	0c700593          	li	a1,199
			uint32_t interval_3 = trigger_records[5] - trigger_records[4];
     91a:	4bd8                	lw	a4,20(a5)
     91c:	4b88                	lw	a0,16(a5)
			if(interval_1 == 1 && interval_2 == 5 && interval_3 == 9) {
     91e:	04c5e363          	bltu	a1,a2,964 <process_thread_led_process+0x10a>
     922:	c1868693          	addi	a3,a3,-1000
     926:	410686b3          	sub	a3,a3,a6
     92a:	02d5ed63          	bltu	a1,a3,964 <process_thread_led_process+0x10a>
     92e:	8f870793          	addi	a5,a4,-1800 # 8f8 <process_thread_led_process+0x9e>
     932:	8f89                	sub	a5,a5,a0
     934:	02f5e863          	bltu	a1,a5,964 <process_thread_led_process+0x10a>
				GPIO_Control(GPIOA_Handler, CSK_GPIO_INTR_DISABLE, (1UL << PIN_BOOT_RX));
     938:	4008                	lw	a0,0(s0)
     93a:	4609                	li	a2,2
     93c:	4585                	li	a1,1
     93e:	60e020ef          	jal	ra,2f4c <GPIO_Control>
				IOMuxManager_PinConfigure (CSK_IOMUX_PAD_A, PIN_BOOT_RX, IOMUX_PIN_BOOT_UART);
     942:	4609                	li	a2,2
     944:	4585                	li	a1,1
     946:	4501                	li	a0,0
     948:	0a3020ef          	jal	ra,31ea <IOMuxManager_PinConfigure>
				uart_dev_mode(CSK_UART_MODE_ASYNCHRONOUS_TIMEOUT);
     94c:	4509                	li	a0,2
     94e:	67f000ef          	jal	ra,17cc <uart_dev_mode>
				uart_dev_init(115200);
     952:	6571                	lui	a0,0x1c
     954:	20050513          	addi	a0,a0,512 # 1c200 <_data_lma+0x174c0>
     958:	687000ef          	jal	ra,17de <uart_dev_init>
				uart_dev_event(CSK_UART_EVENT_RX_TIMEOUT);
     95c:	04000513          	li	a0,64
     960:	653000ef          	jal	ra,17b2 <uart_dev_event>
			trigger_cnt = 0;
     964:	0009a023          	sw	zero,0(s3)
		val = val ? 0 : 1;
     968:	200347b7          	lui	a5,0x20034
     96c:	0b078793          	addi	a5,a5,176 # 200340b0 <val.3>
     970:	4390                	lw	a2,0(a5)
		GPIO_PinWrite(GPIOA_Handler, 1UL << PIN_BOOT_LED, val);
     972:	4008                	lw	a0,0(s0)
		val = val ? 0 : 1;
     974:	00163613          	seqz	a2,a2
		GPIO_PinWrite(GPIOA_Handler, 1UL << PIN_BOOT_LED, val);
     978:	40000593          	li	a1,1024
		val = val ? 0 : 1;
     97c:	c390                	sw	a2,0(a5)
		GPIO_PinWrite(GPIOA_Handler, 1UL << PIN_BOOT_LED, val);
     97e:	756020ef          	jal	ra,30d4 <GPIO_PinWrite>
		etimer_reset(&timer);
     982:	a8818513          	addi	a0,gp,-1400 # 20034338 <timer.5>
     986:	014020ef          	jal	ra,299a <etimer_reset>
		PROCESS_WAIT_EVENT_UNTIL(etimer_expired(&timer));
     98a:	a8a1                	j	9e2 <process_thread_led_process+0x188>
	etimer_set(&timer, CLOCK_SECOND / 16);
     98c:	4589                	li	a1,2
     98e:	a8818513          	addi	a0,gp,-1400 # 20034338 <timer.5>
     992:	7f5010ef          	jal	ra,2986 <etimer_set>
	IOMuxManager_PinConfigure (CSK_IOMUX_PAD_A, PIN_BOOT_LED, IOMUX_PIN_BOOT_LED);
     996:	4601                	li	a2,0
     998:	45a9                	li	a1,10
     99a:	4501                	li	a0,0
     99c:	04f020ef          	jal	ra,31ea <IOMuxManager_PinConfigure>
	GPIOA_Handler = GPIOA();
     9a0:	516020ef          	jal	ra,2eb6 <GPIOA>
	GPIO_Initialize(GPIOA_Handler, GPIOA_EventCallback, NULL);
     9a4:	6585                	lui	a1,0x1
	GPIOA_Handler = GPIOA();
     9a6:	9fc18413          	addi	s0,gp,-1540 # 200342ac <GPIOA_Handler.4>
	GPIO_Initialize(GPIOA_Handler, GPIOA_EventCallback, NULL);
     9aa:	4601                	li	a2,0
     9ac:	82858593          	addi	a1,a1,-2008 # 828 <GPIOA_EventCallback>
	GPIOA_Handler = GPIOA();
     9b0:	c008                	sw	a0,0(s0)
	GPIO_Initialize(GPIOA_Handler, GPIOA_EventCallback, NULL);
     9b2:	50a020ef          	jal	ra,2ebc <GPIO_Initialize>
	GPIO_Control(GPIOA_Handler, CSK_GPIO_MODE_PULL_NONE | \
     9b6:	4008                	lw	a0,0(s0)
     9b8:	40000613          	li	a2,1024
     9bc:	22000593          	li	a1,544
     9c0:	58c020ef          	jal	ra,2f4c <GPIO_Control>
	GPIO_SetDir(GPIOA_Handler, 1UL << PIN_BOOT_LED, CSK_GPIO_DIR_OUTPUT);
     9c4:	4008                	lw	a0,0(s0)
     9c6:	4605                	li	a2,1
     9c8:	40000593          	li	a1,1024
     9cc:	77a020ef          	jal	ra,3146 <GPIO_SetDir>
	GPIO_PinWrite(GPIOA_Handler, 1UL << PIN_BOOT_LED, val);
     9d0:	200347b7          	lui	a5,0x20034
     9d4:	0b07a603          	lw	a2,176(a5) # 200340b0 <val.3>
     9d8:	4008                	lw	a0,0(s0)
     9da:	40000593          	li	a1,1024
     9de:	6f6020ef          	jal	ra,30d4 <GPIO_PinWrite>
		PROCESS_WAIT_EVENT_UNTIL(etimer_expired(&timer));
     9e2:	06700793          	li	a5,103
     9e6:	00f49023          	sh	a5,0(s1)
     9ea:	4985                	li	s3,1
}
     9ec:	40f2                	lw	ra,28(sp)
     9ee:	4462                	lw	s0,24(sp)
     9f0:	44d2                	lw	s1,20(sp)
     9f2:	4942                	lw	s2,16(sp)
     9f4:	4a22                	lw	s4,8(sp)
     9f6:	854e                	mv	a0,s3
     9f8:	49b2                	lw	s3,12(sp)
     9fa:	6105                	addi	sp,sp,32
     9fc:	8082                	ret
	PROCESS_END();
     9fe:	00051023          	sh	zero,0(a0)
     a02:	498d                	li	s3,3
     a04:	b7e5                	j	9ec <process_thread_led_process+0x192>

00000a06 <run_image>:
{
     a06:	1141                	addi	sp,sp,-16
     a08:	c606                	sw	ra,12(sp)
 * \remarks
 *          Can only be executed in Privileged modes.
 */
__STATIC_FORCEINLINE void __disable_irq(void)
{
    __RV_CSR_CLEAR(CSR_MSTATUS, MSTATUS_MIE);
     a0a:	30047073          	csrci	mstatus,8
 * \sa
 * - \ref ECLIC_EnableIRQ
 */
__STATIC_FORCEINLINE void __ECLIC_DisableIRQ(IRQn_Type IRQn)
{
    ECLIC->CTRL[IRQn].INTIE &= ~CLIC_INTIE_IE_Msk;
     a0e:	f2418713          	addi	a4,gp,-220 # 200347d4 <SystemIRegionInfo>
     a12:	4354                	lw	a3,4(a4)
     a14:	6585                	lui	a1,0x1
     a16:	96ae                	add	a3,a3,a1
     a18:	01d6c603          	lbu	a2,29(a3)
     a1c:	0fe67613          	andi	a2,a2,254
     a20:	00c68ea3          	sb	a2,29(a3)
 * - \ref ECLIC_SetPendingIRQ
 * - \ref ECLIC_GetPendingIRQ
 */
__STATIC_FORCEINLINE void __ECLIC_ClearPendingIRQ(IRQn_Type IRQn)
{
    ECLIC->CTRL[IRQn].INTIP &= ~CLIC_INTIP_IP_Msk;
     a24:	435c                	lw	a5,4(a4)
     a26:	97ae                	add	a5,a5,a1
     a28:	01c7c703          	lbu	a4,28(a5)
     a2c:	0fe77713          	andi	a4,a4,254
     a30:	00e78e23          	sb	a4,28(a5)
	pFunEntry();
     a34:	9502                	jalr	a0
	while(1);
     a36:	a001                	j	a36 <run_image+0x30>

00000a38 <boot_flash>:
	vma = *(uint32_t *)(AP_FLASH_BASE + IMG_VMA_OFFSET);
     a38:	30000737          	lui	a4,0x30000
     a3c:	0a872783          	lw	a5,168(a4) # 300000a8 <_sp+0xffc80a8>
{
     a40:	1141                	addi	sp,sp,-16
	if((vma & 0xF0000000) != 0x30000000 ) {
     a42:	f00006b7          	lui	a3,0xf0000
{
     a46:	c606                	sw	ra,12(sp)
	if((vma & 0xF0000000) != 0x30000000 ) {
     a48:	8efd                	and	a3,a3,a5
     a4a:	00e68963          	beq	a3,a4,a5c <boot_flash+0x24>
		memcpy((uint8_t *)vma, (uint8_t *)AP_FLASH_BASE, size);
     a4e:	0a472603          	lw	a2,164(a4)
     a52:	853e                	mv	a0,a5
     a54:	300005b7          	lui	a1,0x30000
     a58:	2135                	jal	e84 <__wrap_memcpy>
     a5a:	87aa                	mv	a5,a0
 * \sa
 * - \ref DisableICache
*/
__STATIC_FORCEINLINE void EnableICache(void)
{
    __RV_CSR_SET(CSR_MCACHE_CTL, MCACHE_CTL_IC_EN);
     a5c:	7ca0e073          	csrsi	mcache_ctl,1
    __RWMB();
     a60:	0ff0000f          	fence
 * The FENCE.I instruction is used to synchronize the instruction
 * and data streams.
 */
__STATIC_FORCEINLINE void __FENCE_I(void)
{
    __ASM volatile("fence.i");
     a64:	0000100f          	fence.i
	run_image((uint8_t *)vma); //never return
     a68:	853e                	mv	a0,a5
     a6a:	3f71                	jal	a06 <run_image>

00000a6c <system_init>:
{
     a6c:	1141                	addi	sp,sp,-16
	 HAL_CRM_SetAp_peri_pclkClkDiv(1, 1);
     a6e:	4585                	li	a1,1
     a70:	4505                	li	a0,1
{
     a72:	c606                	sw	ra,12(sp)
	 HAL_CRM_SetAp_peri_pclkClkDiv(1, 1);
     a74:	294020ef          	jal	ra,2d08 <HAL_CRM_SetAp_peri_pclkClkDiv>
	__HAL_CRM_FLASH_CLK_ENABLE();
     a78:	480007b7          	lui	a5,0x48000
     a7c:	4798                	lw	a4,8(a5)
	flash_init(&flash_dev, FLASH_SPI_IGNORE_QE | FLASH_SPI_RELEASE_DPD, 0);
     a7e:	20034537          	lui	a0,0x20034
	__HAL_CRM_FLASH_CLK_ENABLE();
     a82:	04076713          	ori	a4,a4,64
     a86:	c798                	sw	a4,8(a5)
	__HAL_CRM_GPIO0_CLK_ENABLE();
     a88:	4798                	lw	a4,8(a5)
	flash_init(&flash_dev, FLASH_SPI_IGNORE_QE | FLASH_SPI_RELEASE_DPD, 0);
     a8a:	4601                	li	a2,0
	__HAL_CRM_GPIO0_CLK_ENABLE();
     a8c:	00876713          	ori	a4,a4,8
     a90:	c798                	sw	a4,8(a5)
	__HAL_CRM_MTIME_CLK_ENABLE();
     a92:	5398                	lw	a4,32(a5)
	flash_init(&flash_dev, FLASH_SPI_IGNORE_QE | FLASH_SPI_RELEASE_DPD, 0);
     a94:	0c000593          	li	a1,192
	__HAL_CRM_MTIME_CLK_ENABLE();
     a98:	08076713          	ori	a4,a4,128
     a9c:	d398                	sw	a4,32(a5)
}
     a9e:	40b2                	lw	ra,12(sp)
	flash_init(&flash_dev, FLASH_SPI_IGNORE_QE | FLASH_SPI_RELEASE_DPD, 0);
     aa0:	05450513          	addi	a0,a0,84 # 20034054 <flash_dev>
}
     aa4:	0141                	addi	sp,sp,16
	flash_init(&flash_dev, FLASH_SPI_IGNORE_QE | FLASH_SPI_RELEASE_DPD, 0);
     aa6:	7eb0206f          	j	3a90 <flash_init>

00000aaa <contiki_init>:
{
     aaa:	1141                	addi	sp,sp,-16
     aac:	c606                	sw	ra,12(sp)
	clock_init();
     aae:	48d010ef          	jal	ra,273a <clock_init>
	process_init();
     ab2:	03a020ef          	jal	ra,2aec <process_init>
	process_start(&etimer_process, NULL);
     ab6:	20034537          	lui	a0,0x20034
     aba:	4581                	li	a1,0
     abc:	08450513          	addi	a0,a0,132 # 20034084 <etimer_process>
     ac0:	14e020ef          	jal	ra,2c0e <process_start>
}
     ac4:	40b2                	lw	ra,12(sp)
	process_start(&led_process, NULL);
     ac6:	20034537          	lui	a0,0x20034
     aca:	4581                	li	a1,0
     acc:	06450513          	addi	a0,a0,100 # 20034064 <led_process>
}
     ad0:	0141                	addi	sp,sp,16
	process_start(&led_process, NULL);
     ad2:	13c0206f          	j	2c0e <process_start>

00000ad6 <upgrade>:
{
     ad6:	1141                	addi	sp,sp,-16
     ad8:	c606                	sw	ra,12(sp)
    contiki_init();
     ada:	3fc1                	jal	aaa <contiki_init>
		  r = process_run();
     adc:	02a020ef          	jal	ra,2b06 <process_run>
		} while(r > 0);
     ae0:	bff5                	j	adc <upgrade+0x6>

00000ae2 <get_boot_opt>:
{
     ae2:	1141                	addi	sp,sp,-16
     ae4:	c606                	sw	ra,12(sp)
     ae6:	c226                	sw	s1,4(sp)
     ae8:	c04a                	sw	s2,0(sp)
     aea:	c422                	sw	s0,8(sp)
	void* GPIOA_Handler = GPIOA();
     aec:	3ca020ef          	jal	ra,2eb6 <GPIOA>
     af0:	84aa                	mv	s1,a0
	IOMuxManager_PinConfigure (CSK_IOMUX_PAD_A, PIN_BOOT_OPT, IOMUX_PIN_BOOT_OPT);
     af2:	4601                	li	a2,0
     af4:	4581                	li	a1,0
     af6:	4501                	li	a0,0
     af8:	6f2020ef          	jal	ra,31ea <IOMuxManager_PinConfigure>
	GPIO_Initialize(GPIOA_Handler, NULL, NULL);
     afc:	4601                	li	a2,0
     afe:	4581                	li	a1,0
     b00:	8526                	mv	a0,s1
     b02:	3ba020ef          	jal	ra,2ebc <GPIO_Initialize>
	GPIO_SetDir(GPIOA_Handler, (1UL << PIN_BOOT_OPT), CSK_GPIO_DIR_INPUT);  //CSK_GPIO_DIR_INPUT
     b06:	4601                	li	a2,0
     b08:	4585                	li	a1,1
     b0a:	8526                	mv	a0,s1
     b0c:	63a020ef          	jal	ra,3146 <GPIO_SetDir>
	ret = GPIO_PinRead(GPIOA_Handler, (1UL << PIN_BOOT_OPT));
     b10:	4585                	li	a1,1
     b12:	8526                	mv	a0,s1
     b14:	5fa020ef          	jal	ra,310e <GPIO_PinRead>
     b18:	892a                	mv	s2,a0
	if(!ret) {
     b1a:	e901                	bnez	a0,b2a <get_boot_opt+0x48>
		uint16_t cnt = boot_info.bit.DEBOUNCE_CNT;
     b1c:	a0018793          	addi	a5,gp,-1536 # 200342b0 <boot_info>
     b20:	0027d403          	lhu	s0,2(a5) # 48000002 <_sp+0x27fc8002>
			cnt--;
     b24:	08044433          	zext.h	s0,s0
		while(cnt > 0) {
     b28:	e801                	bnez	s0,b38 <get_boot_opt+0x56>
}
     b2a:	40b2                	lw	ra,12(sp)
     b2c:	4422                	lw	s0,8(sp)
     b2e:	4492                	lw	s1,4(sp)
     b30:	854a                	mv	a0,s2
     b32:	4902                	lw	s2,0(sp)
     b34:	0141                	addi	sp,sp,16
     b36:	8082                	ret
			ret = GPIO_PinRead(GPIOA_Handler, (1UL << PIN_BOOT_OPT));
     b38:	4585                	li	a1,1
     b3a:	8526                	mv	a0,s1
     b3c:	5d2020ef          	jal	ra,310e <GPIO_PinRead>
			if(ret)
     b40:	e119                	bnez	a0,b46 <get_boot_opt+0x64>
			cnt--;
     b42:	147d                	addi	s0,s0,-1
     b44:	b7c5                	j	b24 <get_boot_opt+0x42>
     b46:	892a                	mv	s2,a0
	return ret;
     b48:	b7cd                	j	b2a <get_boot_opt+0x48>

00000b4a <flash_otp_load>:
{
     b4a:	bf010113          	addi	sp,sp,-1040
     b4e:	40912223          	sw	s1,1028(sp)
	ret = flash_security_read(&flash_dev, FLASH_SEC_REG_1_ADDR, buf, USER_CMD_FIRST_READ_BYTES);
     b52:	200344b7          	lui	s1,0x20034
     b56:	10000693          	li	a3,256
     b5a:	860a                	mv	a2,sp
     b5c:	6585                	lui	a1,0x1
     b5e:	05448513          	addi	a0,s1,84 # 20034054 <flash_dev>
{
     b62:	40812423          	sw	s0,1032(sp)
     b66:	40112623          	sw	ra,1036(sp)
     b6a:	41212023          	sw	s2,1024(sp)
	ret = flash_security_read(&flash_dev, FLASH_SEC_REG_1_ADDR, buf, USER_CMD_FIRST_READ_BYTES);
     b6e:	6ec030ef          	jal	ra,425a <flash_security_read>
     b72:	842a                	mv	s0,a0
	if(ret)
     b74:	e10d                	bnez	a0,b96 <flash_otp_load+0x4c>
	if(header.valid_flag == USER_CMD_FLAG) {
     b76:	494157b7          	lui	a5,0x49415
     b7a:	4706                	lw	a4,64(sp)
     b7c:	34c78793          	addi	a5,a5,844 # 4941534c <_sp+0x293dd34c>
     b80:	00f71b63          	bne	a4,a5,b96 <flash_otp_load+0x4c>
     b84:	8526                	mv	a0,s1
	user_cmd_header_t header = otp_tbl->header;
     b86:	44a6                	lw	s1,72(sp)
		if(header.num > 0 && header.num <= USER_CMD_ITEM_NUM_MAX) {
     b88:	07500793          	li	a5,117
     b8c:	fff48713          	addi	a4,s1,-1
     b90:	00e7ff63          	bgeu	a5,a4,bae <flash_otp_load+0x64>
			ret = -1;
     b94:	547d                	li	s0,-1
}
     b96:	40c12083          	lw	ra,1036(sp)
     b9a:	8522                	mv	a0,s0
     b9c:	40812403          	lw	s0,1032(sp)
     ba0:	40412483          	lw	s1,1028(sp)
     ba4:	40012903          	lw	s2,1024(sp)
     ba8:	41010113          	addi	sp,sp,1040
     bac:	8082                	ret
	user_cmd_header_t header = otp_tbl->header;
     bae:	4696                	lw	a3,68(sp)
     bb0:	4936                	lw	s2,76(sp)
			if(header.reserved != 0) {
     bb2:	ce91                	beqz	a3,bce <flash_otp_load+0x84>
     bb4:	878a                	mv	a5,sp
     bb6:	0090                	addi	a2,sp,64
			uint32_t sum = 0;
     bb8:	4701                	li	a4,0
					sum += buf_u32[i];
     bba:	438c                	lw	a1,0(a5)
				for(int i = 0; i < (16); i++) {
     bbc:	0791                	addi	a5,a5,4
					sum += buf_u32[i];
     bbe:	972e                	add	a4,a4,a1
				for(int i = 0; i < (16); i++) {
     bc0:	fec79de3          	bne	a5,a2,bba <flash_otp_load+0x70>
				if(sum != header.reserved) {
     bc4:	fce698e3          	bne	a3,a4,b94 <flash_otp_load+0x4a>
				boot_info.all = buf_u32[BOOT_INFO_INDEX];
     bc8:	5772                	lw	a4,60(sp)
     bca:	a0e1a023          	sw	a4,-1536(gp) # 200342b0 <boot_info>
			if(header.num > USER_CMD_FIRST_ITEMS) { // the first 256-byte page only has 22 entries
     bce:	47d9                	li	a5,22
     bd0:	0697e663          	bltu	a5,s1,c3c <flash_otp_load+0xf2>
			for(int i = 20; i < (20 + header.num * 2); i++) {
     bd4:	878a                	mv	a5,sp
     bd6:	00a48693          	addi	a3,s1,10
     bda:	0686                	slli	a3,a3,0x1
     bdc:	85be                	mv	a1,a5
     bde:	4651                	li	a2,20
			sum = 0;
     be0:	4701                	li	a4,0
			for(int i = 20; i < (20 + header.num * 2); i++) {
     be2:	0591                	addi	a1,a1,4
     be4:	06d61a63          	bne	a2,a3,c58 <flash_otp_load+0x10e>
			if(sum != header.checksum) {
     be8:	fb2716e3          	bne	a4,s2,b94 <flash_otp_load+0x4a>
			for(int i = 0; i < header.num; i++) {
     bec:	4601                	li	a2,0
				val = buf_u32[item.tbl_row];
     bee:	0567c703          	lbu	a4,86(a5)
				uint32_t mask = (1 << (item.reg_end_bit - item.reg_start_bit + 1)) - 1;
     bf2:	0547c583          	lbu	a1,84(a5)
     bf6:	0557c683          	lbu	a3,85(a5)
				val = buf_u32[item.tbl_row];
     bfa:	40010813          	addi	a6,sp,1024
     bfe:	21074733          	sh2add	a4,a4,a6
				reg_addr = (volatile uint32_t *)item.reg_addr;
     c02:	4ba8                	lw	a0,80(a5)
				val >>= (item.tbl_col);
     c04:	0577c803          	lbu	a6,87(a5)
				val = buf_u32[item.tbl_row];
     c08:	c0072703          	lw	a4,-1024(a4)
				uint32_t mask = (1 << (item.reg_end_bit - item.reg_start_bit + 1)) - 1;
     c0c:	8e8d                	sub	a3,a3,a1
     c0e:	0685                	addi	a3,a3,1
				val >>= (item.tbl_col);
     c10:	01075733          	srl	a4,a4,a6
				uint32_t mask = (1 << (item.reg_end_bit - item.reg_start_bit + 1)) - 1;
     c14:	28d016b3          	bset	a3,zero,a3
			    reg_readout = *reg_addr;
     c18:	00052803          	lw	a6,0(a0)
				uint32_t mask = (1 << (item.reg_end_bit - item.reg_start_bit + 1)) - 1;
     c1c:	16fd                	addi	a3,a3,-1
				val <<= item.reg_start_bit;
     c1e:	00b71733          	sll	a4,a4,a1
				*reg_addr = (val | reg_readout);
     c22:	01074733          	xor	a4,a4,a6
				mask <<= item.reg_start_bit;
     c26:	00b696b3          	sll	a3,a3,a1
				*reg_addr = (val | reg_readout);
     c2a:	8f75                	and	a4,a4,a3
     c2c:	01074733          	xor	a4,a4,a6
     c30:	c118                	sw	a4,0(a0)
			for(int i = 0; i < header.num; i++) {
     c32:	0605                	addi	a2,a2,1
     c34:	07a1                	addi	a5,a5,8
     c36:	fa961ce3          	bne	a2,s1,bee <flash_otp_load+0xa4>
     c3a:	bfb1                	j	b96 <flash_otp_load+0x4c>
						(header.num - USER_CMD_FIRST_ITEMS) * sizeof(user_cmd_item_t));
     c3c:	fea48693          	addi	a3,s1,-22
				ret = flash_security_read(&flash_dev, FLASH_SEC_REG_1_ADDR + USER_CMD_FIRST_READ_BYTES, buf + USER_CMD_FIRST_READ_BYTES,
     c40:	6585                	lui	a1,0x1
     c42:	068e                	slli	a3,a3,0x3
     c44:	0210                	addi	a2,sp,256
     c46:	10058593          	addi	a1,a1,256 # 1100 <handle_mem_data+0x4>
     c4a:	05450513          	addi	a0,a0,84
     c4e:	60c030ef          	jal	ra,425a <flash_security_read>
				if(ret)
     c52:	d149                	beqz	a0,bd4 <flash_otp_load+0x8a>
     c54:	842a                	mv	s0,a0
     c56:	b781                	j	b96 <flash_otp_load+0x4c>
				sum += buf_u32[i];
     c58:	45e8                	lw	a0,76(a1)
			for(int i = 20; i < (20 + header.num * 2); i++) {
     c5a:	0605                	addi	a2,a2,1
				sum += buf_u32[i];
     c5c:	972a                	add	a4,a4,a0
			for(int i = 20; i < (20 + header.num * 2); i++) {
     c5e:	b751                	j	be2 <flash_otp_load+0x98>

00000c60 <header_verify>:
	if(buf[IMG_HDR_POS] == 'H' && buf[IMG_HDR_POS + 1] == 'r') {
     c60:	0a054703          	lbu	a4,160(a0)
     c64:	04800793          	li	a5,72
{
     c68:	86aa                	mv	a3,a0
	if(buf[IMG_HDR_POS] == 'H' && buf[IMG_HDR_POS + 1] == 'r') {
     c6a:	06f71d63          	bne	a4,a5,ce4 <header_verify+0x84>
     c6e:	0a154703          	lbu	a4,161(a0)
     c72:	07200793          	li	a5,114
	int8_t ret = FAIL;
     c76:	557d                	li	a0,-1
	if(buf[IMG_HDR_POS] == 'H' && buf[IMG_HDR_POS + 1] == 'r') {
     c78:	06f71763          	bne	a4,a5,ce6 <header_verify+0x86>
     c7c:	0a000793          	li	a5,160
	uint16_t i, sum = 0;
     c80:	4701                	li	a4,0
		for(i = IMG_HDR_POS; i < HDR_SUM_POS; i++) {
     c82:	0dc00613          	li	a2,220
			sum += buf[i];
     c86:	00f685b3          	add	a1,a3,a5
     c8a:	0005c503          	lbu	a0,0(a1)
		for(i = IMG_HDR_POS; i < HDR_SUM_POS; i++) {
     c8e:	0785                	addi	a5,a5,1
			sum += buf[i];
     c90:	972a                	add	a4,a4,a0
     c92:	08074733          	zext.h	a4,a4
		for(i = IMG_HDR_POS; i < HDR_SUM_POS; i++) {
     c96:	fec798e3          	bne	a5,a2,c86 <header_verify+0x26>
		if(sum != (buf[HDR_SUM_POS] + (buf[HDR_SUM_POS + 1] << 8))) {
     c9a:	0dd6c603          	lbu	a2,221(a3) # f00000dd <_sp+0xcffc80dd>
     c9e:	0dc6c583          	lbu	a1,220(a3)
     ca2:	00861793          	slli	a5,a2,0x8
     ca6:	97ae                	add	a5,a5,a1
	int8_t ret = FAIL;
     ca8:	557d                	li	a0,-1
		if(sum != (buf[HDR_SUM_POS] + (buf[HDR_SUM_POS + 1] << 8))) {
     caa:	02f71e63          	bne	a4,a5,ce6 <header_verify+0x86>
     cae:	4781                	li	a5,0
		for(i = 0; i < IMG_HDR_POS; i++) {
     cb0:	0a000513          	li	a0,160
			sum += buf[i];
     cb4:	00f68833          	add	a6,a3,a5
     cb8:	00084803          	lbu	a6,0(a6)
		for(i = 0; i < IMG_HDR_POS; i++) {
     cbc:	0785                	addi	a5,a5,1
			sum += buf[i];
     cbe:	9742                	add	a4,a4,a6
     cc0:	08074733          	zext.h	a4,a4
		for(i = 0; i < IMG_HDR_POS; i++) {
     cc4:	fea798e3          	bne	a5,a0,cb4 <header_verify+0x54>
				!= (buf[VEC_SUM_POS] + (buf[VEC_SUM_POS + 1] << 8))) {
     cc8:	0df6c783          	lbu	a5,223(a3)
     ccc:	0de6c503          	lbu	a0,222(a3)
     cd0:	07a2                	slli	a5,a5,0x8
		if((sum + buf[HDR_SUM_POS] + buf[HDR_SUM_POS + 1])
     cd2:	972e                	add	a4,a4,a1
				!= (buf[VEC_SUM_POS] + (buf[VEC_SUM_POS + 1] << 8))) {
     cd4:	953e                	add	a0,a0,a5
		if((sum + buf[HDR_SUM_POS] + buf[HDR_SUM_POS + 1])
     cd6:	9732                	add	a4,a4,a2
     cd8:	8d19                	sub	a0,a0,a4
     cda:	00a03533          	snez	a0,a0
     cde:	40a00533          	neg	a0,a0
     ce2:	8082                	ret
	int8_t ret = FAIL;
     ce4:	557d                	li	a0,-1
}
     ce6:	8082                	ret

00000ce8 <flash_img_is_valid>:
{
     ce8:	712d                	addi	sp,sp,-288
     cea:	10812c23          	sw	s0,280(sp)
	flash_security_read(&flash_dev, FLASH_SECURITY_EN_ADDR1, &sec_en_1, 4);
     cee:	20034437          	lui	s0,0x20034
     cf2:	4691                	li	a3,4
     cf4:	0030                	addi	a2,sp,8
     cf6:	6585                	lui	a1,0x1
     cf8:	05440513          	addi	a0,s0,84 # 20034054 <flash_dev>
{
     cfc:	10112e23          	sw	ra,284(sp)
	uint32_t sec_en_1 = 0;
     d00:	c402                	sw	zero,8(sp)
	uint32_t sec_en_2 = 0;
     d02:	c602                	sw	zero,12(sp)
	flash_security_read(&flash_dev, FLASH_SECURITY_EN_ADDR1, &sec_en_1, 4);
     d04:	556030ef          	jal	ra,425a <flash_security_read>
	flash_security_read(&flash_dev, FLASH_SECURITY_EN_ADDR2, &sec_en_2, 4);
     d08:	4691                	li	a3,4
     d0a:	0070                	addi	a2,sp,12
     d0c:	6589                	lui	a1,0x2
     d0e:	05440513          	addi	a0,s0,84
     d12:	548030ef          	jal	ra,425a <flash_security_read>
	if(sec_en_1 == FLASH_SECURITY_EN_FLAG || sec_en_2 == FLASH_SECURITY_EN_FLAG) {
     d16:	455357b7          	lui	a5,0x45535
     d1a:	4722                	lw	a4,8(sp)
     d1c:	e4578793          	addi	a5,a5,-443 # 45534e45 <_sp+0x254fce45>
     d20:	00f70563          	beq	a4,a5,d2a <flash_img_is_valid+0x42>
     d24:	4732                	lw	a4,12(sp)
     d26:	02f71963          	bne	a4,a5,d58 <flash_img_is_valid+0x70>
		flash_security_read(&flash_dev, FLASH_SECURITY_EN_ADDR1, buf, 16 * 4);
     d2a:	0810                	addi	a2,sp,16
     d2c:	6585                	lui	a1,0x1
     d2e:	04000693          	li	a3,64
     d32:	05440513          	addi	a0,s0,84
     d36:	524030ef          	jal	ra,425a <flash_security_read>
		if(0 == sec_boot_verify(buf, FLASH_DATA_BUF_LEN, AP_FLASH_BASE))
     d3a:	30000637          	lui	a2,0x30000
     d3e:	10000593          	li	a1,256
     d42:	0808                	addi	a0,sp,16
     d44:	573030ef          	jal	ra,4ab6 <sec_boot_verify>
}
     d48:	11c12083          	lw	ra,284(sp)
     d4c:	11812403          	lw	s0,280(sp)
	if(header_verify(buf) == SUCCESS)
     d50:	00153513          	seqz	a0,a0
}
     d54:	6115                	addi	sp,sp,288
     d56:	8082                	ret
	memcpy(buf, (void *)AP_FLASH_BASE, VEC_SUM_POS + 2);
     d58:	0e000613          	li	a2,224
     d5c:	300005b7          	lui	a1,0x30000
     d60:	0808                	addi	a0,sp,16
     d62:	220d                	jal	e84 <__wrap_memcpy>
	if(header_verify(buf) == SUCCESS)
     d64:	0808                	addi	a0,sp,16
     d66:	3ded                	jal	c60 <header_verify>
     d68:	b7c5                	j	d48 <flash_img_is_valid+0x60>

00000d6a <uvlo_process>:
	return IP_AON_CTRL->REG_AON_TUNE1.bit.PROG_UVLO;
     d6a:	4f0007b7          	lui	a5,0x4f000
     d6e:	57fc                	lw	a5,108(a5)
     d70:	48f7d793          	bexti	a5,a5,0xf
	if(uvlo_enabled()) {
     d74:	c7d1                	beqz	a5,e00 <uvlo_process+0x96>
{
     d76:	1101                	addi	sp,sp,-32
    high0 = __RV_CSR_READ(CSR_MCYCLEH);
     d78:	b80027f3          	csrr	a5,mcycleh
     d7c:	ca3e                	sw	a5,20(sp)
    low = __RV_CSR_READ(CSR_MCYCLE);
     d7e:	b00027f3          	csrr	a5,mcycle
     d82:	cc3e                	sw	a5,24(sp)
    high = __RV_CSR_READ(CSR_MCYCLEH);
     d84:	b80027f3          	csrr	a5,mcycleh
     d88:	ce3e                	sw	a5,28(sp)
    if (high0 != high) {
     d8a:	4752                	lw	a4,20(sp)
     d8c:	47f2                	lw	a5,28(sp)
     d8e:	00f70563          	beq	a4,a5,d98 <uvlo_process+0x2e>
        low = __RV_CSR_READ(CSR_MCYCLE);
     d92:	b00027f3          	csrr	a5,mcycle
     d96:	cc3e                	sw	a5,24(sp)
    full = (((uint64_t)high) << 32) | low;
     d98:	46f2                	lw	a3,28(sp)
		cycles_prev = __get_rv_cycle();
     d9a:	a0818793          	addi	a5,gp,-1528 # 200342b8 <cycles_prev.1>
     d9e:	4662                	lw	a2,24(sp)
     da0:	c3d4                	sw	a3,4(a5)
			if(cycles_curr > (cycles_prev + 2400000))
     da2:	0024a6b7          	lui	a3,0x24a
     da6:	c390                	sw	a2,0(a5)
     da8:	a0818713          	addi	a4,gp,-1528 # 200342b8 <cycles_prev.1>
	return IP_AON_CTRL->REG_AON_TUNE1.bit.VIO_OK_S;
     dac:	4f000537          	lui	a0,0x4f000
			if(cycles_curr > (cycles_prev + 2400000))
     db0:	f0068693          	addi	a3,a3,-256 # 249f00 <_data_lma+0x2451c0>
	return IP_AON_CTRL->REG_AON_TUNE1.bit.VIO_OK_S;
     db4:	557c                	lw	a5,108(a0)
     db6:	4907d793          	bexti	a5,a5,0x10
		while(!uvlo_is_vio_ok()) {
     dba:	e3a9                	bnez	a5,dfc <uvlo_process+0x92>
    high0 = __RV_CSR_READ(CSR_MCYCLEH);
     dbc:	b80027f3          	csrr	a5,mcycleh
     dc0:	c43e                	sw	a5,8(sp)
    low = __RV_CSR_READ(CSR_MCYCLE);
     dc2:	b00027f3          	csrr	a5,mcycle
     dc6:	c63e                	sw	a5,12(sp)
    high = __RV_CSR_READ(CSR_MCYCLEH);
     dc8:	b80027f3          	csrr	a5,mcycleh
     dcc:	c83e                	sw	a5,16(sp)
    if (high0 != high) {
     dce:	4622                	lw	a2,8(sp)
     dd0:	47c2                	lw	a5,16(sp)
     dd2:	00f60563          	beq	a2,a5,ddc <uvlo_process+0x72>
        low = __RV_CSR_READ(CSR_MCYCLE);
     dd6:	b00027f3          	csrr	a5,mcycle
     dda:	c63e                	sw	a5,12(sp)
			if(cycles_curr > (cycles_prev + 2400000))
     ddc:	431c                	lw	a5,0(a4)
     dde:	00472883          	lw	a7,4(a4)
     de2:	00d78633          	add	a2,a5,a3
    full = (((uint64_t)high) << 32) | low;
     de6:	45c2                	lw	a1,16(sp)
     de8:	00f637b3          	sltu	a5,a2,a5
     dec:	4832                	lw	a6,12(sp)
     dee:	97c6                	add	a5,a5,a7
     df0:	00b7e663          	bltu	a5,a1,dfc <uvlo_process+0x92>
     df4:	fcf590e3          	bne	a1,a5,db4 <uvlo_process+0x4a>
     df8:	fb067ee3          	bgeu	a2,a6,db4 <uvlo_process+0x4a>
}
     dfc:	6105                	addi	sp,sp,32
     dfe:	8082                	ret
     e00:	8082                	ret

00000e02 <wakeup_process>:
	wakeup_action = IP_AON_CTRL->REG_AON_DIG_RSVD.all;
     e02:	4f000737          	lui	a4,0x4f000
     e06:	5f3c                	lw	a5,120(a4)
	if((wakeup_cause & WAKEUP_CAUSE_ALL) != 0) {
     e08:	002006b7          	lui	a3,0x200
	wakeup_cause = IP_AON_CTRL->REG_WAKEUP_IRSR.all;
     e0c:	4b58                	lw	a4,20(a4)
	if((wakeup_cause & WAKEUP_CAUSE_ALL) != 0) {
     e0e:	f0768693          	addi	a3,a3,-249 # 1fff07 <_data_lma+0x1fb1c7>
     e12:	8f75                	and	a4,a4,a3
     e14:	c73d                	beqz	a4,e82 <wakeup_process+0x80>
{
     e16:	1141                	addi	sp,sp,-16
     e18:	c422                	sw	s0,8(sp)
     e1a:	c606                	sw	ra,12(sp)
		wakeup_addr = (wakeup_action & 0xFFFFFF00) >> 8;
     e1c:	0087d413          	srli	s0,a5,0x8
		if((wakeup_action & 0x000000FF) == WAKEUP_ACT_JUMP_RAM) {
     e20:	0aa00713          	li	a4,170
     e24:	0ff7f793          	zext.b	a5,a5
     e28:	00e79963          	bne	a5,a4,e3a <wakeup_process+0x38>
			wakeup_addr = CMN_RAM + wakeup_addr;
     e2c:	200007b7          	lui	a5,0x20000
				wakeup_addr = AP_FLASH_BASE + wakeup_addr;
     e30:	97a2                	add	a5,a5,s0
}
     e32:	4422                	lw	s0,8(sp)
     e34:	40b2                	lw	ra,12(sp)
     e36:	0141                	addi	sp,sp,16
			pFunEntry();
     e38:	8782                	jr	a5
		if((wakeup_action & 0x000000FF) == WAKEUP_ACT_JUMP_FLASH) {
     e3a:	0bb00713          	li	a4,187
     e3e:	02e78963          	beq	a5,a4,e70 <wakeup_process+0x6e>
		if((wakeup_action & 0x000000FF) == WAKEUP_ACT_JUMP_FLASH_INIT) {
     e42:	0cc00713          	li	a4,204
     e46:	00e78663          	beq	a5,a4,e52 <wakeup_process+0x50>
}
     e4a:	40b2                	lw	ra,12(sp)
     e4c:	4422                	lw	s0,8(sp)
     e4e:	0141                	addi	sp,sp,16
     e50:	8082                	ret
			__HAL_CRM_FLASH_CLK_ENABLE();
     e52:	48000737          	lui	a4,0x48000
     e56:	471c                	lw	a5,8(a4)
			flash_init(&flash_dev, FLASH_SPI_IGNORE_QE | FLASH_SPI_RELEASE_DPD, 0);
     e58:	20034537          	lui	a0,0x20034
			__HAL_CRM_FLASH_CLK_ENABLE();
     e5c:	0407e793          	ori	a5,a5,64
     e60:	c71c                	sw	a5,8(a4)
			flash_init(&flash_dev, FLASH_SPI_IGNORE_QE | FLASH_SPI_RELEASE_DPD, 0);
     e62:	4601                	li	a2,0
     e64:	0c000593          	li	a1,192
     e68:	05450513          	addi	a0,a0,84 # 20034054 <flash_dev>
     e6c:	425020ef          	jal	ra,3a90 <flash_init>
			if(wakeup_addr)
     e70:	c401                	beqz	s0,e78 <wakeup_process+0x76>
				wakeup_addr = AP_FLASH_BASE + wakeup_addr;
     e72:	300007b7          	lui	a5,0x30000
     e76:	bf6d                	j	e30 <wakeup_process+0x2e>
				wakeup_addr = AP_FLASH_BASE + IMG_VMA_OFFSET;
     e78:	30000437          	lui	s0,0x30000
     e7c:	0a840793          	addi	a5,s0,168 # 300000a8 <_sp+0xffc80a8>
     e80:	bf4d                	j	e32 <wakeup_process+0x30>
     e82:	8082                	ret

00000e84 <__wrap_memcpy>:


// replace the clib function to skip linking clib
void __wrap_memcpy(void *dst, void *src, int size)
{
	for(int i = 0; i < size; i++) {
     e84:	4781                	li	a5,0
     e86:	00c7c363          	blt	a5,a2,e8c <__wrap_memcpy+0x8>
		((unsigned char *)dst)[i] = ((unsigned char *)src)[i];
	}
}
     e8a:	8082                	ret
		((unsigned char *)dst)[i] = ((unsigned char *)src)[i];
     e8c:	00f58733          	add	a4,a1,a5
     e90:	00074683          	lbu	a3,0(a4) # 48000000 <_sp+0x27fc8000>
     e94:	00f50733          	add	a4,a0,a5
     e98:	00d70023          	sb	a3,0(a4)
	for(int i = 0; i < size; i++) {
     e9c:	0785                	addi	a5,a5,1
     e9e:	b7e5                	j	e86 <__wrap_memcpy+0x2>

00000ea0 <__wrap_memset>:

// replace the clib function to skip linking clib
void __wrap_memset(void *dst, int val, int size)
{
	for(int i = 0; i < size; i++) {
     ea0:	4781                	li	a5,0
     ea2:	00c7c363          	blt	a5,a2,ea8 <__wrap_memset+0x8>
		((unsigned char *)dst)[i] = (unsigned char)val;
	}
}
     ea6:	8082                	ret
		((unsigned char *)dst)[i] = (unsigned char)val;
     ea8:	00f50733          	add	a4,a0,a5
     eac:	00b70023          	sb	a1,0(a4)
	for(int i = 0; i < size; i++) {
     eb0:	0785                	addi	a5,a5,1
     eb2:	bfc5                	j	ea2 <__wrap_memset+0x2>

00000eb4 <SLIP_init>:
struct slip s_slip;

void
SLIP_init(char* tx_buf, char* rx_buf)
{
    s_slip.tx_buf = tx_buf;
     eb4:	ac018793          	addi	a5,gp,-1344 # 20034370 <s_slip>
     eb8:	c388                	sw	a0,0(a5)
    s_slip.rx_buf = rx_buf;
     eba:	c3cc                	sw	a1,4(a5)
    s_slip.tx_idx = 0;
     ebc:	0007a423          	sw	zero,8(a5) # 30000008 <_sp+0xffc8008>
    s_slip.rx_idx = 0;
     ec0:	0007a623          	sw	zero,12(a5)
}
     ec4:	8082                	ret

00000ec6 <SLIP_get_tx_size>:

int32_t
SLIP_get_tx_size()
{
    return s_slip.tx_idx;
}
     ec6:	ac81a503          	lw	a0,-1336(gp) # 20034378 <s_slip+0x8>
     eca:	8082                	ret

00000ecc <uart_tx_one_char>:
}

void
uart_tx_one_char(char ch)
{
    s_slip.tx_buf[s_slip.tx_idx] = ch;
     ecc:	ac018793          	addi	a5,gp,-1344 # 20034370 <s_slip>
     ed0:	4794                	lw	a3,8(a5)
     ed2:	4398                	lw	a4,0(a5)
     ed4:	9736                	add	a4,a4,a3
     ed6:	00a70023          	sb	a0,0(a4)
    s_slip.tx_idx++;
     eda:	4798                	lw	a4,8(a5)
     edc:	0705                	addi	a4,a4,1
     ede:	c798                	sw	a4,8(a5)
}
     ee0:	8082                	ret

00000ee2 <SLIP_send_frame_delimiter>:
    return ch;
}
void
SLIP_send_frame_delimiter(void)
{
    uart_tx_one_char('\xc0');
     ee2:	0c000513          	li	a0,192
     ee6:	b7dd                	j	ecc <uart_tx_one_char>

00000ee8 <SLIP_send_frame_data>:
}

void
SLIP_send_frame_data(char ch)
{
     ee8:	1141                	addi	sp,sp,-16
     eea:	c606                	sw	ra,12(sp)
    if (ch == '\xc0') {
     eec:	0c000713          	li	a4,192
     ef0:	00e51a63          	bne	a0,a4,f04 <SLIP_send_frame_data+0x1c>
        uart_tx_one_char('\xdb');
     ef4:	0db00513          	li	a0,219
     ef8:	3fd1                	jal	ecc <uart_tx_one_char>
        uart_tx_one_char('\xdc');
     efa:	0dc00513          	li	a0,220
        uart_tx_one_char('\xdb');
        uart_tx_one_char('\xdd');
    } else {
        uart_tx_one_char(ch);
    }
}
     efe:	40b2                	lw	ra,12(sp)
     f00:	0141                	addi	sp,sp,16
        uart_tx_one_char(ch);
     f02:	b7e9                	j	ecc <uart_tx_one_char>
    } else if (ch == '\xdb') {
     f04:	0db00713          	li	a4,219
     f08:	fee51be3          	bne	a0,a4,efe <SLIP_send_frame_data+0x16>
        uart_tx_one_char('\xdb');
     f0c:	37c1                	jal	ecc <uart_tx_one_char>
        uart_tx_one_char('\xdd');
     f0e:	0dd00513          	li	a0,221
     f12:	b7f5                	j	efe <SLIP_send_frame_data+0x16>

00000f14 <SLIP_send_frame_data_buf>:

void
SLIP_send_frame_data_buf(const void* buf, uint32_t size)
{
     f14:	1141                	addi	sp,sp,-16
     f16:	c422                	sw	s0,8(sp)
     f18:	c226                	sw	s1,4(sp)
     f1a:	c606                	sw	ra,12(sp)
     f1c:	842a                	mv	s0,a0
     f1e:	00b504b3          	add	s1,a0,a1
    int i;
    const uint8_t* buf_c = (const uint8_t*)buf;
    for (i = 0; i < size; i++) {
     f22:	00941763          	bne	s0,s1,f30 <SLIP_send_frame_data_buf+0x1c>
        SLIP_send_frame_data(buf_c[i]);
    }
}
     f26:	40b2                	lw	ra,12(sp)
     f28:	4422                	lw	s0,8(sp)
     f2a:	4492                	lw	s1,4(sp)
     f2c:	0141                	addi	sp,sp,16
     f2e:	8082                	ret
        SLIP_send_frame_data(buf_c[i]);
     f30:	00044503          	lbu	a0,0(s0)
     f34:	0405                	addi	s0,s0,1
     f36:	3f4d                	jal	ee8 <SLIP_send_frame_data>
    for (i = 0; i < size; i++) {
     f38:	b7ed                	j	f22 <SLIP_send_frame_data_buf+0xe>

00000f3a <SLIP_recv_byte>:

int16_t
SLIP_recv_byte(char byte, slip_state_t* state)
{
    //ifyLogPrint("SLIP_recv_byte, start state is %d\n", *state);
    if (byte == '\xc0') {
     f3a:	0c000713          	li	a4,192
        if (*state == SLIP_NO_FRAME) {
     f3e:	4194                	lw	a3,0(a1)
{
     f40:	87aa                	mv	a5,a0
    if (byte == '\xc0') {
     f42:	00e51863          	bne	a0,a4,f52 <SLIP_recv_byte+0x18>
            *state = SLIP_FRAME;
     f46:	4785                	li	a5,1
        if (*state == SLIP_NO_FRAME) {
     f48:	c295                	beqz	a3,f6c <SLIP_recv_byte+0x32>
            //ifyLogPrint("SLIP get 0x%02x, state is %d\n", (uint8_t)byte, *state);
            return SLIP_NO_BYTE;
        } else {
            *state = SLIP_NO_FRAME;
     f4a:	0005a023          	sw	zero,0(a1) # 30000000 <_sp+0xffc8000>
            //ifyLogPrint("SLIP get 0x%02x, state is %d\n", (uint8_t)byte, *state);
            return SLIP_FINISHED_FRAME;
     f4e:	5579                	li	a0,-2
     f50:	8082                	ret
        }
    }

    switch (*state) {
     f52:	4705                	li	a4,1
     f54:	00e68763          	beq	a3,a4,f62 <SLIP_recv_byte+0x28>
     f58:	4609                	li	a2,2
     f5a:	00c68b63          	beq	a3,a2,f70 <SLIP_recv_byte+0x36>
            return SLIP_NO_BYTE;
        case SLIP_FRAME:
            if (byte == '\xdb') {
                *state = SLIP_FRAME_ESCAPING;
                //ifyLogPrint("SLIP get 0x%02x, state is %d\n", (uint8_t)byte, *state);
                return SLIP_NO_BYTE;
     f5e:	557d                	li	a0,-1
     f60:	8082                	ret
            if (byte == '\xdb') {
     f62:	0db00713          	li	a4,219
     f66:	02e51563          	bne	a0,a4,f90 <SLIP_recv_byte+0x56>
                *state = SLIP_FRAME_ESCAPING;
     f6a:	4789                	li	a5,2
     f6c:	c19c                	sw	a5,0(a1)
     f6e:	bfc5                	j	f5e <SLIP_recv_byte+0x24>
            }
            //ifyLogPrint("SLIP get 0x%02x, state is %d\n", (uint8_t)byte, *state);
            return (uint8_t)byte;
        case SLIP_FRAME_ESCAPING:
            if (byte == '\xdc') {
     f70:	0dc00693          	li	a3,220
     f74:	00d51663          	bne	a0,a3,f80 <SLIP_recv_byte+0x46>
                *state = SLIP_FRAME;
     f78:	c198                	sw	a4,0(a1)
                //ifyLogPrint("SLIP get 0x%02x, state is %d\n", (uint8_t)byte, *state);
                return (uint8_t)'\xc0';
     f7a:	0c000513          	li	a0,192
     f7e:	8082                	ret
            }
            if (byte == '\xdd') {
     f80:	0dd00693          	li	a3,221
                *state = SLIP_FRAME;
                //ifyLogPrint("SLIP get 0x%02x, state is %d\n", (uint8_t)byte, *state);
                return (uint8_t)'\xdb';
            }
            //ifyLogPrint("SLIP get 0x%02x, frame error\n", (uint8_t)byte);
            return SLIP_NO_BYTE; /* actually a framing error */
     f84:	557d                	li	a0,-1
            if (byte == '\xdd') {
     f86:	00d79563          	bne	a5,a3,f90 <SLIP_recv_byte+0x56>
                *state = SLIP_FRAME;
     f8a:	c198                	sw	a4,0(a1)
                return (uint8_t)'\xdb';
     f8c:	0db00513          	li	a0,219
    }
    //ifyLogPrint("SLIP get 0x%02x, frame error\n", byte);
    return SLIP_NO_BYTE; /* actually a framing error */
}
     f90:	8082                	ret

00000f92 <ub_state_save>:

void
ub_state_save()
{
    BOOT_LOG("ub_state_save, read=%d, state=%d\n", ub.read, ub.state);
    ubs.read = ub.read;
     f92:	ad018713          	addi	a4,gp,-1328 # 20034380 <ub>
     f96:	4354                	lw	a3,4(a4)
    ubs.state = ub.state;
     f98:	4718                	lw	a4,8(a4)
    ubs.read = ub.read;
     f9a:	a3018793          	addi	a5,gp,-1488 # 200342e0 <ubs>
     f9e:	00d79023          	sh	a3,0(a5)
    ubs.state = ub.state;
     fa2:	c3d8                	sw	a4,4(a5)
}
     fa4:	8082                	ret

00000fa6 <ub_state_recovery>:

void
ub_state_recovery()
{
    ub.read = ubs.read;
     fa6:	a3018713          	addi	a4,gp,-1488 # 200342e0 <ubs>
     faa:	00075683          	lhu	a3,0(a4)
    ub.state = ubs.state;
     fae:	4358                	lw	a4,4(a4)
    ub.read = ubs.read;
     fb0:	ad018793          	addi	a5,gp,-1328 # 20034380 <ub>
     fb4:	c3d4                	sw	a3,4(a5)
    ub.state = ubs.state;
     fb6:	c798                	sw	a4,8(a5)
    BOOT_LOG("ub_state_recovery, read=%d, state=%d\n", ub.read, ub.state);
}
     fb8:	8082                	ret

00000fba <ub_state_init>:

void
ub_state_init()
{
    ub.reading_buf = (uint8_t*)DATA_RX_BUF;
     fba:	20032737          	lui	a4,0x20032
     fbe:	ad018793          	addi	a5,gp,-1328 # 20034380 <ub>
     fc2:	f8070713          	addi	a4,a4,-128 # 20031f80 <_data_lma+0x2002d240>
     fc6:	c398                	sw	a4,0(a5)
    ub.read = 0;
     fc8:	0007a223          	sw	zero,4(a5)
    ub.state = 0;
     fcc:	0007a423          	sw	zero,8(a5)
    ub.command = NULL;
     fd0:	0007a823          	sw	zero,16(a5)
    ub.error = 0;
     fd4:	0007a623          	sw	zero,12(a5)
}
     fd8:	8082                	ret

00000fda <uart_receive_bytes>:

esp_command_error
uart_receive_bytes(uint8_t* bytes, int32_t len)
{
     fda:	1101                	addi	sp,sp,-32
     fdc:	cc22                	sw	s0,24(sp)
     fde:	c452                	sw	s4,8(sp)
    int32_t i;
    int16_t r = 0;
    BOOT_LOG("uart_receive_bytes len is %d\n", len);
    for (i = 0; i < len; i++) {
        r = SLIP_recv_byte(bytes[i], (slip_state_t*)&ub.state);
     fe0:	ad018413          	addi	s0,gp,-1328 # 20034380 <ub>
        //BOOT_LOG("uart_receive_bytes %d byte is %02x, r is %d\n", i, (uint8_t)bytes[i], r);
        if (r >= 0) {
            ub.reading_buf[ub.read++] = (uint8_t) r;
            if (ub.read == MAX_WRITE_BLOCK) {
     fe4:	6a09                	lui	s4,0x2
{
     fe6:	ca26                	sw	s1,20(sp)
     fe8:	c84a                	sw	s2,16(sp)
     fea:	c64e                	sw	s3,12(sp)
     fec:	c256                	sw	s5,4(sp)
     fee:	c05a                	sw	s6,0(sp)
     ff0:	ce06                	sw	ra,28(sp)
     ff2:	89aa                	mv	s3,a0
     ff4:	892e                	mv	s2,a1
    for (i = 0; i < len; i++) {
     ff6:	4481                	li	s1,0
        r = SLIP_recv_byte(bytes[i], (slip_state_t*)&ub.state);
     ff8:	00840a93          	addi	s5,s0,8
                /* shouldn't happen unless there are data errors */
                r = SLIP_FINISHED_FRAME;
            }
        }
        if (r == SLIP_FINISHED_FRAME) {
     ffc:	5b79                	li	s6,-2
            if (ub.read == MAX_WRITE_BLOCK) {
     ffe:	f80a0a13          	addi	s4,s4,-128 # 1f80 <mbedtls_internal_md5_process+0x4c2>
    for (i = 0; i < len; i++) {
    1002:	0124c563          	blt	s1,s2,100c <__HEAP_SIZE+0xc>
            ub.read = 0;
            break;
        }
    }

    return r == SLIP_FINISHED_FRAME ? ESP_OK : ESP_NOT_ENOUGH_DATA;
    1006:	0c800513          	li	a0,200
    100a:	a03d                	j	1038 <__HEAP_SIZE+0x38>
        r = SLIP_recv_byte(bytes[i], (slip_state_t*)&ub.state);
    100c:	009987b3          	add	a5,s3,s1
    1010:	0007c503          	lbu	a0,0(a5)
    1014:	85d6                	mv	a1,s5
    1016:	3715                	jal	f3a <SLIP_recv_byte>
        if (r >= 0) {
    1018:	02054a63          	bltz	a0,104c <__HEAP_SIZE+0x4c>
            ub.reading_buf[ub.read++] = (uint8_t) r;
    101c:	4058                	lw	a4,4(s0)
    101e:	401c                	lw	a5,0(s0)
    1020:	00170693          	addi	a3,a4,1
    1024:	c054                	sw	a3,4(s0)
    1026:	97ba                	add	a5,a5,a4
    1028:	00a78023          	sb	a0,0(a5)
            if (ub.read == MAX_WRITE_BLOCK) {
    102c:	405c                	lw	a5,4(s0)
    102e:	03479163          	bne	a5,s4,1050 <__HEAP_SIZE+0x50>
            ub.read = 0;
    1032:	00042223          	sw	zero,4(s0)
    return r == SLIP_FINISHED_FRAME ? ESP_OK : ESP_NOT_ENOUGH_DATA;
    1036:	4501                	li	a0,0
}
    1038:	40f2                	lw	ra,28(sp)
    103a:	4462                	lw	s0,24(sp)
    103c:	44d2                	lw	s1,20(sp)
    103e:	4942                	lw	s2,16(sp)
    1040:	49b2                	lw	s3,12(sp)
    1042:	4a22                	lw	s4,8(sp)
    1044:	4a92                	lw	s5,4(sp)
    1046:	4b02                	lw	s6,0(sp)
    1048:	6105                	addi	sp,sp,32
    104a:	8082                	ret
        if (r == SLIP_FINISHED_FRAME) {
    104c:	ff6503e3          	beq	a0,s6,1032 <__HEAP_SIZE+0x32>
    for (i = 0; i < len; i++) {
    1050:	0485                	addi	s1,s1,1
    1052:	bf45                	j	1002 <__HEAP_SIZE+0x2>

00001054 <handle_mem_begin>:
// Total Size, Number of Data Packets, Data Size in one Packet, Memory Offset.
// Actually here only 1st uint32 (Total Size) is used for MEM_BEGIN!
esp_command_error
handle_mem_begin(uint32_t size, uint32_t offset)
{
    s_mem_i = 0;
    1054:	a201a023          	sw	zero,-1504(gp) # 200342d0 <s_mem_i>
    s_mem_len = 0;
    1058:	a201a223          	sw	zero,-1500(gp) # 200342d4 <s_mem_len>
    s_mem_offset = (int8_t *)AP_SRAM_BASE + offset;
    105c:	200007b7          	lui	a5,0x20000
    1060:	97ae                	add	a5,a5,a1
    1062:	a2f1a423          	sw	a5,-1496(gp) # 200342d8 <s_mem_offset>
    s_mem_remaining = size;
    1066:	200347b7          	lui	a5,0x20034
    106a:	0aa7aa23          	sw	a0,180(a5) # 200340b4 <s_mem_remaining>
    s_mem_seq = -1;
    106e:	577d                	li	a4,-1
    1070:	a2e1a623          	sw	a4,-1492(gp) # 200342dc <s_mem_seq>

    BOOT_LOG("handle_mem_begin data size is %d\n", size);
    return ESP_OK;
}
    1074:	4501                	li	a0,0
    1076:	8082                	ret

00001078 <handle_flash_begin>:

esp_command_error
handle_flash_begin(uint32_t size, uint32_t offset)
{
    s_mem_i = 0;
    1078:	a201a023          	sw	zero,-1504(gp) # 200342d0 <s_mem_i>
    s_mem_len = 0;
    107c:	a201a223          	sw	zero,-1500(gp) # 200342d4 <s_mem_len>
    s_mem_offset = (int8_t *)AP_SRAM_BASE;
    1080:	20000737          	lui	a4,0x20000
    1084:	a2e1a423          	sw	a4,-1496(gp) # 200342d8 <s_mem_offset>
    s_mem_remaining = size;
    1088:	200347b7          	lui	a5,0x20034
    108c:	0aa7aa23          	sw	a0,180(a5) # 200340b4 <s_mem_remaining>
    s_mem_seq = -1;
    1090:	577d                	li	a4,-1
    1092:	a2e1a623          	sw	a4,-1492(gp) # 200342dc <s_mem_seq>

    flash_prog.cnt = 0;
    1096:	200347b7          	lui	a5,0x20034
    109a:	01078793          	addi	a5,a5,16 # 20034010 <flash_prog>
    flash_prog.flash_offset = offset;
    flash_prog.total_size = size;
    109e:	c3c8                	sw	a0,4(a5)
    flash_prog.cnt = 0;
    10a0:	0007a623          	sw	zero,12(a5)
    flash_prog.flash_offset = offset;
    10a4:	c38c                	sw	a1,0(a5)
    flash_prog.erase_size = 0;
    10a6:	0007a423          	sw	zero,8(a5)
    flash_prog.ctrl_head = 0;
    10aa:	0007aa23          	sw	zero,20(a5)
    flash_prog.ctrl_tail = 0;
    for(int i = 0 ; i < LOAD_BLK_NUM; i++) {
    	flash_prog.data_ctrl[i].buf_idx = 0;
    10ae:	0007ac23          	sw	zero,24(a5)
    10b2:	0007ae23          	sw	zero,28(a5)
    10b6:	02079023          	sh	zero,32(a5)
    	flash_prog.data_ctrl[i].size = 0;
    }

    BOOT_LOG("handle_flash_begin data size is %d\n", size);
    return ESP_OK;
}
    10ba:	4501                	li	a0,0
    10bc:	8082                	ret

000010be <_mem_data_cpy>:


int32_t
_mem_data_cpy(void* data, uint32_t length)
{
    10be:	1141                	addi	sp,sp,-16
    10c0:	c226                	sw	s1,4(sp)
    int8_t* src = (int8_t*)data;

	memcpy((s_mem_offset + s_mem_len), src, length);
    10c2:	a2418493          	addi	s1,gp,-1500 # 200342d4 <s_mem_len>
    10c6:	a281a703          	lw	a4,-1496(gp) # 200342d8 <s_mem_offset>
    10ca:	409c                	lw	a5,0(s1)
{
    10cc:	c422                	sw	s0,8(sp)
	memcpy((s_mem_offset + s_mem_len), src, length);
    10ce:	862e                	mv	a2,a1
{
    10d0:	842e                	mv	s0,a1
	memcpy((s_mem_offset + s_mem_len), src, length);
    10d2:	85aa                	mv	a1,a0
    10d4:	00f70533          	add	a0,a4,a5
{
    10d8:	c606                	sw	ra,12(sp)
	memcpy((s_mem_offset + s_mem_len), src, length);
    10da:	336d                	jal	e84 <__wrap_memcpy>
	s_mem_remaining -= length;
    10dc:	200347b7          	lui	a5,0x20034
    10e0:	0b478793          	addi	a5,a5,180 # 200340b4 <s_mem_remaining>
    10e4:	4398                	lw	a4,0(a5)
	s_mem_len += length;

    return length;
}
    10e6:	40b2                	lw	ra,12(sp)
	s_mem_remaining -= length;
    10e8:	8f01                	sub	a4,a4,s0
    10ea:	c398                	sw	a4,0(a5)
	s_mem_len += length;
    10ec:	409c                	lw	a5,0(s1)
}
    10ee:	8522                	mv	a0,s0
	s_mem_len += length;
    10f0:	97a2                	add	a5,a5,s0
}
    10f2:	4422                	lw	s0,8(sp)
	s_mem_len += length;
    10f4:	c09c                	sw	a5,0(s1)
}
    10f6:	4492                	lw	s1,4(sp)
    10f8:	0141                	addi	sp,sp,16
    10fa:	8082                	ret

000010fc <handle_mem_data>:
// Data Size, Sequence Number, 0, 0, and then Data
// Actually here the 2st uint32 (Sequence Number) and Data itself are used for MEM_BEGIN!
esp_command_error
handle_mem_data(void* data, uint32_t seq_num, uint32_t length)
{
    if (s_mem_offset == NULL && length > 0) {
    10fc:	a281a783          	lw	a5,-1496(gp) # 200342d8 <s_mem_offset>
{
    1100:	872e                	mv	a4,a1
    1102:	85b2                	mv	a1,a2
    if (s_mem_offset == NULL && length > 0) {
    1104:	e791                	bnez	a5,1110 <handle_mem_data+0x14>
        return ESP_NOT_IN_FLASH_MODE;
    1106:	0c600793          	li	a5,198
    if (s_mem_offset == NULL && length > 0) {
    110a:	ca19                	beqz	a2,1120 <handle_mem_data+0x24>
    s_mem_seq = seq_num;
    // save data and size for copying later
    _mem_data_cpy(data, length);

    return ESP_OK;
}
    110c:	853e                	mv	a0,a5
    110e:	8082                	ret
    if (length > s_mem_remaining) {
    1110:	200347b7          	lui	a5,0x20034
    1114:	0b47a683          	lw	a3,180(a5) # 200340b4 <s_mem_remaining>
        return ESP_TOO_MUCH_DATA;
    1118:	0c900793          	li	a5,201
    if (length > s_mem_remaining) {
    111c:	fec6e8e3          	bltu	a3,a2,110c <handle_mem_data+0x10>
    if (seq_num == s_mem_seq) {
    1120:	a2c18693          	addi	a3,gp,-1492 # 200342dc <s_mem_seq>
    1124:	4290                	lw	a2,0(a3)
        return ESP_OK;
    1126:	4781                	li	a5,0
    if (seq_num == s_mem_seq) {
    1128:	fee602e3          	beq	a2,a4,110c <handle_mem_data+0x10>
    if (seq_num != s_mem_seq + 1) {
    112c:	0605                	addi	a2,a2,1
        return ESP_BAD_DATA_SEQ;
    112e:	0ca00793          	li	a5,202
    if (seq_num != s_mem_seq + 1) {
    1132:	fce61de3          	bne	a2,a4,110c <handle_mem_data+0x10>
{
    1136:	1141                	addi	sp,sp,-16
    1138:	c606                	sw	ra,12(sp)
    s_mem_seq = seq_num;
    113a:	c298                	sw	a4,0(a3)
    _mem_data_cpy(data, length);
    113c:	3749                	jal	10be <_mem_data_cpy>
}
    113e:	40b2                	lw	ra,12(sp)
    return ESP_OK;
    1140:	4781                	li	a5,0
}
    1142:	853e                	mv	a0,a5
    1144:	0141                	addi	sp,sp,16
    1146:	8082                	ret

00001148 <handle_flash_data>:

esp_command_error
handle_flash_data(void* data, uint32_t seq_num, uint32_t length)
{
    if (s_mem_offset == NULL && length > 0) {
    1148:	a281a783          	lw	a5,-1496(gp) # 200342d8 <s_mem_offset>
{
    114c:	86aa                	mv	a3,a0
    if (s_mem_offset == NULL && length > 0) {
    114e:	e789                	bnez	a5,1158 <handle_flash_data+0x10>
        return ESP_NOT_IN_FLASH_MODE;
    1150:	0c600513          	li	a0,198
    if (s_mem_offset == NULL && length > 0) {
    1154:	ca11                	beqz	a2,1168 <handle_flash_data+0x20>
    1156:	8082                	ret
    }
    if (length > s_mem_remaining) {
    1158:	200347b7          	lui	a5,0x20034
    115c:	0b47a783          	lw	a5,180(a5) # 200340b4 <s_mem_remaining>
        return ESP_TOO_MUCH_DATA;
    1160:	0c900513          	li	a0,201
    if (length > s_mem_remaining) {
    1164:	00c7ea63          	bltu	a5,a2,1178 <handle_flash_data+0x30>
    }
    if (seq_num == s_mem_seq) {
    1168:	a2c18793          	addi	a5,gp,-1492 # 200342dc <s_mem_seq>
    116c:	4398                	lw	a4,0(a5)
    116e:	00b71663          	bne	a4,a1,117a <handle_flash_data+0x32>
        //get the same package again, it is fine, but do nothing
    	s_mem_cpy_len = 0;
    1172:	a001ae23          	sw	zero,-1508(gp) # 200342cc <s_mem_cpy_len>
    // save data and size for copying later
//    mem_data_cpy(data, length);
    s_mem_cpy_dat = data;
    s_mem_cpy_len = length;

    return ESP_OK;
    1176:	4501                	li	a0,0
}
    1178:	8082                	ret
    if (seq_num != s_mem_seq + 1) {
    117a:	0705                	addi	a4,a4,1
        return ESP_BAD_DATA_SEQ;
    117c:	0ca00513          	li	a0,202
    if (seq_num != s_mem_seq + 1) {
    1180:	feb71ce3          	bne	a4,a1,1178 <handle_flash_data+0x30>
    s_mem_seq = seq_num;
    1184:	c38c                	sw	a1,0(a5)
    s_mem_cpy_dat = data;
    1186:	a0d1ac23          	sw	a3,-1512(gp) # 200342c8 <s_mem_cpy_dat>
    s_mem_cpy_len = length;
    118a:	a0c1ae23          	sw	a2,-1508(gp) # 200342cc <s_mem_cpy_len>
    118e:	b7e5                	j	1176 <handle_flash_data+0x2e>

00001190 <flash_prog_in_process>:

int32_t flash_prog_in_process()
{
    // empty return 0, other return 1
	return (flash_prog.ctrl_head == flash_prog.ctrl_tail ? 0 : 1);
    1190:	200347b7          	lui	a5,0x20034
    1194:	01078793          	addi	a5,a5,16 # 20034010 <flash_prog>
    1198:	0147c503          	lbu	a0,20(a5)
    119c:	0157c783          	lbu	a5,21(a5)
    11a0:	8d1d                	sub	a0,a0,a5
}
    11a2:	00a03533          	snez	a0,a0
    11a6:	8082                	ret

000011a8 <flash_get_free_buf>:

int32_t flash_get_free_buf()
{
	int32_t idx = -1, tail;

	tail = (flash_prog.ctrl_tail + 1) % LOAD_BLK_NUM;
    11a8:	200347b7          	lui	a5,0x20034
    11ac:	01078793          	addi	a5,a5,16 # 20034010 <flash_prog>
    11b0:	0157c503          	lbu	a0,21(a5)
	if(tail != flash_prog.ctrl_head)  // buffer is not full
    11b4:	0147c703          	lbu	a4,20(a5)
	tail = (flash_prog.ctrl_tail + 1) % LOAD_BLK_NUM;
    11b8:	468d                	li	a3,3
    11ba:	00150793          	addi	a5,a0,1
    11be:	02d7e7b3          	rem	a5,a5,a3
	if(tail != flash_prog.ctrl_head)  // buffer is not full
    11c2:	00f71363          	bne	a4,a5,11c8 <flash_get_free_buf+0x20>
	int32_t idx = -1, tail;
    11c6:	557d                	li	a0,-1
		idx = flash_prog.ctrl_tail;
	return idx;
}
    11c8:	8082                	ret

000011ca <flash_get_rdy_buf>:

int32_t flash_get_rdy_buf()
{
	int32_t idx = -1, head;
	if(flash_prog.ctrl_head != flash_prog.ctrl_tail) {
    11ca:	200347b7          	lui	a5,0x20034
    11ce:	01078793          	addi	a5,a5,16 # 20034010 <flash_prog>
    11d2:	0147c703          	lbu	a4,20(a5)
    11d6:	0157c783          	lbu	a5,21(a5)
	int32_t idx = -1, head;
    11da:	557d                	li	a0,-1
	if(flash_prog.ctrl_head != flash_prog.ctrl_tail) {
    11dc:	00e78363          	beq	a5,a4,11e2 <flash_get_rdy_buf+0x18>
		idx = flash_prog.ctrl_head;
    11e0:	853a                	mv	a0,a4
	}
	return idx;
}
    11e2:	8082                	ret

000011e4 <flash_set_buf_rdy>:

void flash_set_buf_rdy()
{
	int32_t tail, idx;

	tail = (flash_prog.ctrl_tail + 1) % LOAD_BLK_NUM;
    11e4:	200347b7          	lui	a5,0x20034
    11e8:	01078713          	addi	a4,a5,16 # 20034010 <flash_prog>
    11ec:	01574683          	lbu	a3,21(a4) # 20000015 <_data_lma+0x1fffb2d5>
    11f0:	460d                	li	a2,3
    11f2:	00168793          	addi	a5,a3,1
    11f6:	02c7e7b3          	rem	a5,a5,a2
	if(tail != flash_prog.ctrl_head) { // buffer is not full
    11fa:	01474603          	lbu	a2,20(a4)
    11fe:	00f60f63          	beq	a2,a5,121c <flash_set_buf_rdy+0x38>
		idx = flash_prog.data_ctrl[flash_prog.ctrl_tail].buf_idx;
    1202:	20e6c6b3          	sh2add	a3,a3,a4
    1206:	0186d683          	lhu	a3,24(a3)
		flash_prog.ctrl_tail = tail;
    120a:	00f70aa3          	sb	a5,21(a4)
		flash_prog.data_ctrl[tail].buf_idx = (idx + 1) % (LOAD_BLK_NUM - 1); //update next buf_idx
    120e:	20e7c7b3          	sh2add	a5,a5,a4
    1212:	00168713          	addi	a4,a3,1
    1216:	8b05                	andi	a4,a4,1
    1218:	00e79c23          	sh	a4,24(a5)
	}
}
    121c:	8082                	ret

0000121e <flash_set_buf_free>:
}

void flash_set_buf_free()
{
    int32_t head, idx;
    if(flash_prog.ctrl_head != flash_prog.ctrl_tail) { // buffer is not empty
    121e:	20034737          	lui	a4,0x20034
    1222:	01070713          	addi	a4,a4,16 # 20034010 <flash_prog>
    1226:	01474783          	lbu	a5,20(a4)
    122a:	01574683          	lbu	a3,21(a4)
    122e:	00f68c63          	beq	a3,a5,1246 <flash_set_buf_free+0x28>
    	idx = flash_prog.ctrl_head;
    	flash_prog.data_ctrl[idx].size = 0;
    1232:	20e7c6b3          	sh2add	a3,a5,a4
    1236:	00069b23          	sh	zero,22(a3)
    	flash_prog.ctrl_head = (idx + 1) % LOAD_BLK_NUM;
    123a:	0785                	addi	a5,a5,1
    123c:	468d                	li	a3,3
    123e:	02d7e7b3          	rem	a5,a5,a3
    1242:	00f70a23          	sb	a5,20(a4)
    }
}
    1246:	8082                	ret

00001248 <_flash_mem_cpy>:

int32_t _flash_mem_cpy(void *data, int length)
{
    1248:	1101                	addi	sp,sp,-32
    124a:	cc22                	sw	s0,24(sp)
    124c:	c64e                	sw	s3,12(sp)
    124e:	ce06                	sw	ra,28(sp)
    1250:	ca26                	sw	s1,20(sp)
    1252:	c84a                	sw	s2,16(sp)
    1254:	c452                	sw	s4,8(sp)
    1256:	89aa                	mv	s3,a0
    1258:	842e                	mv	s0,a1
	int8_t* src = (int8_t*)data;
	int32_t remain, len = 0;

	int32_t idx = flash_get_free_buf();
    125a:	37b9                	jal	11a8 <flash_get_free_buf>
	data_ctrl_t *pbuf_cb = &flash_prog.data_ctrl[idx];
	int32_t buf_idx = pbuf_cb->buf_idx;

	if(idx >= 0) {  //free buffer is ready
    125c:	08054063          	bltz	a0,12dc <_flash_mem_cpy+0x94>
		remain = LOAD_BLK_SIZE - pbuf_cb->size;
    1260:	20034737          	lui	a4,0x20034
    1264:	01070713          	addi	a4,a4,16 # 20034010 <flash_prog>
    1268:	00450493          	addi	s1,a0,4
    126c:	20e4c4b3          	sh2add	s1,s1,a4
	int32_t buf_idx = pbuf_cb->buf_idx;
    1270:	0084d783          	lhu	a5,8(s1)
    1274:	892a                	mv	s2,a0
		remain = LOAD_BLK_SIZE - pbuf_cb->size;
    1276:	0064d503          	lhu	a0,6(s1)
    127a:	6a05                	lui	s4,0x1
		len = length > remain ? remain : length;
		memcpy((flash_prog.load_base + buf_idx * LOAD_BLK_SIZE + pbuf_cb->size), src, len);
    127c:	07b2                	slli	a5,a5,0xc
    127e:	97aa                	add	a5,a5,a0
		remain = LOAD_BLK_SIZE - pbuf_cb->size;
    1280:	40aa05b3          	sub	a1,s4,a0
		memcpy((flash_prog.load_base + buf_idx * LOAD_BLK_SIZE + pbuf_cb->size), src, len);
    1284:	4b08                	lw	a0,16(a4)
		len = length > remain ? remain : length;
    1286:	0a85c433          	min	s0,a1,s0
		memcpy((flash_prog.load_base + buf_idx * LOAD_BLK_SIZE + pbuf_cb->size), src, len);
    128a:	953e                	add	a0,a0,a5
    128c:	8622                	mv	a2,s0
    128e:	85ce                	mv	a1,s3
    1290:	3ed5                	jal	e84 <__wrap_memcpy>
		s_mem_remaining -= len;
    1292:	200347b7          	lui	a5,0x20034
    1296:	0b478793          	addi	a5,a5,180 # 200340b4 <s_mem_remaining>
    129a:	4398                	lw	a4,0(a5)
    129c:	8f01                	sub	a4,a4,s0
    129e:	c398                	sw	a4,0(a5)
		pbuf_cb->size += len;
    12a0:	0064d783          	lhu	a5,6(s1)
    12a4:	97a2                	add	a5,a5,s0
    12a6:	0807c7b3          	zext.h	a5,a5
    12aa:	00f49323          	sh	a5,6(s1)
		if(s_mem_remaining == 0 || pbuf_cb->size == LOAD_BLK_SIZE) {
    12ae:	c319                	beqz	a4,12b4 <_flash_mem_cpy+0x6c>
    12b0:	01479d63          	bne	a5,s4,12ca <_flash_mem_cpy+0x82>
            BOOT_LOG("dat-%d-%d->", idx, buf_idx);

			if(flash_prog_in_process() == 0) {
    12b4:	3df1                	jal	1190 <flash_prog_in_process>
    12b6:	e909                	bnez	a0,12c8 <_flash_mem_cpy+0x80>
			    process_post(&flash_prog_process,  PROCESS_EVENT_BUF_RDY, (void *)idx);  // send event to flash program
    12b8:	20034537          	lui	a0,0x20034
    12bc:	864a                	mv	a2,s2
    12be:	45c5                	li	a1,17
    12c0:	03450513          	addi	a0,a0,52 # 20034034 <flash_prog_process>
    12c4:	0f3010ef          	jal	ra,2bb6 <process_post>
			}
			flash_set_buf_rdy();
    12c8:	3f31                	jal	11e4 <flash_set_buf_rdy>
		}
	}

	return len;
}
    12ca:	40f2                	lw	ra,28(sp)
    12cc:	8522                	mv	a0,s0
    12ce:	4462                	lw	s0,24(sp)
    12d0:	44d2                	lw	s1,20(sp)
    12d2:	4942                	lw	s2,16(sp)
    12d4:	49b2                	lw	s3,12(sp)
    12d6:	4a22                	lw	s4,8(sp)
    12d8:	6105                	addi	sp,sp,32
    12da:	8082                	ret
	int32_t remain, len = 0;
    12dc:	4401                	li	s0,0
	return len;
    12de:	b7f5                	j	12ca <_flash_mem_cpy+0x82>

000012e0 <flash_mem_cpy>:

int32_t flash_mem_cpy()
{
    12e0:	1141                	addi	sp,sp,-16
    12e2:	c422                	sw	s0,8(sp)
    12e4:	c226                	sw	s1,4(sp)
	int32_t len;

    len = _flash_mem_cpy(s_mem_cpy_dat, s_mem_cpy_len);
    12e6:	a1c18413          	addi	s0,gp,-1508 # 200342cc <s_mem_cpy_len>
    12ea:	a1818493          	addi	s1,gp,-1512 # 200342c8 <s_mem_cpy_dat>
    12ee:	400c                	lw	a1,0(s0)
    12f0:	4088                	lw	a0,0(s1)
{
    12f2:	c606                	sw	ra,12(sp)
    len = _flash_mem_cpy(s_mem_cpy_dat, s_mem_cpy_len);
    12f4:	3f91                	jal	1248 <_flash_mem_cpy>
    if(len) {
    12f6:	c519                	beqz	a0,1304 <flash_mem_cpy+0x24>
		s_mem_cpy_dat = (int32_t *)((char *)s_mem_cpy_dat + len);
    12f8:	409c                	lw	a5,0(s1)
    12fa:	97aa                	add	a5,a5,a0
    12fc:	c09c                	sw	a5,0(s1)
		s_mem_cpy_len -= len;
    12fe:	401c                	lw	a5,0(s0)
    1300:	8f89                	sub	a5,a5,a0
    1302:	c01c                	sw	a5,0(s0)
    }

    return len;
}
    1304:	40b2                	lw	ra,12(sp)
    1306:	4422                	lw	s0,8(sp)
    1308:	4492                	lw	s1,4(sp)
    130a:	0141                	addi	sp,sp,16
    130c:	8082                	ret

0000130e <handle_mem_finish>:
// Execute Flag, Entry point Address
// Actually none of them is used for MEM_END!
esp_command_error
handle_mem_finish()
{
    esp_command_error res = s_mem_remaining > 0 ? ESP_NOT_ENOUGH_DATA : ESP_OK;
    130e:	200347b7          	lui	a5,0x20034
    1312:	0b47a703          	lw	a4,180(a5) # 200340b4 <s_mem_remaining>
    1316:	0c800513          	li	a0,200
    131a:	0b478793          	addi	a5,a5,180
    131e:	00e04363          	bgtz	a4,1324 <handle_mem_finish+0x16>
    1322:	4501                	li	a0,0
    BOOT_LOG("handle_mem_finish remain size is %d\n", s_mem_remaining);
    s_mem_remaining = 0x1;
    1324:	4705                	li	a4,1
    1326:	c398                	sw	a4,0(a5)
    // s_mem_offset = NULL;
    return res;
}
    1328:	8082                	ret

0000132a <handle_flash_finish>:

esp_command_error
handle_flash_finish()
{
    esp_command_error res = s_mem_remaining > 0 ? ESP_NOT_ENOUGH_DATA : ESP_OK;
    132a:	200347b7          	lui	a5,0x20034
    132e:	0b47a703          	lw	a4,180(a5) # 200340b4 <s_mem_remaining>
    1332:	0c800513          	li	a0,200
    1336:	0b478793          	addi	a5,a5,180
    133a:	00e04363          	bgtz	a4,1340 <handle_flash_finish+0x16>
    133e:	4501                	li	a0,0
    BOOT_LOG("handle_flash_finish remain size is %d\n", s_mem_remaining);
    s_mem_remaining = 0x1;
    1340:	4705                	li	a4,1
    1342:	c398                	sw	a4,0(a5)
    s_mem_offset = NULL;
    1344:	a201a423          	sw	zero,-1496(gp) # 200342d8 <s_mem_offset>
    return res;
}
    1348:	8082                	ret

0000134a <handle_flash_erase>:

esp_command_error
handle_flash_erase(uint32_t offset, uint32_t bytes)
{
    134a:	1141                	addi	sp,sp,-16
	flash_prog.flash_offset = offset;
    134c:	200347b7          	lui	a5,0x20034
{
    1350:	c606                	sw	ra,12(sp)
	flash_prog.flash_offset = offset;
    1352:	01078793          	addi	a5,a5,16 # 20034010 <flash_prog>
    1356:	c388                	sw	a0,0(a5)
	flash_prog.total_size = bytes;
	flash_prog.erase_size = 0;
	flash_prog.cnt = bytes;
	process_post(&flash_prog_process,  PROCESS_EVENT_ERASE, NULL);
    1358:	20034537          	lui	a0,0x20034
	flash_prog.total_size = bytes;
    135c:	c3cc                	sw	a1,4(a5)
	flash_prog.cnt = bytes;
    135e:	c7cc                	sw	a1,12(a5)
	process_post(&flash_prog_process,  PROCESS_EVENT_ERASE, NULL);
    1360:	4601                	li	a2,0
    1362:	45d1                	li	a1,20
    1364:	03450513          	addi	a0,a0,52 # 20034034 <flash_prog_process>
	flash_prog.erase_size = 0;
    1368:	0007a423          	sw	zero,8(a5)
	process_post(&flash_prog_process,  PROCESS_EVENT_ERASE, NULL);
    136c:	04b010ef          	jal	ra,2bb6 <process_post>
	return ESP_OK;
}
    1370:	40b2                	lw	ra,12(sp)
    1372:	4501                	li	a0,0
    1374:	0141                	addi	sp,sp,16
    1376:	8082                	ret

00001378 <handle_read_reg>:

esp_command_error
handle_read_reg(uint32_t addr, uint32_t *value)
{
    1378:	87aa                	mv	a5,a0
	if(addr & 0x3) {
    137a:	890d                	andi	a0,a0,3
    137c:	e501                	bnez	a0,1384 <handle_read_reg+0xc>
		return ESP_INVALID_COMMAND;
	}
	*value = inw(addr);
    137e:	439c                	lw	a5,0(a5)
    1380:	c19c                	sw	a5,0(a1)
	return ESP_OK;
    1382:	8082                	ret
		return ESP_INVALID_COMMAND;
    1384:	0c300513          	li	a0,195
}
    1388:	8082                	ret

0000138a <handle_write_reg>:

esp_command_error
handle_write_reg(uint32_t addr, uint32_t value, uint32_t mask)
{
    138a:	87aa                	mv	a5,a0
	uint32_t org;
	if(addr & 0x3) {
    138c:	890d                	andi	a0,a0,3
    138e:	e519                	bnez	a0,139c <handle_write_reg+0x12>
		return ESP_INVALID_COMMAND;
	}
	org = inw(addr);
    1390:	4398                	lw	a4,0(a5)
	outw(addr, (org & (~mask)) | (value & mask));
    1392:	8db9                	xor	a1,a1,a4
    1394:	8df1                	and	a1,a1,a2
    1396:	8db9                	xor	a1,a1,a4
    1398:	c38c                	sw	a1,0(a5)
	return ESP_OK;
    139a:	8082                	ret
		return ESP_INVALID_COMMAND;
    139c:	0c300513          	li	a0,195
}
    13a0:	8082                	ret

000013a2 <handle_user_cmd_start>:

esp_command_error
handle_user_cmd_start(uint32_t addr, uint32_t *value)
{
    13a2:	1141                	addi	sp,sp,-16
    13a4:	c04a                	sw	s2,0(sp)
	// security register erase
    flash_write_protection_set(&flash_dev, false);
    13a6:	20034937          	lui	s2,0x20034
{
    13aa:	c422                	sw	s0,8(sp)
    13ac:	c226                	sw	s1,4(sp)
    13ae:	842a                	mv	s0,a0
    13b0:	84ae                	mv	s1,a1
    flash_write_protection_set(&flash_dev, false);
    13b2:	05490513          	addi	a0,s2,84 # 20034054 <flash_dev>
    13b6:	4581                	li	a1,0
{
    13b8:	c606                	sw	ra,12(sp)
    flash_write_protection_set(&flash_dev, false);
    13ba:	714020ef          	jal	ra,3ace <flash_write_protection_set>
    esp_command_error res = flash_security_erase(&flash_dev, addr);
    13be:	85a2                	mv	a1,s0
    13c0:	05490513          	addi	a0,s2,84
    13c4:	649020ef          	jal	ra,420c <flash_security_erase>
    13c8:	842a                	mv	s0,a0
	flash_write_protection_set(&flash_dev, true);
    13ca:	4585                	li	a1,1
    13cc:	05490513          	addi	a0,s2,84
    13d0:	6fe020ef          	jal	ra,3ace <flash_write_protection_set>

	*value = res;
    return res;
}
    13d4:	40b2                	lw	ra,12(sp)
	*value = res;
    13d6:	c080                	sw	s0,0(s1)
}
    13d8:	8522                	mv	a0,s0
    13da:	4422                	lw	s0,8(sp)
    13dc:	4492                	lw	s1,4(sp)
    13de:	4902                	lw	s2,0(sp)
    13e0:	0141                	addi	sp,sp,16
    13e2:	8082                	ret

000013e4 <handle_user_cmd_end>:

esp_command_error
handle_user_cmd_end(uint32_t addr, uint32_t data_in, uint32_t data_mask, uint32_t *data_out)
{
    13e4:	7139                	addi	sp,sp,-64
    13e6:	da26                	sw	s1,52(sp)
    13e8:	d84a                	sw	s2,48(sp)
    uint32_t data_ret = 0;
    esp_command_error res = ESP_FAILED_SPI_OP;

    // set the related status register bits
    do {
        res = flash_status_register_get(&flash_dev, addr, &data_ret);
    13ea:	200344b7          	lui	s1,0x20034
    13ee:	0ff57913          	zext.b	s2,a0
{
    13f2:	dc22                	sw	s0,56(sp)
    13f4:	d452                	sw	s4,40(sp)
    13f6:	8432                	mv	s0,a2
    13f8:	8a2e                	mv	s4,a1
        res = flash_status_register_get(&flash_dev, addr, &data_ret);
    13fa:	0870                	addi	a2,sp,28
    13fc:	85ca                	mv	a1,s2
    13fe:	05448513          	addi	a0,s1,84 # 20034054 <flash_dev>
{
    1402:	d64e                	sw	s3,44(sp)
    1404:	de06                	sw	ra,60(sp)
    1406:	89b6                	mv	s3,a3
    uint32_t data_ret = 0;
    1408:	ce02                	sw	zero,28(sp)
        res = flash_status_register_get(&flash_dev, addr, &data_ret);
    140a:	2f3020ef          	jal	ra,3efc <flash_status_register_get>
        if(res)
    140e:	ed0d                	bnez	a0,1448 <handle_user_cmd_end+0x64>
            break;
        
        data_ret &= (~data_mask);
    1410:	47f2                	lw	a5,28(sp)
        data_in &= data_mask;
    1412:	01447633          	and	a2,s0,s4
        data_ret &= (~data_mask);
    1416:	4087f7b3          	andn	a5,a5,s0
        data_in |= data_ret;
    141a:	8e5d                	or	a2,a2,a5
        
        flash_write_protection_set(&flash_dev, false);
    141c:	4581                	li	a1,0
    141e:	05448513          	addi	a0,s1,84
        data_ret &= (~data_mask);
    1422:	ce3e                	sw	a5,28(sp)
        data_in |= data_ret;
    1424:	c632                	sw	a2,12(sp)
        flash_write_protection_set(&flash_dev, false);
    1426:	6a8020ef          	jal	ra,3ace <flash_write_protection_set>
        res = flash_status_register_set(&flash_dev, addr, data_in, data_out);
    142a:	4632                	lw	a2,12(sp)
    142c:	86ce                	mv	a3,s3
    142e:	85ca                	mv	a1,s2
    1430:	05448513          	addi	a0,s1,84
    1434:	3bb020ef          	jal	ra,3fee <flash_status_register_set>
    1438:	842a                	mv	s0,a0
        flash_write_protection_set(&flash_dev, true);
    143a:	4585                	li	a1,1
    143c:	05448513          	addi	a0,s1,84
    1440:	68e020ef          	jal	ra,3ace <flash_write_protection_set>
	
    } while(0);

	if(res)
		return ESP_FAILED_SPI_OP;
    return ESP_OK;
    1444:	4501                	li	a0,0
	if(res)
    1446:	c019                	beqz	s0,144c <handle_user_cmd_end+0x68>
		return ESP_FAILED_SPI_OP;
    1448:	0c400513          	li	a0,196
}
    144c:	50f2                	lw	ra,60(sp)
    144e:	5462                	lw	s0,56(sp)
    1450:	54d2                	lw	s1,52(sp)
    1452:	5942                	lw	s2,48(sp)
    1454:	59b2                	lw	s3,44(sp)
    1456:	5a22                	lw	s4,40(sp)
    1458:	6121                	addi	sp,sp,64
    145a:	8082                	ret

0000145c <handle_user_cmd_read>:

esp_command_error
handle_user_cmd_read(uint32_t addr, uint32_t *value)
{
    145c:	1141                	addi	sp,sp,-16
    145e:	c422                	sw	s0,8(sp)
    1460:	c606                	sw	ra,12(sp)
	if(addr & 0x3) {
    1462:	00357413          	andi	s0,a0,3
    1466:	e015                	bnez	s0,148a <handle_user_cmd_read+0x2e>
    1468:	862e                	mv	a2,a1
		return ESP_INVALID_COMMAND;
	}
    
    if(flash_security_read(&flash_dev, addr, value, 4))
    146a:	85aa                	mv	a1,a0
    146c:	20034537          	lui	a0,0x20034
    1470:	4691                	li	a3,4
    1472:	05450513          	addi	a0,a0,84 # 20034054 <flash_dev>
    1476:	5e5020ef          	jal	ra,425a <flash_security_read>
    147a:	c119                	beqz	a0,1480 <handle_user_cmd_read+0x24>
		return ESP_FAILED_SPI_OP;
    147c:	0c400413          	li	s0,196
	
    return ESP_OK;
}
    1480:	40b2                	lw	ra,12(sp)
    1482:	8522                	mv	a0,s0
    1484:	4422                	lw	s0,8(sp)
    1486:	0141                	addi	sp,sp,16
    1488:	8082                	ret
		return ESP_INVALID_COMMAND;
    148a:	0c300413          	li	s0,195
    148e:	bfcd                	j	1480 <handle_user_cmd_read+0x24>

00001490 <handle_user_cmd_write>:

esp_command_error
handle_user_cmd_write(uint32_t addr, uint32_t bytes, void* data, uint32_t length)
{
    1490:	1101                	addi	sp,sp,-32
    1492:	cc22                	sw	s0,24(sp)
    1494:	ce06                	sw	ra,28(sp)
    1496:	ca26                	sw	s1,20(sp)
    1498:	c84a                	sw	s2,16(sp)
    149a:	c64e                	sw	s3,12(sp)
	if(bytes > (length - 8)) {
    149c:	16e1                	addi	a3,a3,-8
		return ESP_BAD_DATA_LEN;
    149e:	0c000413          	li	s0,192
	if(bytes > (length - 8)) {
    14a2:	02b6ea63          	bltu	a3,a1,14d6 <handle_user_cmd_write+0x46>
	}

	unsigned char* buf = (unsigned char*)(data + 8);

    flash_write_protection_set(&flash_dev, false);
    14a6:	200344b7          	lui	s1,0x20034
    14aa:	842e                	mv	s0,a1
    14ac:	892a                	mv	s2,a0
    14ae:	4581                	li	a1,0
    14b0:	05448513          	addi	a0,s1,84 # 20034054 <flash_dev>
    14b4:	89b2                	mv	s3,a2
    14b6:	618020ef          	jal	ra,3ace <flash_write_protection_set>
    esp_command_error res = flash_security_write(&flash_dev, addr, buf, bytes);
    14ba:	86a2                	mv	a3,s0
    14bc:	85ca                	mv	a1,s2
    14be:	00898613          	addi	a2,s3,8
    14c2:	05448513          	addi	a0,s1,84
    14c6:	4df020ef          	jal	ra,41a4 <flash_security_write>
    14ca:	842a                	mv	s0,a0
	flash_write_protection_set(&flash_dev, true);
    14cc:	4585                	li	a1,1
    14ce:	05448513          	addi	a0,s1,84
    14d2:	5fc020ef          	jal	ra,3ace <flash_write_protection_set>
    return res;
}
    14d6:	40f2                	lw	ra,28(sp)
    14d8:	8522                	mv	a0,s0
    14da:	4462                	lw	s0,24(sp)
    14dc:	44d2                	lw	s1,20(sp)
    14de:	4942                	lw	s2,16(sp)
    14e0:	49b2                	lw	s3,12(sp)
    14e2:	6105                	addi	sp,sp,32
    14e4:	8082                	ret

000014e6 <calculate_checksum>:

uint8_t
calculate_checksum(uint8_t* buf, int length)
{
    14e6:	872a                	mv	a4,a0
    int i;
    uint8_t res = 0xef;
    for (i = 0; i < length; i++) {
    14e8:	4781                	li	a5,0
    uint8_t res = 0xef;
    14ea:	0ef00513          	li	a0,239
    for (i = 0; i < length; i++) {
    14ee:	00b7c363          	blt	a5,a1,14f4 <calculate_checksum+0xe>
        res ^= buf[i];
    }
    return res;
}
    14f2:	8082                	ret
        res ^= buf[i];
    14f4:	00f706b3          	add	a3,a4,a5
    14f8:	0006c683          	lbu	a3,0(a3)
    for (i = 0; i < length; i++) {
    14fc:	0785                	addi	a5,a5,1
        res ^= buf[i];
    14fe:	8d35                	xor	a0,a0,a3
    for (i = 0; i < length; i++) {
    1500:	b7fd                	j	14ee <calculate_checksum+0x8>

00001502 <do_cmd>:
    return true;
}

int32_t
do_cmd(uint8_t* buf, int32_t* len, comm_type comm)
{
    1502:	7119                	addi	sp,sp,-128
    1504:	daa6                	sw	s1,116(sp)
    1506:	d8ca                	sw	s2,112(sp)
    1508:	d6ce                	sw	s3,108(sp)
    150a:	d4d2                	sw	s4,104(sp)
    150c:	de86                	sw	ra,124(sp)
    150e:	dca2                	sw	s0,120(sp)
    1510:	d2d6                	sw	s5,100(sp)
    1512:	d0da                	sw	s6,96(sp)
    1514:	cede                	sw	s7,92(sp)
    1516:	89aa                	mv	s3,a0
    1518:	8a2e                	mv	s4,a1
    151a:	8932                	mv	s2,a2
    151c:	84aa                	mv	s1,a0
    bool is_valid_cmd = true;
    esp_command_req_t* command = (esp_command_req_t*)buf;  //default value

    if (comm == COMM_TYPE_UART) {
    151e:	e609                	bnez	a2,1528 <do_cmd+0x26>
        //set value to ub.command, start to handle cmd
        ub.command = (esp_command_req_t*)ub.reading_buf;
    1520:	ad018793          	addi	a5,gp,-1328 # 20034380 <ub>
    1524:	4384                	lw	s1,0(a5)
    1526:	cb84                	sw	s1,16(a5)
    /* provide easy access for 32-bit data words */
    uint32_t* data_words = (uint32_t*)command->data_buf;
    /* response header */
    esp_command_response_t resp = {
        .resp = 1,
        .op_ret = command->op,
    1528:	0014c703          	lbu	a4,1(s1)
    esp_command_response_t resp = {
    152c:	4785                	li	a5,1
    152e:	00f10223          	sb	a5,4(sp)
    1532:	4789                	li	a5,2
    1534:	00e102a3          	sb	a4,5(sp)
    1538:	00f11323          	sh	a5,6(sp)
    153c:	c402                	sw	zero,8(sp)
    esp_command_error error = ESP_CMD_NOT_IMPLEMENTED;
    int32_t bytes = 0, status = 0, ret = -1;
    uint8_t cs;
    uint32_t data_ext[17];	// __attribute__((aligned(4)));
    uint8_t* dbuf = command->data_buf + 16;
    int32_t dlen = command->data_len - 16;
    153e:	0034c783          	lbu	a5,3(s1)
    1542:	0024c683          	lbu	a3,2(s1)
    1546:	07a2                	slli	a5,a5,0x8
    1548:	8fd5                	or	a5,a5,a3

    /* First stage of command processing - before sending error/status */
    BOOT_LOG("cmd is 0x%02x, size is %d, checksum is 0x%x\n",
                command->op, command->data_len, command->checksum);
    switch (command->op) {
    154a:	02300693          	li	a3,35
    uint8_t* dbuf = command->data_buf + 16;
    154e:	01848a93          	addi	s5,s1,24
    int32_t dlen = command->data_len - 16;
    1552:	ff078b13          	addi	s6,a5,-16
    switch (command->op) {
    1556:	02e6e063          	bltu	a3,a4,1576 <do_cmd+0x74>
    155a:	c315                	beqz	a4,157e <do_cmd+0x7c>
    155c:	177d                	addi	a4,a4,-1
    155e:	0ff77713          	zext.b	a4,a4
    1562:	02200693          	li	a3,34
    1566:	00e6ec63          	bltu	a3,a4,157e <do_cmd+0x7c>
    156a:	86418693          	addi	a3,gp,-1948 # 20034114 <SystemCoreClock+0x4c>
    156e:	20d74733          	sh2add	a4,a4,a3
    1572:	4318                	lw	a4,0(a4)
    1574:	8702                	jr	a4
    1576:	0d100793          	li	a5,209
    157a:	14f70963          	beq	a4,a5,16cc <do_cmd+0x1ca>
    157e:	0ff00413          	li	s0,255
    1582:	4a81                	li	s5,0
    1584:	a825                	j	15bc <do_cmd+0xba>
    return (command->data_len == len) ? ESP_OK : ESP_BAD_DATA_LEN;
    1586:	4741                	li	a4,16
        case ESP_MEM_BEGIN:
            error = verify_data_len(command, 16) || handle_mem_begin(data_words[0], data_words[3]);
    1588:	4505                	li	a0,1
    return (command->data_len == len) ? ESP_OK : ESP_BAD_DATA_LEN;
    158a:	02e79763          	bne	a5,a4,15b8 <do_cmd+0xb6>
            error = verify_data_len(command, 16) || handle_mem_begin(data_words[0], data_words[3]);
    158e:	48cc                	lw	a1,20(s1)
    1590:	4488                	lw	a0,8(s1)
    1592:	ac3ff0ef          	jal	ra,1054 <handle_mem_begin>
				error = ESP_BAD_DATA_CHECKSUM;
			}
			BOOT_LOG("ESP_MEM_DATA error code is %d\n", error);
            break;
        case ESP_MEM_END:
            error = verify_data_len(command, 8) || handle_mem_finish();
    1596:	00a03533          	snez	a0,a0
    159a:	a839                	j	15b8 <do_cmd+0xb6>
			cs = calculate_checksum(dbuf, dlen);
    159c:	85da                	mv	a1,s6
    159e:	8556                	mv	a0,s5
    15a0:	3799                	jal	14e6 <calculate_checksum>
			if (cs == (uint8_t)command->checksum) {
    15a2:	0044c783          	lbu	a5,4(s1)
				error = ESP_BAD_DATA_CHECKSUM;
    15a6:	0c100413          	li	s0,193
			if (cs == (uint8_t)command->checksum) {
    15aa:	02a79963          	bne	a5,a0,15dc <do_cmd+0xda>
				error = handle_mem_data(dbuf, data_words[1], dlen);
    15ae:	44cc                	lw	a1,12(s1)
    15b0:	865a                	mv	a2,s6
    15b2:	8556                	mv	a0,s5
    15b4:	b49ff0ef          	jal	ra,10fc <handle_mem_data>
    15b8:	842a                	mv	s0,a0
    bool is_valid_cmd = true;
    15ba:	4a85                	li	s5,1
        default:
            is_valid_cmd = false;
            break;
    }

	if(error != 0) {
    15bc:	00803b33          	snez	s6,s0
    15c0:	4b81                	li	s7,0
    15c2:	a051                	j	1646 <do_cmd+0x144>
    return (command->data_len == len) ? ESP_OK : ESP_BAD_DATA_LEN;
    15c4:	4721                	li	a4,8
            error = verify_data_len(command, 8) || handle_mem_finish();
    15c6:	4505                	li	a0,1
    return (command->data_len == len) ? ESP_OK : ESP_BAD_DATA_LEN;
    15c8:	fee798e3          	bne	a5,a4,15b8 <do_cmd+0xb6>
            error = verify_data_len(command, 8) || handle_mem_finish();
    15cc:	3389                	jal	130e <handle_mem_finish>
    15ce:	b7e1                	j	1596 <do_cmd+0x94>
    return (command->data_len == len) ? ESP_OK : ESP_BAD_DATA_LEN;
    15d0:	02400713          	li	a4,36
    15d4:	0ee78563          	beq	a5,a4,16be <do_cmd+0x1bc>
    15d8:	0c000413          	li	s0,192
		// if error occurs, status is supposed to set to 1
		status = 1;
	}

	if (comm == COMM_TYPE_UART) {
    15dc:	0a091963          	bnez	s2,168e <do_cmd+0x18c>
    15e0:	4b81                	li	s7,0
    15e2:	4a85                	li	s5,1
    15e4:	4b05                	li	s6,1
    15e6:	a095                	j	164a <do_cmd+0x148>
    return (command->data_len == len) ? ESP_OK : ESP_BAD_DATA_LEN;
    15e8:	fbe5                	bnez	a5,15d8 <do_cmd+0xd6>
            status = ROM_CODE_VERSION;
    15ea:	4b15                	li	s6,5
    15ec:	a8d1                	j	16c0 <do_cmd+0x1be>
    return (command->data_len == len) ? ESP_OK : ESP_BAD_DATA_LEN;
    15ee:	4741                	li	a4,16
        	error = verify_data_len(command, 16) || handle_flash_begin(data_words[0], data_words[3]);
    15f0:	4505                	li	a0,1
    return (command->data_len == len) ? ESP_OK : ESP_BAD_DATA_LEN;
    15f2:	fce793e3          	bne	a5,a4,15b8 <do_cmd+0xb6>
        	error = verify_data_len(command, 16) || handle_flash_begin(data_words[0], data_words[3]);
    15f6:	48cc                	lw	a1,20(s1)
    15f8:	4488                	lw	a0,8(s1)
    15fa:	a7fff0ef          	jal	ra,1078 <handle_flash_begin>
    15fe:	bf61                	j	1596 <do_cmd+0x94>
			cs = calculate_checksum(dbuf, dlen);
    1600:	85da                	mv	a1,s6
    1602:	8556                	mv	a0,s5
    1604:	35cd                	jal	14e6 <calculate_checksum>
			if (cs == (uint8_t)command->checksum) {
    1606:	0044c783          	lbu	a5,4(s1)
				error = ESP_BAD_DATA_CHECKSUM;
    160a:	0c100413          	li	s0,193
			if (cs == (uint8_t)command->checksum) {
    160e:	fca797e3          	bne	a5,a0,15dc <do_cmd+0xda>
				error = handle_flash_data(dbuf, data_words[1], dlen);
    1612:	44cc                	lw	a1,12(s1)
    1614:	865a                	mv	a2,s6
    1616:	8556                	mv	a0,s5
    1618:	b31ff0ef          	jal	ra,1148 <handle_flash_data>
    161c:	bf71                	j	15b8 <do_cmd+0xb6>
    return (command->data_len == len) ? ESP_OK : ESP_BAD_DATA_LEN;
    161e:	4711                	li	a4,4
        	error = verify_data_len(command, 4) || handle_flash_finish();
    1620:	4505                	li	a0,1
    return (command->data_len == len) ? ESP_OK : ESP_BAD_DATA_LEN;
    1622:	f8e79be3          	bne	a5,a4,15b8 <do_cmd+0xb6>
        	error = verify_data_len(command, 4) || handle_flash_finish();
    1626:	3311                	jal	132a <handle_flash_finish>
    1628:	b7bd                	j	1596 <do_cmd+0x94>
        	error = mbedtls_md5_ret((uint8_t*)data_words[0] + AP_FLASH_BASE, data_words[1], data_ext);
    162a:	449c                	lw	a5,8(s1)
    162c:	44cc                	lw	a1,12(s1)
    162e:	30000537          	lui	a0,0x30000
    1632:	0070                	addi	a2,sp,12
    1634:	953e                	add	a0,a0,a5
    1636:	7a9000ef          	jal	ra,25de <mbedtls_md5_ret>
    163a:	8b2a                	mv	s6,a0
			bytes = 16;
    163c:	4bc1                	li	s7,16
			if(error){
    163e:	10051a63          	bnez	a0,1752 <do_cmd+0x250>
    1642:	4401                	li	s0,0
    1644:	4a85                	li	s5,1
	if (comm == COMM_TYPE_UART) {
    1646:	04091263          	bnez	s2,168a <do_cmd+0x188>
		//set error state for post-do-cmd
		ub.error = error;

		SLIP_init((char*)buf, (char*)NULL);
    164a:	4581                	li	a1,0
    164c:	854e                	mv	a0,s3
		ub.error = error;
    164e:	ac81ae23          	sw	s0,-1316(gp) # 2003438c <ub+0xc>
		SLIP_init((char*)buf, (char*)NULL);
    1652:	863ff0ef          	jal	ra,eb4 <SLIP_init>
		/*respons package*/
		SLIP_send_frame_delimiter();
    1656:	88dff0ef          	jal	ra,ee2 <SLIP_send_frame_delimiter>
		SLIP_send_frame_data_buf(&resp, sizeof(esp_command_response_t));
    165a:	45a1                	li	a1,8
    165c:	0048                	addi	a0,sp,4
    165e:	8b7ff0ef          	jal	ra,f14 <SLIP_send_frame_data_buf>
		SLIP_send_frame_data(error);
    1662:	0ff47513          	zext.b	a0,s0
    1666:	883ff0ef          	jal	ra,ee8 <SLIP_send_frame_data>
		SLIP_send_frame_data(status);
    166a:	0ffb7513          	zext.b	a0,s6
    166e:	87bff0ef          	jal	ra,ee8 <SLIP_send_frame_data>
		if(bytes) {
    1672:	000b8663          	beqz	s7,167e <do_cmd+0x17c>
			SLIP_send_frame_data_buf(data_ext, bytes);
    1676:	85de                	mv	a1,s7
    1678:	0068                	addi	a0,sp,12
    167a:	89bff0ef          	jal	ra,f14 <SLIP_send_frame_data_buf>
		}
		SLIP_send_frame_delimiter();
    167e:	865ff0ef          	jal	ra,ee2 <SLIP_send_frame_delimiter>

		*len = SLIP_get_tx_size();
    1682:	845ff0ef          	jal	ra,ec6 <SLIP_get_tx_size>
    1686:	00aa2023          	sw	a0,0(s4) # 1000 <__HEAP_SIZE>
	}

    if(is_valid_cmd && (error == ESP_OK)) {
    168a:	0c0a9b63          	bnez	s5,1760 <do_cmd+0x25e>
    int32_t bytes = 0, status = 0, ret = -1;
    168e:	557d                	li	a0,-1
    	ret = command->op;
    }

    //return command id
    return ret;
}
    1690:	50f6                	lw	ra,124(sp)
    1692:	5466                	lw	s0,120(sp)
    1694:	54d6                	lw	s1,116(sp)
    1696:	5946                	lw	s2,112(sp)
    1698:	59b6                	lw	s3,108(sp)
    169a:	5a26                	lw	s4,104(sp)
    169c:	5a96                	lw	s5,100(sp)
    169e:	5b06                	lw	s6,96(sp)
    16a0:	4bf6                	lw	s7,92(sp)
    16a2:	6109                	addi	sp,sp,128
    16a4:	8082                	ret
        	if(data_words[1] != cur_baud_rate) {
    16a6:	200347b7          	lui	a5,0x20034
    16aa:	44d8                	lw	a4,12(s1)
    16ac:	0b87a783          	lw	a5,184(a5) # 200340b8 <cur_baud_rate>
        		error = ESP_INVALID_COMMAND;
    16b0:	0c300413          	li	s0,195
        	if(data_words[1] != cur_baud_rate) {
    16b4:	f2f714e3          	bne	a4,a5,15dc <do_cmd+0xda>
        		nxt_baud_rate = data_words[0];
    16b8:	4498                	lw	a4,8(s1)
    16ba:	80e1a623          	sw	a4,-2036(gp) # 200340bc <nxt_baud_rate>
    int32_t bytes = 0, status = 0, ret = -1;
    16be:	4b01                	li	s6,0
	if (comm == COMM_TYPE_UART) {
    16c0:	0a091263          	bnez	s2,1764 <do_cmd+0x262>
    16c4:	4401                	li	s0,0
    16c6:	4b81                	li	s7,0
    16c8:	4a85                	li	s5,1
    16ca:	b741                	j	164a <do_cmd+0x148>
        	error = handle_flash_erase(data_words[0], data_words[1]);
    16cc:	44cc                	lw	a1,12(s1)
    16ce:	4488                	lw	a0,8(s1)
    16d0:	39ad                	jal	134a <handle_flash_erase>
    16d2:	b5dd                	j	15b8 <do_cmd+0xb6>
    return (command->data_len == len) ? ESP_OK : ESP_BAD_DATA_LEN;
    16d4:	4711                	li	a4,4
    16d6:	00e78563          	beq	a5,a4,16e0 <do_cmd+0x1de>
				error = ESP_IMG_UNKNOWN_ERROR;
    16da:	0fe00413          	li	s0,254
    16de:	bdfd                	j	15dc <do_cmd+0xda>
        	error = verify_data_len(command, 4) || handle_read_reg(data_words[0], &(resp.value));
    16e0:	4488                	lw	a0,8(s1)
    16e2:	002c                	addi	a1,sp,8
    16e4:	3951                	jal	1378 <handle_read_reg>
        	if(error){
    16e6:	dd61                	beqz	a0,16be <do_cmd+0x1bc>
    16e8:	bfcd                	j	16da <do_cmd+0x1d8>
        	error = handle_write_reg(data_words[0], data_words[1], data_words[2]);
    16ea:	4890                	lw	a2,16(s1)
    16ec:	44cc                	lw	a1,12(s1)
    16ee:	4488                	lw	a0,8(s1)
    16f0:	3969                	jal	138a <handle_write_reg>
    16f2:	b5d9                	j	15b8 <do_cmd+0xb6>
    return (command->data_len == len) ? ESP_OK : ESP_BAD_DATA_LEN;
    16f4:	4711                	li	a4,4
    16f6:	00e78863          	beq	a5,a4,1706 <do_cmd+0x204>
    int32_t bytes = 0, status = 0, ret = -1;
    16fa:	4b81                	li	s7,0
				error = ESP_INVALID_DATA;
    16fc:	0cc00413          	li	s0,204
    1700:	4a85                	li	s5,1
		status = 1;
    1702:	4b05                	li	s6,1
    1704:	b789                	j	1646 <do_cmd+0x144>
        	error = verify_data_len(command, 4) || handle_user_cmd_start(data_words[0], &(resp.value));
    1706:	4488                	lw	a0,8(s1)
    1708:	002c                	addi	a1,sp,8
    170a:	3961                	jal	13a2 <handle_user_cmd_start>
        	if(error){
    170c:	f57d                	bnez	a0,16fa <do_cmd+0x1f8>
    int32_t bytes = 0, status = 0, ret = -1;
    170e:	4b81                	li	s7,0
    1710:	4401                	li	s0,0
    1712:	4a85                	li	s5,1
    1714:	4b01                	li	s6,0
    1716:	bf05                	j	1646 <do_cmd+0x144>
    return (command->data_len == len) ? ESP_OK : ESP_BAD_DATA_LEN;
    1718:	4741                	li	a4,16
    171a:	fee790e3          	bne	a5,a4,16fa <do_cmd+0x1f8>
        	error = verify_data_len(command, 16) || handle_user_cmd_end(data_words[0], data_words[1], data_words[2], &(resp.value));
    171e:	4890                	lw	a2,16(s1)
    1720:	44cc                	lw	a1,12(s1)
    1722:	4488                	lw	a0,8(s1)
    1724:	0034                	addi	a3,sp,8
    1726:	397d                	jal	13e4 <handle_user_cmd_end>
    1728:	b7d5                	j	170c <do_cmd+0x20a>
    return (command->data_len == len) ? ESP_OK : ESP_BAD_DATA_LEN;
    172a:	4711                	li	a4,4
    172c:	fce797e3          	bne	a5,a4,16fa <do_cmd+0x1f8>
        	error = verify_data_len(command, 4) || handle_user_cmd_read(data_words[0], &(resp.value));
    1730:	4488                	lw	a0,8(s1)
    1732:	002c                	addi	a1,sp,8
    1734:	3325                	jal	145c <handle_user_cmd_read>
    1736:	bfd9                	j	170c <do_cmd+0x20a>
			cs = calculate_checksum(dbuf, dlen);
    1738:	85da                	mv	a1,s6
    173a:	8556                	mv	a0,s5
    173c:	336d                	jal	14e6 <calculate_checksum>
			if (cs == (uint8_t)command->checksum) {
    173e:	0044c783          	lbu	a5,4(s1)
    1742:	00a79b63          	bne	a5,a0,1758 <do_cmd+0x256>
				error = handle_user_cmd_write(data_words[4], data_words[5], dbuf, dlen);
    1746:	4ccc                	lw	a1,28(s1)
    1748:	4c88                	lw	a0,24(s1)
    174a:	86da                	mv	a3,s6
    174c:	8656                	mv	a2,s5
    174e:	3389                	jal	1490 <handle_user_cmd_write>
    1750:	b5a5                	j	15b8 <do_cmd+0xb6>
				error = ESP_IMG_UNKNOWN_ERROR;
    1752:	0fe00413          	li	s0,254
    1756:	b76d                	j	1700 <do_cmd+0x1fe>
    int32_t bytes = 0, status = 0, ret = -1;
    1758:	4b81                	li	s7,0
				error = ESP_BAD_DATA_CHECKSUM;
    175a:	0c100413          	li	s0,193
    175e:	b74d                	j	1700 <do_cmd+0x1fe>
    if(is_valid_cmd && (error == ESP_OK)) {
    1760:	f20417e3          	bnez	s0,168e <do_cmd+0x18c>
    	ret = command->op;
    1764:	0014c503          	lbu	a0,1(s1)
    return ret;
    1768:	b725                	j	1690 <do_cmd+0x18e>

0000176a <set_resp_error>:
    //FIXME, not think about slip, simply write fix location
    //buf[1 + sizeof(esp_command_response_t)] = error;

    uint32_t idx = sizeof(esp_command_response_t);
    if (comm == COMM_TYPE_UART)
        idx++; //for SLIP delimiter
    176a:	00163613          	seqz	a2,a2
    176e:	0621                	addi	a2,a2,8

    //BSD: first error, then status?
    buf[idx] = error;
    1770:	962a                	add	a2,a2,a0
    1772:	00b60023          	sb	a1,0(a2) # 30000000 <_sp+0xffc8000>
    buf[idx + 1] = (error == ESP_OK ? 0 : 1); //status
    1776:	00b035b3          	snez	a1,a1
    177a:	00b600a3          	sb	a1,1(a2)
}
    177e:	8082                	ret

00001780 <UART_EventCallback>:

void UART_EventCallback(uint32_t event, void* workspace)
{
	static int32_t usart_rx_event_complete = 0;

    switch(event) {
    1780:	4789                	li	a5,2
    1782:	00f50c63          	beq	a0,a5,179a <UART_EventCallback+0x1a>
    1786:	04000793          	li	a5,64
    178a:	00f50863          	beq	a0,a5,179a <UART_EventCallback+0x1a>
    178e:	4785                	li	a5,1
    1790:	02f51063          	bne	a0,a5,17b0 <UART_EventCallback+0x30>
    case CSK_UART_EVENT_SEND_COMPLETE:
    	usart_tx_event_complete = event;
    1794:	a4a1a823          	sw	a0,-1456(gp) # 20034300 <usart_tx_event_complete>
    	break;
    1798:	8082                	ret
    case CSK_UART_EVENT_RX_TIMEOUT:
    case CSK_UART_EVENT_RECEIVE_COMPLETE:
    	usart_rx_event_complete = event;
    179a:	a4a1a623          	sw	a0,-1460(gp) # 200342fc <usart_rx_event_complete.7>
    	process_post(&uart_boot_process,  PROCESS_EVENT_UART_RXD, &usart_rx_event_complete);
    179e:	20034537          	lui	a0,0x20034
    17a2:	a4c18613          	addi	a2,gp,-1460 # 200342fc <usart_rx_event_complete.7>
    17a6:	45c1                	li	a1,16
    17a8:	07450513          	addi	a0,a0,116 # 20034074 <uart_boot_process>
    17ac:	40a0106f          	j	2bb6 <process_post>
    	break;
    default:
    	break;
    }
}
    17b0:	8082                	ret

000017b2 <uart_dev_event>:

void uart_dev_event(uint32_t event)
{
	static int32_t uart_event = 0;
	uart_event = CSK_UART_EVENT_RX_TIMEOUT;
    17b2:	04000793          	li	a5,64
	process_post(&uart_boot_process,  PROCESS_EVENT_UART_RXD, &uart_event);
    17b6:	20034537          	lui	a0,0x20034
	uart_event = CSK_UART_EVENT_RX_TIMEOUT;
    17ba:	a4f1a423          	sw	a5,-1464(gp) # 200342f8 <uart_event.6>
	process_post(&uart_boot_process,  PROCESS_EVENT_UART_RXD, &uart_event);
    17be:	45c1                	li	a1,16
    17c0:	a4818613          	addi	a2,gp,-1464 # 200342f8 <uart_event.6>
    17c4:	07450513          	addi	a0,a0,116 # 20034074 <uart_boot_process>
    17c8:	3ee0106f          	j	2bb6 <process_post>

000017cc <uart_dev_mode>:

}

void uart_dev_mode(uint32_t mode)
{
	if(mode == CSK_UART_MODE_ASYNCHRONOUS_TIMEOUT || mode == CSK_UART_MODE_HALF_DUPLEX_TIMEOUT) {
    17cc:	4789                	li	a5,2
    17ce:	00f50563          	beq	a0,a5,17d8 <uart_dev_mode+0xc>
    17d2:	47c1                	li	a5,16
    17d4:	00f51463          	bne	a0,a5,17dc <uart_dev_mode+0x10>
		uart_mode = mode;
    17d8:	80a1a823          	sw	a0,-2032(gp) # 200340c0 <uart_mode>
	}
}
    17dc:	8082                	ret

000017de <uart_dev_init>:

void uart_dev_init(uint32_t baud_rate)
{
    17de:	1141                	addi	sp,sp,-16
    17e0:	c422                	sw	s0,8(sp)
	UART_PowerControl(UART_Handler, CSK_POWER_OFF);
    17e2:	a3818413          	addi	s0,gp,-1480 # 200342e8 <UART_Handler>
{
    17e6:	c226                	sw	s1,4(sp)
    17e8:	84aa                	mv	s1,a0
	UART_PowerControl(UART_Handler, CSK_POWER_OFF);
    17ea:	4008                	lw	a0,0(s0)
    17ec:	4581                	li	a1,0
{
    17ee:	c606                	sw	ra,12(sp)
	UART_PowerControl(UART_Handler, CSK_POWER_OFF);
    17f0:	5ad010ef          	jal	ra,359c <UART_PowerControl>

	UART_Uninitialize(UART_Handler);
    17f4:	4008                	lw	a0,0(s0)
    17f6:	545010ef          	jal	ra,353a <UART_Uninitialize>

	UART_Initialize(UART_Handler, UART_EventCallback, NULL);
    17fa:	4008                	lw	a0,0(s0)
    17fc:	6585                	lui	a1,0x1
    17fe:	4601                	li	a2,0
    1800:	78058593          	addi	a1,a1,1920 # 1780 <UART_EventCallback>
    1804:	4d1010ef          	jal	ra,34d4 <UART_Initialize>

	UART_PowerControl(UART_Handler, CSK_POWER_FULL);
    1808:	4008                	lw	a0,0(s0)
    180a:	4589                	li	a1,2
    180c:	591010ef          	jal	ra,359c <UART_PowerControl>

	UART_Control(UART_Handler, uart_mode |
    1810:	8101a583          	lw	a1,-2032(gp) # 200340c0 <uart_mode>
    1814:	4008                	lw	a0,0(s0)
    1816:	8626                	mv	a2,s1
    1818:	29259593          	bseti	a1,a1,0x12
    181c:	755010ef          	jal	ra,3770 <UART_Control>
                        CSK_UART_STOP_BITS_1 |
                        CSK_UART_FLOW_CONTROL_NONE |
                        CSK_UART_Function_CONTROL_Int |
                        CSK_UART_GPIO_CONTROL_DEFAULT, baud_rate);

	UART_Control(UART_Handler, CSK_UART_CONTROL_TX, 1);
    1820:	4008                	lw	a0,0(s0)
    1822:	4605                	li	a2,1
    1824:	45d5                	li	a1,21
    1826:	74b010ef          	jal	ra,3770 <UART_Control>
	UART_Control(UART_Handler, CSK_UART_CONTROL_RX, 1);
    182a:	4008                	lw	a0,0(s0)
}
    182c:	4422                	lw	s0,8(sp)
    182e:	40b2                	lw	ra,12(sp)
    1830:	4492                	lw	s1,4(sp)
	UART_Control(UART_Handler, CSK_UART_CONTROL_RX, 1);
    1832:	4605                	li	a2,1
    1834:	45d9                	li	a1,22
}
    1836:	0141                	addi	sp,sp,16
	UART_Control(UART_Handler, CSK_UART_CONTROL_RX, 1);
    1838:	7390106f          	j	3770 <UART_Control>

0000183c <uart_init>:

void uart_init(void)
{
    183c:	1141                	addi	sp,sp,-16
    183e:	c606                	sw	ra,12(sp)
	UART_Handler = UART0();
    1840:	451010ef          	jal	ra,3490 <UART0>
    1844:	a2a1ac23          	sw	a0,-1480(gp) # 200342e8 <UART_Handler>

    uart_dev_init(cur_baud_rate);
    1848:	8081a503          	lw	a0,-2040(gp) # 200340b8 <cur_baud_rate>
    184c:	3f49                	jal	17de <uart_dev_init>
//    UART_Send(UART_Handler, "012345678901234567890123456789", 30);  // just for debug
    ub_state_init();
    184e:	f6cff0ef          	jal	ra,fba <ub_state_init>
    process_start(&uart_boot_process, NULL);
    1852:	20034537          	lui	a0,0x20034
    1856:	4581                	li	a1,0
    1858:	07450513          	addi	a0,a0,116 # 20034074 <uart_boot_process>
    185c:	3b2010ef          	jal	ra,2c0e <process_start>
    flash_prog_init();
}
    1860:	40b2                	lw	ra,12(sp)
    1862:	0141                	addi	sp,sp,16
    flash_prog_init();
    1864:	e01fe06f          	j	664 <flash_prog_init>

00001868 <uart_wait_tx_rdy>:

int32_t uart_wait_tx_rdy()
{
    1868:	1101                	addi	sp,sp,-32
    186a:	ce06                	sw	ra,28(sp)
    186c:	cc22                	sw	s0,24(sp)
	CSK_UART_STATUS uart_status;

	while(usart_tx_event_complete == 0);
    186e:	a5018793          	addi	a5,gp,-1456 # 20034300 <usart_tx_event_complete>
    1872:	439c                	lw	a5,0(a5)
    1874:	dfed                	beqz	a5,186e <uart_wait_tx_rdy+0x6>
	do {
		UART_GetStatus(UART_Handler, &uart_status);
    1876:	a381a503          	lw	a0,-1480(gp) # 200342e8 <UART_Handler>
    187a:	006c                	addi	a1,sp,12
    187c:	1b2020ef          	jal	ra,3a2e <UART_GetStatus>
		if(uart_status.tx_busy == 0) break;
    1880:	47b2                	lw	a5,12(sp)
    1882:	8b85                	andi	a5,a5,1
    1884:	fbed                	bnez	a5,1876 <uart_wait_tx_rdy+0xe>
	} while(1);
	return 0;
}
    1886:	40f2                	lw	ra,28(sp)
    1888:	4462                	lw	s0,24(sp)
    188a:	4501                	li	a0,0
    188c:	6105                	addi	sp,sp,32
    188e:	8082                	ret

00001890 <process_thread_uart_boot_process>:

PROCESS_THREAD(uart_boot_process, ev, data)
{
    1890:	1101                	addi	sp,sp,-32
	static int32_t n = 0, cmd_id, rdy, error = 0;
	static uint32_t verify_header_status;
	static uint8_t *cmd = (uint8_t *)SLIP_RX_BUF;

	PROCESS_BEGIN();
    1892:	00055783          	lhu	a5,0(a0)
{
    1896:	cc22                	sw	s0,24(sp)
    1898:	ce06                	sw	ra,28(sp)
    189a:	ca26                	sw	s1,20(sp)
    189c:	c84a                	sw	s2,16(sp)
    189e:	c64e                	sw	s3,12(sp)
    18a0:	c452                	sw	s4,8(sp)
    18a2:	c256                	sw	s5,4(sp)
	PROCESS_BEGIN();
    18a4:	0a800713          	li	a4,168
{
    18a8:	842a                	mv	s0,a0
	PROCESS_BEGIN();
    18aa:	1ae78563          	beq	a5,a4,1a54 <process_thread_uart_boot_process+0x1c4>
    18ae:	00f76b63          	bltu	a4,a5,18c4 <process_thread_uart_boot_process+0x34>
    18b2:	cfad                	beqz	a5,192c <process_thread_uart_boot_process+0x9c>
    18b4:	07200713          	li	a4,114
    18b8:	02e78963          	beq	a5,a4,18ea <process_thread_uart_boot_process+0x5a>
			//reset n for next rx frame
			n = 0;
		}
	}

	PROCESS_END();
    18bc:	00041023          	sh	zero,0(s0)
    18c0:	450d                	li	a0,3
    18c2:	a071                	j	194e <process_thread_uart_boot_process+0xbe>
	PROCESS_BEGIN();
    18c4:	0b400713          	li	a4,180
    18c8:	1ae78d63          	beq	a5,a4,1a82 <process_thread_uart_boot_process+0x1f2>
    18cc:	0bc00713          	li	a4,188
    18d0:	fee796e3          	bne	a5,a4,18bc <process_thread_uart_boot_process+0x2c>
					if(ev == PROCESS_EVENT_PROG_OK) {
    18d4:	47d5                	li	a5,21
    18d6:	0ef58663          	beq	a1,a5,19c2 <process_thread_uart_boot_process+0x132>
					} else if(ev == PROCESS_EVENT_PROG_ERR) {
    18da:	47cd                	li	a5,19
    18dc:	1af59f63          	bne	a1,a5,1a9a <process_thread_uart_boot_process+0x20a>
						error = ESP_FAILED_SPI_OP;  // set error flag
    18e0:	0c400713          	li	a4,196
    18e4:	a2e1ae23          	sw	a4,-1476(gp) # 200342ec <error.3>
						break;
    18e8:	a8e9                	j	19c2 <process_thread_uart_boot_process+0x132>
			if (ev == PROCESS_EVENT_UART_RXD) { // ignore other events
    18ea:	47c1                	li	a5,16
    18ec:	06f59a63          	bne	a1,a5,1960 <process_thread_uart_boot_process+0xd0>
		n = UART_GetRxCount(UART_Handler);
    18f0:	a381a503          	lw	a0,-1480(gp) # 200342e8 <UART_Handler>
    18f4:	8ab2                	mv	s5,a2
    18f6:	a4018993          	addi	s3,gp,-1472 # 200342f0 <n.5>
    18fa:	665010ef          	jal	ra,375e <UART_GetRxCount>
    18fe:	00a9a023          	sw	a0,0(s3)
		ub_state_save();
    1902:	e90ff0ef          	jal	ra,f92 <ub_state_save>
		if (uart_receive_bytes(cmd, n)) {
    1906:	0009a583          	lw	a1,0(s3)
    190a:	20030537          	lui	a0,0x20030
    190e:	eccff0ef          	jal	ra,fda <uart_receive_bytes>
    1912:	000aa783          	lw	a5,0(s5)
    1916:	a4018a13          	addi	s4,gp,-1472 # 200342f0 <n.5>
    191a:	a3818493          	addi	s1,gp,-1480 # 200342e8 <UART_Handler>
			if (*((uint32_t *)data) == CSK_UART_EVENT_RX_TIMEOUT) { //rx time out
    191e:	04000713          	li	a4,64
		if (uart_receive_bytes(cmd, n)) {
    1922:	c931                	beqz	a0,1976 <process_thread_uart_boot_process+0xe6>
			if (*((uint32_t *)data) == CSK_UART_EVENT_RX_TIMEOUT) { //rx time out
    1924:	04e79663          	bne	a5,a4,1970 <process_thread_uart_boot_process+0xe0>
				ub_state_recovery();
    1928:	e7eff0ef          	jal	ra,fa6 <ub_state_recovery>
		if (! n) {
    192c:	a401a783          	lw	a5,-1472(gp) # 200342f0 <n.5>
    1930:	eb91                	bnez	a5,1944 <process_thread_uart_boot_process+0xb4>
			UART_Receive(UART_Handler, cmd, MAX_WRITE_BLOCK);
    1932:	6609                	lui	a2,0x2
    1934:	a381a503          	lw	a0,-1480(gp) # 200342e8 <UART_Handler>
    1938:	f8060613          	addi	a2,a2,-128 # 1f80 <mbedtls_internal_md5_process+0x4c2>
    193c:	200305b7          	lui	a1,0x20030
    1940:	5c7010ef          	jal	ra,3706 <UART_Receive>
			PROCESS_WAIT_EVENT();
    1944:	07200793          	li	a5,114
						PROCESS_WAIT_EVENT();
    1948:	00f41023          	sh	a5,0(s0)
    194c:	4505                	li	a0,1
}
    194e:	40f2                	lw	ra,28(sp)
    1950:	4462                	lw	s0,24(sp)
    1952:	44d2                	lw	s1,20(sp)
    1954:	4942                	lw	s2,16(sp)
    1956:	49b2                	lw	s3,12(sp)
    1958:	4a22                	lw	s4,8(sp)
    195a:	4a92                	lw	s5,4(sp)
    195c:	6105                	addi	sp,sp,32
    195e:	8082                	ret
			} else if(ev == PROCESS_EVENT_PROG_ERR) {
    1960:	47cd                	li	a5,19
    1962:	fef591e3          	bne	a1,a5,1944 <process_thread_uart_boot_process+0xb4>
				error = ESP_FAILED_SPI_OP;  // set error flag
    1966:	0c400713          	li	a4,196
    196a:	a2e1ae23          	sw	a4,-1476(gp) # 200342ec <error.3>
    196e:	bfd9                	j	1944 <process_thread_uart_boot_process+0xb4>
				n = 0;
    1970:	0009a023          	sw	zero,0(s3)
    1974:	bf65                	j	192c <process_thread_uart_boot_process+0x9c>
			if (*((uint32_t *)data) == CSK_UART_EVENT_RX_TIMEOUT) { //rx time out, stop rx
    1976:	00e79763          	bne	a5,a4,1984 <process_thread_uart_boot_process+0xf4>
				UART_Control(UART_Handler, CSK_UART_ABORT_RECEIVE, 1);
    197a:	4088                	lw	a0,0(s1)
    197c:	4605                	li	a2,1
    197e:	45e5                	li	a1,25
    1980:	5f1010ef          	jal	ra,3770 <UART_Control>
			cmd_id = do_cmd(cmd, &n, COMM_TYPE_UART);
    1984:	4601                	li	a2,0
    1986:	a4018593          	addi	a1,gp,-1472 # 200342f0 <n.5>
    198a:	20030537          	lui	a0,0x20030
    198e:	b75ff0ef          	jal	ra,1502 <do_cmd>
			if(cmd_id == ESP_MEM_END) {
    1992:	4799                	li	a5,6
    1994:	06f51663          	bne	a0,a5,1a00 <process_thread_uart_boot_process+0x170>
				uint8_t * ap_base = (uint8_t *)s_mem_offset;
    1998:	a281a903          	lw	s2,-1496(gp) # 200342d8 <s_mem_offset>
				s_mem_offset = NULL;
    199c:	a201a423          	sw	zero,-1496(gp) # 200342d8 <s_mem_offset>
				verify_header_status = header_verify((uint8_t *)ap_base);
    19a0:	854a                	mv	a0,s2
    19a2:	abeff0ef          	jal	ra,c60 <header_verify>
				if (verify_header_status == 0) {
    19a6:	e531                	bnez	a0,19f2 <process_thread_uart_boot_process+0x162>
					UART_Send(UART_Handler, cmd, n);
    19a8:	000a2603          	lw	a2,0(s4)
    19ac:	4088                	lw	a0,0(s1)
    19ae:	200305b7          	lui	a1,0x20030
					usart_tx_event_complete = 0;
    19b2:	a401a823          	sw	zero,-1456(gp) # 20034300 <usart_tx_event_complete>
					UART_Send(UART_Handler, cmd, n);
    19b6:	4ad010ef          	jal	ra,3662 <UART_Send>
					uart_wait_tx_rdy();
    19ba:	357d                	jal	1868 <uart_wait_tx_rdy>
					run_image((uint8_t *)ap_base);  // never return!!
    19bc:	854a                	mv	a0,s2
    19be:	848ff0ef          	jal	ra,a06 <run_image>
			if(error) {
    19c2:	a3c18493          	addi	s1,gp,-1476 # 200342ec <error.3>
    19c6:	408c                	lw	a1,0(s1)
    19c8:	c989                	beqz	a1,19da <process_thread_uart_boot_process+0x14a>
				set_resp_error(cmd, error, COMM_TYPE_UART);
    19ca:	4601                	li	a2,0
    19cc:	0ff5f593          	zext.b	a1,a1
    19d0:	20030537          	lui	a0,0x20030
    19d4:	3b59                	jal	176a <set_resp_error>
				error = 0;  // clear error flag
    19d6:	0004a023          	sw	zero,0(s1)
			UART_Send(UART_Handler, cmd, n);
    19da:	a4018493          	addi	s1,gp,-1472 # 200342f0 <n.5>
    19de:	4090                	lw	a2,0(s1)
    19e0:	a381a503          	lw	a0,-1480(gp) # 200342e8 <UART_Handler>
    19e4:	200305b7          	lui	a1,0x20030
    19e8:	47b010ef          	jal	ra,3662 <UART_Send>
			n = 0;
    19ec:	0004a023          	sw	zero,0(s1)
    19f0:	bf35                	j	192c <process_thread_uart_boot_process+0x9c>
					set_resp_error(cmd, verify_header_status, COMM_TYPE_UART); //ESP_CMD_NOT_IMPLEMENTED
    19f2:	0ff57593          	zext.b	a1,a0
    19f6:	4601                	li	a2,0
    19f8:	20030537          	lui	a0,0x20030
    19fc:	33bd                	jal	176a <set_resp_error>
    19fe:	b7d1                	j	19c2 <process_thread_uart_boot_process+0x132>
			} else if(cmd_id == ESP_SET_BAUD) {  //TODO response, wait uart tx complete and change baud rate
    1a00:	47bd                	li	a5,15
    1a02:	02f51e63          	bne	a0,a5,1a3e <process_thread_uart_boot_process+0x1ae>
				if(cur_baud_rate != nxt_baud_rate) {
    1a06:	80818913          	addi	s2,gp,-2040 # 200340b8 <cur_baud_rate>
    1a0a:	80c18993          	addi	s3,gp,-2036 # 200340bc <nxt_baud_rate>
    1a0e:	00092703          	lw	a4,0(s2)
    1a12:	0009a783          	lw	a5,0(s3)
    1a16:	faf706e3          	beq	a4,a5,19c2 <process_thread_uart_boot_process+0x132>
					UART_Send(UART_Handler, cmd, n);
    1a1a:	000a2603          	lw	a2,0(s4)
    1a1e:	4088                	lw	a0,0(s1)
    1a20:	200305b7          	lui	a1,0x20030
					usart_tx_event_complete = 0;
    1a24:	a401a823          	sw	zero,-1456(gp) # 20034300 <usart_tx_event_complete>
					UART_Send(UART_Handler, cmd, n);
    1a28:	43b010ef          	jal	ra,3662 <UART_Send>
					n = 0;
    1a2c:	000a2023          	sw	zero,0(s4)
					uart_wait_tx_rdy();
    1a30:	3d25                	jal	1868 <uart_wait_tx_rdy>
					cur_baud_rate = nxt_baud_rate;
    1a32:	0009a503          	lw	a0,0(s3)
    1a36:	00a92023          	sw	a0,0(s2)
					uart_dev_init(cur_baud_rate);
    1a3a:	3355                	jal	17de <uart_dev_init>
					continue;
    1a3c:	bdc5                	j	192c <process_thread_uart_boot_process+0x9c>
			} else if(cmd_id == ESP_FLASH_END) {  //TODO wait flash write finish
    1a3e:	4791                	li	a5,4
    1a40:	02f51563          	bne	a0,a5,1a6a <process_thread_uart_boot_process+0x1da>
					rdy = flash_prog_in_process();
    1a44:	f4cff0ef          	jal	ra,1190 <flash_prog_in_process>
    1a48:	a4a1a223          	sw	a0,-1468(gp) # 200342f4 <rdy.0>
					if(rdy) { // flash program in process
    1a4c:	d93d                	beqz	a0,19c2 <process_thread_uart_boot_process+0x132>
						PROCESS_WAIT_EVENT();
    1a4e:	0a800793          	li	a5,168
    1a52:	bddd                	j	1948 <process_thread_uart_boot_process+0xb8>
						if(ev == PROCESS_EVENT_PROG_ERR) {
    1a54:	47cd                	li	a5,19
    1a56:	00f59663          	bne	a1,a5,1a62 <process_thread_uart_boot_process+0x1d2>
							error = ESP_FAILED_SPI_OP;  // set error flag
    1a5a:	0c400713          	li	a4,196
    1a5e:	a2e1ae23          	sw	a4,-1476(gp) # 200342ec <error.3>
				} while(rdy);
    1a62:	a441a783          	lw	a5,-1468(gp) # 200342f4 <rdy.0>
    1a66:	fff9                	bnez	a5,1a44 <process_thread_uart_boot_process+0x1b4>
    1a68:	bfa9                	j	19c2 <process_thread_uart_boot_process+0x132>
			} else if(cmd_id == ESP_FLASH_DATA) {  //TODO
    1a6a:	478d                	li	a5,3
    1a6c:	02f51363          	bne	a0,a5,1a92 <process_thread_uart_boot_process+0x202>
				while(s_mem_cpy_len) {  // if the value is zero, do not need copy
    1a70:	a1c1a783          	lw	a5,-1508(gp) # 200342cc <s_mem_cpy_len>
    1a74:	d7b9                	beqz	a5,19c2 <process_thread_uart_boot_process+0x132>
					int32_t len = flash_mem_cpy();
    1a76:	86bff0ef          	jal	ra,12e0 <flash_mem_cpy>
					if(len == 0) {  // no free buffer to copy
    1a7a:	f97d                	bnez	a0,1a70 <process_thread_uart_boot_process+0x1e0>
						PROCESS_WAIT_EVENT();
    1a7c:	0b400793          	li	a5,180
    1a80:	b5e1                	j	1948 <process_thread_uart_boot_process+0xb8>
						if(ev == PROCESS_EVENT_PROG_ERR) {
    1a82:	47cd                	li	a5,19
    1a84:	fef596e3          	bne	a1,a5,1a70 <process_thread_uart_boot_process+0x1e0>
							error = ESP_FAILED_SPI_OP;  // set error flag
    1a88:	0c400713          	li	a4,196
    1a8c:	a2e1ae23          	sw	a4,-1476(gp) # 200342ec <error.3>
    1a90:	b7c5                	j	1a70 <process_thread_uart_boot_process+0x1e0>
			} else if (cmd_id == ESP_ERASE_REGION) { // wait erase finish
    1a92:	0d100793          	li	a5,209
    1a96:	f2f516e3          	bne	a0,a5,19c2 <process_thread_uart_boot_process+0x132>
					PROCESS_WAIT_EVENT();
    1a9a:	0bc00793          	li	a5,188
    1a9e:	b56d                	j	1948 <process_thread_uart_boot_process+0xb8>

00001aa0 <mbedtls_platform_zeroize>:
 */
void * (* const volatile memset_func)( void *, int, size_t ) = memset;

void mbedtls_platform_zeroize( void *buf, size_t len )
{
    memset_func( buf, 0, len );
    1aa0:	8141a783          	lw	a5,-2028(gp) # 200340c4 <memset_func>
{
    1aa4:	862e                	mv	a2,a1
    memset_func( buf, 0, len );
    1aa6:	4581                	li	a1,0
    1aa8:	8782                	jr	a5

00001aaa <mbedtls_md5_init>:
}
#endif

void mbedtls_md5_init( mbedtls_md5_context *ctx )
{
    memset( ctx, 0, sizeof( mbedtls_md5_context ) );
    1aaa:	05800613          	li	a2,88
    1aae:	4581                	li	a1,0
    1ab0:	bf0ff06f          	j	ea0 <__wrap_memset>

00001ab4 <mbedtls_md5_free>:
}

void mbedtls_md5_free( mbedtls_md5_context *ctx )
{
    if( ctx == NULL )
    1ab4:	c501                	beqz	a0,1abc <mbedtls_md5_free+0x8>
        return;

    mbedtls_platform_zeroize( ctx, sizeof( mbedtls_md5_context ) );
    1ab6:	05800593          	li	a1,88
    1aba:	b7dd                	j	1aa0 <mbedtls_platform_zeroize>
}
    1abc:	8082                	ret

00001abe <mbedtls_internal_md5_process>:
#endif

#if !defined(MBEDTLS_MD5_PROCESS_ALT)
int mbedtls_internal_md5_process( mbedtls_md5_context *ctx,
                                  const unsigned char data[64] )
{
    1abe:	7179                	addi	sp,sp,-48
    1ac0:	d622                	sw	s0,44(sp)
    1ac2:	d24a                	sw	s2,36(sp)
    1ac4:	ce52                	sw	s4,28(sp)
    1ac6:	cc56                	sw	s5,24(sp)
    1ac8:	c85e                	sw	s7,16(sp)
    1aca:	c662                	sw	s8,12(sp)
    1acc:	c466                	sw	s9,8(sp)
    1ace:	c26a                	sw	s10,4(sp)
    1ad0:	c06e                	sw	s11,0(sp)
    1ad2:	d426                	sw	s1,40(sp)
    1ad4:	d04e                	sw	s3,32(sp)
    1ad6:	ca5a                	sw	s6,20(sp)
    uint32_t X[16], A, B, C, D;

    GET_UINT32_LE( X[ 0], data,  0 );
    1ad8:	0015c783          	lbu	a5,1(a1) # 20030001 <_data_lma+0x2002b2c1>
    1adc:	0005cb03          	lbu	s6,0(a1)
    1ae0:	07a2                	slli	a5,a5,0x8
    1ae2:	0167e7b3          	or	a5,a5,s6
    1ae6:	0025cb03          	lbu	s6,2(a1)
    GET_UINT32_LE( X[ 1], data,  4 );
    1aea:	0045c383          	lbu	t2,4(a1)
    GET_UINT32_LE( X[ 0], data,  0 );
    1aee:	0b42                	slli	s6,s6,0x10
    1af0:	00fb67b3          	or	a5,s6,a5
    1af4:	0035cb03          	lbu	s6,3(a1)
    GET_UINT32_LE( X[ 2], data,  8 );
    1af8:	0085c883          	lbu	a7,8(a1)
    GET_UINT32_LE( X[ 0], data,  0 );
    1afc:	0b62                	slli	s6,s6,0x18
    1afe:	00fb6b33          	or	s6,s6,a5
    GET_UINT32_LE( X[ 1], data,  4 );
    1b02:	0055c783          	lbu	a5,5(a1)
    GET_UINT32_LE( X[ 3], data, 12 );
    1b06:	00c5c483          	lbu	s1,12(a1)
    GET_UINT32_LE( X[ 1], data,  4 );
    1b0a:	07a2                	slli	a5,a5,0x8
    1b0c:	0077e7b3          	or	a5,a5,t2
    1b10:	0065c383          	lbu	t2,6(a1)
    GET_UINT32_LE( X[ 4], data, 16 );
    1b14:	0105ce03          	lbu	t3,16(a1)
    GET_UINT32_LE( X[ 1], data,  4 );
    1b18:	03c2                	slli	t2,t2,0x10
    1b1a:	00f3e7b3          	or	a5,t2,a5
    1b1e:	0075c383          	lbu	t2,7(a1)
    1b22:	d76aa637          	lui	a2,0xd76aa
    1b26:	03e2                	slli	t2,t2,0x18
    1b28:	00f3e3b3          	or	t2,t2,a5
    GET_UINT32_LE( X[ 2], data,  8 );
    1b2c:	0095c783          	lbu	a5,9(a1)
    1b30:	47860613          	addi	a2,a2,1144 # d76aa478 <_sp+0xb7672478>
    1b34:	07a2                	slli	a5,a5,0x8
    1b36:	0117e7b3          	or	a5,a5,a7
    1b3a:	00a5c883          	lbu	a7,10(a1)
    1b3e:	e8c7b6b7          	lui	a3,0xe8c7b
    1b42:	08c2                	slli	a7,a7,0x10
    1b44:	00f8e7b3          	or	a5,a7,a5
    1b48:	00b5c883          	lbu	a7,11(a1)
    C = ctx->state[2];
    D = ctx->state[3];

#define F(x,y,z) (z ^ (x & (y ^ z)))

    P( A, B, C, D,  0,  7, 0xD76AA478 );
    1b4c:	4d9d                	li	s11,7
    GET_UINT32_LE( X[ 2], data,  8 );
    1b4e:	08e2                	slli	a7,a7,0x18
    1b50:	00f8e8b3          	or	a7,a7,a5
    GET_UINT32_LE( X[ 3], data, 12 );
    1b54:	00d5c783          	lbu	a5,13(a1)
    1b58:	75668693          	addi	a3,a3,1878 # e8c7b756 <_sp+0xc8c43756>
    1b5c:	07a2                	slli	a5,a5,0x8
    1b5e:	8fc5                	or	a5,a5,s1
    1b60:	00e5c483          	lbu	s1,14(a1)
    P( D, A, B, C,  1, 12, 0xE8C7B756 );
    1b64:	4d31                	li	s10,12
    GET_UINT32_LE( X[ 3], data, 12 );
    1b66:	04c2                	slli	s1,s1,0x10
    1b68:	8fc5                	or	a5,a5,s1
    1b6a:	00f5c483          	lbu	s1,15(a1)
    1b6e:	fd987cb7          	lui	s9,0xfd987
    1b72:	04e2                	slli	s1,s1,0x18
    1b74:	8cdd                	or	s1,s1,a5
    GET_UINT32_LE( X[ 4], data, 16 );
    1b76:	0115c783          	lbu	a5,17(a1)
    1b7a:	193c8c93          	addi	s9,s9,403 # fd987193 <_sp+0xdd94f193>
    1b7e:	07a2                	slli	a5,a5,0x8
    1b80:	01c7e7b3          	or	a5,a5,t3
    1b84:	0125ce03          	lbu	t3,18(a1)
    1b88:	0e42                	slli	t3,t3,0x10
    1b8a:	00fe67b3          	or	a5,t3,a5
    1b8e:	0135ce03          	lbu	t3,19(a1)
    GET_UINT32_LE( X[ 5], data, 20 );
    1b92:	0145c983          	lbu	s3,20(a1)
    GET_UINT32_LE( X[ 4], data, 16 );
    1b96:	0e62                	slli	t3,t3,0x18
    1b98:	00fe6e33          	or	t3,t3,a5
    GET_UINT32_LE( X[ 5], data, 20 );
    1b9c:	0155c783          	lbu	a5,21(a1)
    GET_UINT32_LE( X[ 6], data, 24 );
    1ba0:	0185cf03          	lbu	t5,24(a1)
    GET_UINT32_LE( X[ 5], data, 20 );
    1ba4:	07a2                	slli	a5,a5,0x8
    1ba6:	0137e7b3          	or	a5,a5,s3
    1baa:	0165c983          	lbu	s3,22(a1)
    GET_UINT32_LE( X[ 7], data, 28 );
    1bae:	01c5ca83          	lbu	s5,28(a1)
    GET_UINT32_LE( X[ 5], data, 20 );
    1bb2:	09c2                	slli	s3,s3,0x10
    1bb4:	00f9e7b3          	or	a5,s3,a5
    1bb8:	0175c983          	lbu	s3,23(a1)
    GET_UINT32_LE( X[ 8], data, 32 );
    1bbc:	0205c283          	lbu	t0,32(a1)
    GET_UINT32_LE( X[ 5], data, 20 );
    1bc0:	09e2                	slli	s3,s3,0x18
    1bc2:	00f9e9b3          	or	s3,s3,a5
    GET_UINT32_LE( X[ 6], data, 24 );
    1bc6:	0195c783          	lbu	a5,25(a1)
    GET_UINT32_LE( X[ 9], data, 36 );
    1bca:	0245c803          	lbu	a6,36(a1)
    GET_UINT32_LE( X[ 6], data, 24 );
    1bce:	07a2                	slli	a5,a5,0x8
    1bd0:	01e7e7b3          	or	a5,a5,t5
    1bd4:	01a5cf03          	lbu	t5,26(a1)
    GET_UINT32_LE( X[10], data, 40 );
    1bd8:	0285c403          	lbu	s0,40(a1)
    GET_UINT32_LE( X[ 6], data, 24 );
    1bdc:	0f42                	slli	t5,t5,0x10
    1bde:	00ff67b3          	or	a5,t5,a5
    1be2:	01b5cf03          	lbu	t5,27(a1)
    GET_UINT32_LE( X[11], data, 44 );
    1be6:	02c5c303          	lbu	t1,44(a1)
    GET_UINT32_LE( X[ 6], data, 24 );
    1bea:	0f62                	slli	t5,t5,0x18
    1bec:	00ff6f33          	or	t5,t5,a5
    GET_UINT32_LE( X[ 7], data, 28 );
    1bf0:	01d5c783          	lbu	a5,29(a1)
    GET_UINT32_LE( X[12], data, 48 );
    1bf4:	0305c903          	lbu	s2,48(a1)
    GET_UINT32_LE( X[ 7], data, 28 );
    1bf8:	07a2                	slli	a5,a5,0x8
    1bfa:	0157e7b3          	or	a5,a5,s5
    1bfe:	01e5ca83          	lbu	s5,30(a1)
    1c02:	0ac2                	slli	s5,s5,0x10
    1c04:	00fae7b3          	or	a5,s5,a5
    1c08:	01f5ca83          	lbu	s5,31(a1)
    1c0c:	0ae2                	slli	s5,s5,0x18
    1c0e:	00faeab3          	or	s5,s5,a5
    GET_UINT32_LE( X[ 8], data, 32 );
    1c12:	0215c783          	lbu	a5,33(a1)
    1c16:	07a2                	slli	a5,a5,0x8
    1c18:	0057e7b3          	or	a5,a5,t0
    1c1c:	0225c283          	lbu	t0,34(a1)
    1c20:	02c2                	slli	t0,t0,0x10
    1c22:	00f2e7b3          	or	a5,t0,a5
    1c26:	0235c283          	lbu	t0,35(a1)
    1c2a:	02e2                	slli	t0,t0,0x18
    1c2c:	00f2e2b3          	or	t0,t0,a5
    GET_UINT32_LE( X[ 9], data, 36 );
    1c30:	0255c783          	lbu	a5,37(a1)
    1c34:	07a2                	slli	a5,a5,0x8
    1c36:	0107e7b3          	or	a5,a5,a6
    1c3a:	0265c803          	lbu	a6,38(a1)
    1c3e:	0842                	slli	a6,a6,0x10
    1c40:	00f867b3          	or	a5,a6,a5
    1c44:	0275c803          	lbu	a6,39(a1)
    1c48:	0862                	slli	a6,a6,0x18
    1c4a:	00f86833          	or	a6,a6,a5
    GET_UINT32_LE( X[10], data, 40 );
    1c4e:	0295c783          	lbu	a5,41(a1)
    1c52:	07a2                	slli	a5,a5,0x8
    1c54:	8fc1                	or	a5,a5,s0
    1c56:	02a5c403          	lbu	s0,42(a1)
    1c5a:	0442                	slli	s0,s0,0x10
    1c5c:	8fc1                	or	a5,a5,s0
    1c5e:	02b5c403          	lbu	s0,43(a1)
    1c62:	0462                	slli	s0,s0,0x18
    1c64:	8c5d                	or	s0,s0,a5
    GET_UINT32_LE( X[11], data, 44 );
    1c66:	02d5c783          	lbu	a5,45(a1)
    1c6a:	07a2                	slli	a5,a5,0x8
    1c6c:	0067e7b3          	or	a5,a5,t1
    1c70:	02e5c303          	lbu	t1,46(a1)
    1c74:	0342                	slli	t1,t1,0x10
    1c76:	00f367b3          	or	a5,t1,a5
    1c7a:	02f5c303          	lbu	t1,47(a1)
    1c7e:	0362                	slli	t1,t1,0x18
    1c80:	00f36333          	or	t1,t1,a5
    GET_UINT32_LE( X[12], data, 48 );
    1c84:	0315c783          	lbu	a5,49(a1)
    1c88:	07a2                	slli	a5,a5,0x8
    1c8a:	0127e7b3          	or	a5,a5,s2
    1c8e:	0325c903          	lbu	s2,50(a1)
    1c92:	0942                	slli	s2,s2,0x10
    1c94:	00f967b3          	or	a5,s2,a5
    1c98:	0335c903          	lbu	s2,51(a1)
    GET_UINT32_LE( X[13], data, 52 );
    1c9c:	0345ce83          	lbu	t4,52(a1)
    GET_UINT32_LE( X[12], data, 48 );
    1ca0:	0962                	slli	s2,s2,0x18
    1ca2:	00f96933          	or	s2,s2,a5
    GET_UINT32_LE( X[13], data, 52 );
    1ca6:	0355c783          	lbu	a5,53(a1)
    GET_UINT32_LE( X[14], data, 56 );
    1caa:	0385ca03          	lbu	s4,56(a1)
    GET_UINT32_LE( X[13], data, 52 );
    1cae:	07a2                	slli	a5,a5,0x8
    1cb0:	01d7e7b3          	or	a5,a5,t4
    1cb4:	0365ce83          	lbu	t4,54(a1)
    GET_UINT32_LE( X[15], data, 60 );
    1cb8:	03c5cf83          	lbu	t6,60(a1)
    GET_UINT32_LE( X[13], data, 52 );
    1cbc:	0ec2                	slli	t4,t4,0x10
    1cbe:	00fee7b3          	or	a5,t4,a5
    1cc2:	0375ce83          	lbu	t4,55(a1)
    C = ctx->state[2];
    1cc6:	01052c03          	lw	s8,16(a0) # 20030010 <_data_lma+0x2002b2d0>
    GET_UINT32_LE( X[13], data, 52 );
    1cca:	0ee2                	slli	t4,t4,0x18
    1ccc:	00feeeb3          	or	t4,t4,a5
    GET_UINT32_LE( X[14], data, 56 );
    1cd0:	0395c783          	lbu	a5,57(a1)
    P( A, B, C, D,  0,  7, 0xD76AA478 );
    1cd4:	4958                	lw	a4,20(a0)
    GET_UINT32_LE( X[14], data, 56 );
    1cd6:	07a2                	slli	a5,a5,0x8
    1cd8:	0147e7b3          	or	a5,a5,s4
    1cdc:	03a5ca03          	lbu	s4,58(a1)
    B = ctx->state[1];
    1ce0:	00c52b83          	lw	s7,12(a0)
    GET_UINT32_LE( X[14], data, 56 );
    1ce4:	0a42                	slli	s4,s4,0x10
    1ce6:	00fa67b3          	or	a5,s4,a5
    1cea:	03b5ca03          	lbu	s4,59(a1)
    1cee:	96ba                	add	a3,a3,a4
    1cf0:	0a62                	slli	s4,s4,0x18
    1cf2:	00fa6a33          	or	s4,s4,a5
    GET_UINT32_LE( X[15], data, 60 );
    1cf6:	03d5c783          	lbu	a5,61(a1)
    1cfa:	9cf6                	add	s9,s9,t4
    1cfc:	07a2                	slli	a5,a5,0x8
    1cfe:	01f7e7b3          	or	a5,a5,t6
    1d02:	03e5cf83          	lbu	t6,62(a1)
    1d06:	0fc2                	slli	t6,t6,0x10
    1d08:	00ffe7b3          	or	a5,t6,a5
    1d0c:	03f5cf83          	lbu	t6,63(a1)
    1d10:	c1bdd5b7          	lui	a1,0xc1bdd
    1d14:	0fe2                	slli	t6,t6,0x18
    1d16:	00ffefb3          	or	t6,t6,a5
    P( A, B, C, D,  0,  7, 0xD76AA478 );
    1d1a:	451c                	lw	a5,8(a0)
    1d1c:	eee58593          	addi	a1,a1,-274 # c1bdceee <_sp+0xa1ba4eee>
    1d20:	963e                	add	a2,a2,a5
    1d22:	016607b3          	add	a5,a2,s6
    1d26:	00ec4633          	xor	a2,s8,a4
    1d2a:	01767633          	and	a2,a2,s7
    1d2e:	8e39                	xor	a2,a2,a4
    1d30:	963e                	add	a2,a2,a5
    1d32:	61b61633          	rol	a2,a2,s11
    1d36:	965e                	add	a2,a2,s7
    P( D, A, B, C,  1, 12, 0xE8C7B756 );
    1d38:	007687b3          	add	a5,a3,t2
    1d3c:	018bc6b3          	xor	a3,s7,s8
    1d40:	8ef1                	and	a3,a3,a2
    1d42:	0186c6b3          	xor	a3,a3,s8
    1d46:	96be                	add	a3,a3,a5
    1d48:	242077b7          	lui	a5,0x24207
    1d4c:	0db78793          	addi	a5,a5,219 # 242070db <_sp+0x41cf0db>
    1d50:	97e2                	add	a5,a5,s8
    1d52:	61a696b3          	rol	a3,a3,s10
    1d56:	96b2                	add	a3,a3,a2
    P( C, D, A, B,  2, 17, 0x242070DB );
    1d58:	01178733          	add	a4,a5,a7
    1d5c:	00cbc7b3          	xor	a5,s7,a2
    1d60:	8ff5                	and	a5,a5,a3
    1d62:	0177c7b3          	xor	a5,a5,s7
    1d66:	97ba                	add	a5,a5,a4
    1d68:	60f7d793          	rori	a5,a5,0xf
    1d6c:	97b6                	add	a5,a5,a3
    P( B, C, D, A,  3, 22, 0xC1BDCEEE );
    1d6e:	00d64733          	xor	a4,a2,a3
    1d72:	95de                	add	a1,a1,s7
    1d74:	8f7d                	and	a4,a4,a5
    1d76:	95a6                	add	a1,a1,s1
    1d78:	8f31                	xor	a4,a4,a2
    1d7a:	972e                	add	a4,a4,a1
    1d7c:	f57c15b7          	lui	a1,0xf57c1
    1d80:	faf58593          	addi	a1,a1,-81 # f57c0faf <_sp+0xd5788faf>
    1d84:	95f2                	add	a1,a1,t3
    1d86:	60a75713          	rori	a4,a4,0xa
    1d8a:	973e                	add	a4,a4,a5
    P( A, B, C, D,  4,  7, 0xF57C0FAF );
    1d8c:	962e                	add	a2,a2,a1
    1d8e:	00f6c5b3          	xor	a1,a3,a5
    1d92:	8df9                	and	a1,a1,a4
    1d94:	8db5                	xor	a1,a1,a3
    1d96:	962e                	add	a2,a2,a1
    1d98:	4787c5b7          	lui	a1,0x4787c
    1d9c:	62a58593          	addi	a1,a1,1578 # 4787c62a <_sp+0x2784462a>
    1da0:	95ce                	add	a1,a1,s3
    1da2:	61b61633          	rol	a2,a2,s11
    1da6:	963a                	add	a2,a2,a4
    P( D, A, B, C,  5, 12, 0x4787C62A );
    1da8:	96ae                	add	a3,a3,a1
    1daa:	00e7c5b3          	xor	a1,a5,a4
    1dae:	8df1                	and	a1,a1,a2
    1db0:	8dbd                	xor	a1,a1,a5
    1db2:	96ae                	add	a3,a3,a1
    1db4:	a83045b7          	lui	a1,0xa8304
    1db8:	61358593          	addi	a1,a1,1555 # a8304613 <_sp+0x882cc613>
    1dbc:	95fa                	add	a1,a1,t5
    1dbe:	61a696b3          	rol	a3,a3,s10
    1dc2:	96b2                	add	a3,a3,a2
    P( C, D, A, B,  6, 17, 0xA8304613 );
    1dc4:	97ae                	add	a5,a5,a1
    1dc6:	00c745b3          	xor	a1,a4,a2
    1dca:	8df5                	and	a1,a1,a3
    1dcc:	8db9                	xor	a1,a1,a4
    1dce:	97ae                	add	a5,a5,a1
    1dd0:	fd4695b7          	lui	a1,0xfd469
    1dd4:	50158593          	addi	a1,a1,1281 # fd469501 <_sp+0xdd431501>
    1dd8:	95d6                	add	a1,a1,s5
    1dda:	60f7d793          	rori	a5,a5,0xf
    1dde:	97b6                	add	a5,a5,a3
    P( B, C, D, A,  7, 22, 0xFD469501 );
    1de0:	972e                	add	a4,a4,a1
    1de2:	00d645b3          	xor	a1,a2,a3
    1de6:	8dfd                	and	a1,a1,a5
    1de8:	8db1                	xor	a1,a1,a2
    1dea:	972e                	add	a4,a4,a1
    1dec:	6980a5b7          	lui	a1,0x6980a
    1df0:	8d858593          	addi	a1,a1,-1832 # 698098d8 <_sp+0x497d18d8>
    1df4:	9596                	add	a1,a1,t0
    1df6:	60a75713          	rori	a4,a4,0xa
    1dfa:	973e                	add	a4,a4,a5
    P( A, B, C, D,  8,  7, 0x698098D8 );
    1dfc:	962e                	add	a2,a2,a1
    1dfe:	00f6c5b3          	xor	a1,a3,a5
    1e02:	8df9                	and	a1,a1,a4
    1e04:	8db5                	xor	a1,a1,a3
    1e06:	95b2                	add	a1,a1,a2
    1e08:	8b44f637          	lui	a2,0x8b44f
    1e0c:	7af60613          	addi	a2,a2,1967 # 8b44f7af <_sp+0x6b4177af>
    1e10:	9642                	add	a2,a2,a6
    1e12:	61b595b3          	rol	a1,a1,s11
    1e16:	95ba                	add	a1,a1,a4
    P( D, A, B, C,  9, 12, 0x8B44F7AF );
    1e18:	96b2                	add	a3,a3,a2
    1e1a:	00e7c633          	xor	a2,a5,a4
    1e1e:	8e6d                	and	a2,a2,a1
    1e20:	8e3d                	xor	a2,a2,a5
    1e22:	96b2                	add	a3,a3,a2
    1e24:	7659                	lui	a2,0xffff6
    1e26:	bb160613          	addi	a2,a2,-1103 # ffff5bb1 <_sp+0xdffbdbb1>
    1e2a:	9622                	add	a2,a2,s0
    1e2c:	61a696b3          	rol	a3,a3,s10
    1e30:	96ae                	add	a3,a3,a1
    P( C, D, A, B, 10, 17, 0xFFFF5BB1 );
    1e32:	97b2                	add	a5,a5,a2
    1e34:	00b74633          	xor	a2,a4,a1
    1e38:	8e75                	and	a2,a2,a3
    1e3a:	8e39                	xor	a2,a2,a4
    1e3c:	97b2                	add	a5,a5,a2
    1e3e:	895cd637          	lui	a2,0x895cd
    1e42:	7be60613          	addi	a2,a2,1982 # 895cd7be <_sp+0x695957be>
    1e46:	961a                	add	a2,a2,t1
    1e48:	60f7d793          	rori	a5,a5,0xf
    1e4c:	97b6                	add	a5,a5,a3
    P( B, C, D, A, 11, 22, 0x895CD7BE );
    1e4e:	9732                	add	a4,a4,a2
    1e50:	00d5c633          	xor	a2,a1,a3
    1e54:	8e7d                	and	a2,a2,a5
    1e56:	8e2d                	xor	a2,a2,a1
    1e58:	9732                	add	a4,a4,a2
    1e5a:	6b901637          	lui	a2,0x6b901
    1e5e:	12260613          	addi	a2,a2,290 # 6b901122 <_sp+0x4b8c9122>
    1e62:	964a                	add	a2,a2,s2
    1e64:	60a75713          	rori	a4,a4,0xa
    1e68:	973e                	add	a4,a4,a5
    P( A, B, C, D, 12,  7, 0x6B901122 );
    1e6a:	95b2                	add	a1,a1,a2
    1e6c:	00f6c633          	xor	a2,a3,a5
    1e70:	8e79                	and	a2,a2,a4
    1e72:	8e35                	xor	a2,a2,a3
    1e74:	962e                	add	a2,a2,a1
    1e76:	61b61633          	rol	a2,a2,s11
    1e7a:	963a                	add	a2,a2,a4
    P( D, A, B, C, 13, 12, 0xFD987193 );
    1e7c:	96e6                	add	a3,a3,s9
    1e7e:	00e7ccb3          	xor	s9,a5,a4
    1e82:	00ccfcb3          	and	s9,s9,a2
    1e86:	00fcccb3          	xor	s9,s9,a5
    1e8a:	9cb6                	add	s9,s9,a3
    1e8c:	a67946b7          	lui	a3,0xa6794
    1e90:	38e68693          	addi	a3,a3,910 # a679438e <_sp+0x8675c38e>
    1e94:	61ac9cb3          	rol	s9,s9,s10
    1e98:	96d2                	add	a3,a3,s4
    1e9a:	9cb2                	add	s9,s9,a2
    P( C, D, A, B, 14, 17, 0xA679438E );
    1e9c:	96be                	add	a3,a3,a5
    1e9e:	00c747b3          	xor	a5,a4,a2
    1ea2:	0197f7b3          	and	a5,a5,s9
    1ea6:	8fb9                	xor	a5,a5,a4
    1ea8:	97b6                	add	a5,a5,a3
    1eaa:	49b416b7          	lui	a3,0x49b41
    1eae:	82168693          	addi	a3,a3,-2015 # 49b40821 <_sp+0x29b08821>
    1eb2:	96fe                	add	a3,a3,t6
    1eb4:	60f7d793          	rori	a5,a5,0xf
    1eb8:	97e6                	add	a5,a5,s9
    P( B, C, D, A, 15, 22, 0x49B40821 );
    1eba:	96ba                	add	a3,a3,a4
    1ebc:	01964733          	xor	a4,a2,s9
    1ec0:	8f7d                	and	a4,a4,a5
    1ec2:	8f31                	xor	a4,a4,a2
    1ec4:	9736                	add	a4,a4,a3
    1ec6:	f61e25b7          	lui	a1,0xf61e2
    1eca:	60a75713          	rori	a4,a4,0xa
    1ece:	56258593          	addi	a1,a1,1378 # f61e2562 <_sp+0xd61aa562>
    1ed2:	973e                	add	a4,a4,a5

#undef F

#define F(x,y,z) (y ^ (z & (x ^ y)))

    P( A, B, C, D,  1,  5, 0xF61E2562 );
    1ed4:	959e                	add	a1,a1,t2
    1ed6:	962e                	add	a2,a2,a1
    1ed8:	00e7c5b3          	xor	a1,a5,a4
    1edc:	0195f5b3          	and	a1,a1,s9
    1ee0:	8dbd                	xor	a1,a1,a5
    1ee2:	4d95                	li	s11,5
    1ee4:	95b2                	add	a1,a1,a2
    1ee6:	c040b637          	lui	a2,0xc040b
    1eea:	61b595b3          	rol	a1,a1,s11
    1eee:	34060613          	addi	a2,a2,832 # c040b340 <_sp+0xa03d3340>
    1ef2:	95ba                	add	a1,a1,a4
    P( D, A, B, C,  6,  9, 0xC040B340 );
    1ef4:	967a                	add	a2,a2,t5
    1ef6:	9cb2                	add	s9,s9,a2
    1ef8:	00b74633          	xor	a2,a4,a1
    1efc:	8e7d                	and	a2,a2,a5
    1efe:	8e39                	xor	a2,a2,a4
    1f00:	4d25                	li	s10,9
    1f02:	9666                	add	a2,a2,s9
    1f04:	265e66b7          	lui	a3,0x265e6
    1f08:	61a61633          	rol	a2,a2,s10
    1f0c:	a5168693          	addi	a3,a3,-1455 # 265e5a51 <_sp+0x65ada51>
    1f10:	962e                	add	a2,a2,a1
    P( C, D, A, B, 11, 14, 0x265E5A51 );
    1f12:	969a                	add	a3,a3,t1
    1f14:	97b6                	add	a5,a5,a3
    1f16:	00c5c6b3          	xor	a3,a1,a2
    1f1a:	8ef9                	and	a3,a3,a4
    1f1c:	8ead                	xor	a3,a3,a1
    1f1e:	4cb9                	li	s9,14
    1f20:	96be                	add	a3,a3,a5
    1f22:	e9b6c7b7          	lui	a5,0xe9b6c
    1f26:	619696b3          	rol	a3,a3,s9
    1f2a:	7aa78793          	addi	a5,a5,1962 # e9b6c7aa <_sp+0xc9b347aa>
    1f2e:	96b2                	add	a3,a3,a2
    P( B, C, D, A,  0, 20, 0xE9B6C7AA );
    1f30:	97da                	add	a5,a5,s6
    1f32:	97ba                	add	a5,a5,a4
    1f34:	00d64733          	xor	a4,a2,a3
    1f38:	8f6d                	and	a4,a4,a1
    1f3a:	8f31                	xor	a4,a4,a2
    1f3c:	973e                	add	a4,a4,a5
    1f3e:	d62f17b7          	lui	a5,0xd62f1
    1f42:	60c75713          	rori	a4,a4,0xc
    1f46:	05d78793          	addi	a5,a5,93 # d62f105d <_sp+0xb62b905d>
    1f4a:	9736                	add	a4,a4,a3
    P( A, B, C, D,  5,  5, 0xD62F105D );
    1f4c:	97ce                	add	a5,a5,s3
    1f4e:	97ae                	add	a5,a5,a1
    1f50:	00e6c5b3          	xor	a1,a3,a4
    1f54:	8df1                	and	a1,a1,a2
    1f56:	8db5                	xor	a1,a1,a3
    1f58:	95be                	add	a1,a1,a5
    1f5a:	024417b7          	lui	a5,0x2441
    1f5e:	61b595b3          	rol	a1,a1,s11
    1f62:	45378793          	addi	a5,a5,1107 # 2441453 <_data_lma+0x243c713>
    1f66:	95ba                	add	a1,a1,a4
    P( D, A, B, C, 10,  9, 0x02441453 );
    1f68:	97a2                	add	a5,a5,s0
    1f6a:	97b2                	add	a5,a5,a2
    1f6c:	00b74633          	xor	a2,a4,a1
    1f70:	8e75                	and	a2,a2,a3
    1f72:	8e39                	xor	a2,a2,a4
    1f74:	963e                	add	a2,a2,a5
    1f76:	d8a1e7b7          	lui	a5,0xd8a1e
    1f7a:	61a61633          	rol	a2,a2,s10
    1f7e:	68178793          	addi	a5,a5,1665 # d8a1e681 <_sp+0xb89e6681>
    1f82:	962e                	add	a2,a2,a1
    P( C, D, A, B, 15, 14, 0xD8A1E681 );
    1f84:	97fe                	add	a5,a5,t6
    1f86:	97b6                	add	a5,a5,a3
    1f88:	00c5c6b3          	xor	a3,a1,a2
    1f8c:	8ef9                	and	a3,a3,a4
    1f8e:	8ead                	xor	a3,a3,a1
    1f90:	96be                	add	a3,a3,a5
    1f92:	e7d407b7          	lui	a5,0xe7d40
    1f96:	619696b3          	rol	a3,a3,s9
    1f9a:	bc878793          	addi	a5,a5,-1080 # e7d3fbc8 <_sp+0xc7d07bc8>
    1f9e:	96b2                	add	a3,a3,a2
    P( B, C, D, A,  4, 20, 0xE7D3FBC8 );
    1fa0:	97f2                	add	a5,a5,t3
    1fa2:	97ba                	add	a5,a5,a4
    1fa4:	00d64733          	xor	a4,a2,a3
    1fa8:	8f6d                	and	a4,a4,a1
    1faa:	8f31                	xor	a4,a4,a2
    1fac:	973e                	add	a4,a4,a5
    1fae:	21e1d7b7          	lui	a5,0x21e1d
    1fb2:	60c75713          	rori	a4,a4,0xc
    1fb6:	de678793          	addi	a5,a5,-538 # 21e1cde6 <_sp+0x1de4de6>
    1fba:	9736                	add	a4,a4,a3
    P( A, B, C, D,  9,  5, 0x21E1CDE6 );
    1fbc:	97c2                	add	a5,a5,a6
    1fbe:	97ae                	add	a5,a5,a1
    1fc0:	00e6c5b3          	xor	a1,a3,a4
    1fc4:	8df1                	and	a1,a1,a2
    1fc6:	8db5                	xor	a1,a1,a3
    1fc8:	95be                	add	a1,a1,a5
    1fca:	c33707b7          	lui	a5,0xc3370
    1fce:	61b595b3          	rol	a1,a1,s11
    1fd2:	7d678793          	addi	a5,a5,2006 # c33707d6 <_sp+0xa33387d6>
    1fd6:	95ba                	add	a1,a1,a4
    P( D, A, B, C, 14,  9, 0xC33707D6 );
    1fd8:	97d2                	add	a5,a5,s4
    1fda:	97b2                	add	a5,a5,a2
    1fdc:	00b74633          	xor	a2,a4,a1
    1fe0:	8e75                	and	a2,a2,a3
    1fe2:	8e39                	xor	a2,a2,a4
    1fe4:	963e                	add	a2,a2,a5
    1fe6:	f4d517b7          	lui	a5,0xf4d51
    1fea:	61a61633          	rol	a2,a2,s10
    1fee:	d8778793          	addi	a5,a5,-633 # f4d50d87 <_sp+0xd4d18d87>
    1ff2:	962e                	add	a2,a2,a1
    P( C, D, A, B,  3, 14, 0xF4D50D87 );
    1ff4:	97a6                	add	a5,a5,s1
    1ff6:	97b6                	add	a5,a5,a3
    1ff8:	00c5c6b3          	xor	a3,a1,a2
    1ffc:	8ef9                	and	a3,a3,a4
    1ffe:	8ead                	xor	a3,a3,a1
    2000:	96be                	add	a3,a3,a5
    2002:	455a17b7          	lui	a5,0x455a1
    2006:	619696b3          	rol	a3,a3,s9
    200a:	4ed78793          	addi	a5,a5,1261 # 455a14ed <_sp+0x255694ed>
    200e:	96b2                	add	a3,a3,a2
    P( B, C, D, A,  8, 20, 0x455A14ED );
    2010:	9796                	add	a5,a5,t0
    2012:	97ba                	add	a5,a5,a4
    2014:	00d64733          	xor	a4,a2,a3
    2018:	8f6d                	and	a4,a4,a1
    201a:	8f31                	xor	a4,a4,a2
    201c:	973e                	add	a4,a4,a5
    201e:	a9e3f7b7          	lui	a5,0xa9e3f
    2022:	60c75713          	rori	a4,a4,0xc
    2026:	90578793          	addi	a5,a5,-1787 # a9e3e905 <_sp+0x89e06905>
    202a:	9736                	add	a4,a4,a3
    P( A, B, C, D, 13,  5, 0xA9E3E905 );
    202c:	97f6                	add	a5,a5,t4
    202e:	95be                	add	a1,a1,a5
    2030:	00e6c7b3          	xor	a5,a3,a4
    2034:	8ff1                	and	a5,a5,a2
    2036:	8fb5                	xor	a5,a5,a3
    2038:	97ae                	add	a5,a5,a1
    203a:	fcefa5b7          	lui	a1,0xfcefa
    203e:	61b797b3          	rol	a5,a5,s11
    2042:	3f858593          	addi	a1,a1,1016 # fcefa3f8 <_sp+0xdcec23f8>
    2046:	97ba                	add	a5,a5,a4
    P( D, A, B, C,  2,  9, 0xFCEFA3F8 );
    2048:	95c6                	add	a1,a1,a7
    204a:	962e                	add	a2,a2,a1
    204c:	00f745b3          	xor	a1,a4,a5
    2050:	8df5                	and	a1,a1,a3
    2052:	8db9                	xor	a1,a1,a4
    2054:	962e                	add	a2,a2,a1
    2056:	61a61d33          	rol	s10,a2,s10
    205a:	676f0637          	lui	a2,0x676f0
    205e:	2d960613          	addi	a2,a2,729 # 676f02d9 <_sp+0x476b82d9>
    2062:	9d3e                	add	s10,s10,a5
    P( C, D, A, B,  7, 14, 0x676F02D9 );
    2064:	9656                	add	a2,a2,s5
    2066:	9636                	add	a2,a2,a3
    2068:	01a7c6b3          	xor	a3,a5,s10
    206c:	8ef9                	and	a3,a3,a4
    206e:	8ebd                	xor	a3,a3,a5
    2070:	96b2                	add	a3,a3,a2
    2072:	61969cb3          	rol	s9,a3,s9
    2076:	8d2a5637          	lui	a2,0x8d2a5
    207a:	9cea                	add	s9,s9,s10
    P( B, C, D, A, 12, 20, 0x8D2A4C8A );
    207c:	c8a60613          	addi	a2,a2,-886 # 8d2a4c8a <_sp+0x6d26cc8a>
    2080:	019d46b3          	xor	a3,s10,s9
    2084:	964a                	add	a2,a2,s2
    2086:	963a                	add	a2,a2,a4
    2088:	00f6f733          	and	a4,a3,a5
    208c:	01a74733          	xor	a4,a4,s10
    2090:	9732                	add	a4,a4,a2
    2092:	fffa4637          	lui	a2,0xfffa4
    2096:	60c75713          	rori	a4,a4,0xc
    209a:	94260613          	addi	a2,a2,-1726 # fffa3942 <_sp+0xdff6b942>
    209e:	9766                	add	a4,a4,s9

#undef F

#define F(x,y,z) (x ^ y ^ z)

    P( A, B, C, D,  5,  4, 0xFFFA3942 );
    20a0:	964e                	add	a2,a2,s3
    20a2:	963e                	add	a2,a2,a5
    20a4:	00e6c7b3          	xor	a5,a3,a4
    20a8:	8771f6b7          	lui	a3,0x8771f
    20ac:	97b2                	add	a5,a5,a2
    20ae:	68168693          	addi	a3,a3,1665 # 8771f681 <_sp+0x676e7681>
    20b2:	4611                	li	a2,4
    20b4:	9696                	add	a3,a3,t0
    20b6:	60c797b3          	rol	a5,a5,a2
    20ba:	97ba                	add	a5,a5,a4
    P( D, A, B, C,  8, 11, 0x8771F681 );
    20bc:	9d36                	add	s10,s10,a3
    20be:	00ecc6b3          	xor	a3,s9,a4
    20c2:	8ebd                	xor	a3,a3,a5
    20c4:	96ea                	add	a3,a3,s10
    20c6:	6d9d6d37          	lui	s10,0x6d9d6
    20ca:	45ad                	li	a1,11
    20cc:	122d0d13          	addi	s10,s10,290 # 6d9d6122 <_sp+0x4d99e122>
    20d0:	60b696b3          	rol	a3,a3,a1
    20d4:	9d1a                	add	s10,s10,t1
    20d6:	96be                	add	a3,a3,a5
    P( C, D, A, B, 11, 16, 0x6D9D6122 );
    20d8:	9d66                	add	s10,s10,s9
    20da:	00f74cb3          	xor	s9,a4,a5
    20de:	00dcccb3          	xor	s9,s9,a3
    20e2:	9cea                	add	s9,s9,s10
    20e4:	fde54d37          	lui	s10,0xfde54
    20e8:	4dc1                	li	s11,16
    20ea:	80cd0d13          	addi	s10,s10,-2036 # fde5380c <_sp+0xdde1b80c>
    20ee:	61bc9cb3          	rol	s9,s9,s11
    20f2:	9d52                	add	s10,s10,s4
    20f4:	9cb6                	add	s9,s9,a3
    P( B, C, D, A, 14, 23, 0xFDE5380C );
    20f6:	9d3a                	add	s10,s10,a4
    20f8:	00d7c733          	xor	a4,a5,a3
    20fc:	01974733          	xor	a4,a4,s9
    2100:	976a                	add	a4,a4,s10
    2102:	a4befd37          	lui	s10,0xa4bef
    2106:	a44d0d13          	addi	s10,s10,-1468 # a4beea44 <_sp+0x84bb6a44>
    210a:	9d1e                	add	s10,s10,t2
    210c:	60975713          	rori	a4,a4,0x9
    2110:	9766                	add	a4,a4,s9
    P( A, B, C, D,  1,  4, 0xA4BEEA44 );
    2112:	9d3e                	add	s10,s10,a5
    2114:	0196c7b3          	xor	a5,a3,s9
    2118:	8fb9                	xor	a5,a5,a4
    211a:	97ea                	add	a5,a5,s10
    211c:	4bdedd37          	lui	s10,0x4bded
    2120:	fa9d0d13          	addi	s10,s10,-87 # 4bdecfa9 <_sp+0x2bdb4fa9>
    2124:	60c797b3          	rol	a5,a5,a2
    2128:	9d72                	add	s10,s10,t3
    212a:	97ba                	add	a5,a5,a4
    P( D, A, B, C,  4, 11, 0x4BDECFA9 );
    212c:	9d36                	add	s10,s10,a3
    212e:	00ecc6b3          	xor	a3,s9,a4
    2132:	8ebd                	xor	a3,a3,a5
    2134:	96ea                	add	a3,a3,s10
    2136:	f6bb5d37          	lui	s10,0xf6bb5
    213a:	b60d0d13          	addi	s10,s10,-1184 # f6bb4b60 <_sp+0xd6b7cb60>
    213e:	60b696b3          	rol	a3,a3,a1
    2142:	9d56                	add	s10,s10,s5
    2144:	96be                	add	a3,a3,a5
    P( C, D, A, B,  7, 16, 0xF6BB4B60 );
    2146:	9d66                	add	s10,s10,s9
    2148:	00f74cb3          	xor	s9,a4,a5
    214c:	00dcccb3          	xor	s9,s9,a3
    2150:	9cea                	add	s9,s9,s10
    2152:	bebfcd37          	lui	s10,0xbebfc
    2156:	c70d0d13          	addi	s10,s10,-912 # bebfbc70 <_sp+0x9ebc3c70>
    215a:	9d22                	add	s10,s10,s0
    215c:	61bc9cb3          	rol	s9,s9,s11
    2160:	9cb6                	add	s9,s9,a3
    P( B, C, D, A, 10, 23, 0xBEBFBC70 );
    2162:	976a                	add	a4,a4,s10
    2164:	00d7cd33          	xor	s10,a5,a3
    2168:	019d4d33          	xor	s10,s10,s9
    216c:	9d3a                	add	s10,s10,a4
    216e:	289b8737          	lui	a4,0x289b8
    2172:	ec670713          	addi	a4,a4,-314 # 289b7ec6 <_sp+0x897fec6>
    2176:	9776                	add	a4,a4,t4
    2178:	609d5d13          	rori	s10,s10,0x9
    217c:	9d66                	add	s10,s10,s9
    P( A, B, C, D, 13,  4, 0x289B7EC6 );
    217e:	97ba                	add	a5,a5,a4
    2180:	0196c733          	xor	a4,a3,s9
    2184:	01a74733          	xor	a4,a4,s10
    2188:	973e                	add	a4,a4,a5
    218a:	eaa127b7          	lui	a5,0xeaa12
    218e:	7fa78793          	addi	a5,a5,2042 # eaa127fa <_sp+0xca9da7fa>
    2192:	60c71733          	rol	a4,a4,a2
    2196:	97da                	add	a5,a5,s6
    2198:	976a                	add	a4,a4,s10
    P( D, A, B, C,  0, 11, 0xEAA127FA );
    219a:	97b6                	add	a5,a5,a3
    219c:	01acc6b3          	xor	a3,s9,s10
    21a0:	8eb9                	xor	a3,a3,a4
    21a2:	96be                	add	a3,a3,a5
    21a4:	d4ef37b7          	lui	a5,0xd4ef3
    21a8:	08578793          	addi	a5,a5,133 # d4ef3085 <_sp+0xb4ebb085>
    21ac:	60b696b3          	rol	a3,a3,a1
    21b0:	97a6                	add	a5,a5,s1
    21b2:	96ba                	add	a3,a3,a4
    P( C, D, A, B,  3, 16, 0xD4EF3085 );
    21b4:	97e6                	add	a5,a5,s9
    21b6:	00ed4cb3          	xor	s9,s10,a4
    21ba:	00dcccb3          	xor	s9,s9,a3
    21be:	9cbe                	add	s9,s9,a5
    21c0:	048827b7          	lui	a5,0x4882
    21c4:	d0578793          	addi	a5,a5,-763 # 4881d05 <_data_lma+0x487cfc5>
    21c8:	97fa                	add	a5,a5,t5
    21ca:	61bc9cb3          	rol	s9,s9,s11
    21ce:	9cb6                	add	s9,s9,a3
    P( B, C, D, A,  6, 23, 0x04881D05 );
    21d0:	9d3e                	add	s10,s10,a5
    21d2:	00d747b3          	xor	a5,a4,a3
    21d6:	0197c7b3          	xor	a5,a5,s9
    21da:	97ea                	add	a5,a5,s10
    21dc:	d9d4dd37          	lui	s10,0xd9d4d
    21e0:	039d0d13          	addi	s10,s10,57 # d9d4d039 <_sp+0xb9d15039>
    21e4:	9d42                	add	s10,s10,a6
    21e6:	6097d793          	rori	a5,a5,0x9
    21ea:	97e6                	add	a5,a5,s9
    P( A, B, C, D,  9,  4, 0xD9D4D039 );
    21ec:	9d3a                	add	s10,s10,a4
    21ee:	0196c733          	xor	a4,a3,s9
    21f2:	8f3d                	xor	a4,a4,a5
    21f4:	9d3a                	add	s10,s10,a4
    21f6:	e6dba737          	lui	a4,0xe6dba
    21fa:	9e570713          	addi	a4,a4,-1563 # e6db99e5 <_sp+0xc6d819e5>
    21fe:	974a                	add	a4,a4,s2
    2200:	60cd1d33          	rol	s10,s10,a2
    2204:	00fd0633          	add	a2,s10,a5
    P( D, A, B, C, 12, 11, 0xE6DB99E5 );
    2208:	96ba                	add	a3,a3,a4
    220a:	00fcc733          	xor	a4,s9,a5
    220e:	8f31                	xor	a4,a4,a2
    2210:	96ba                	add	a3,a3,a4
    2212:	1fa28737          	lui	a4,0x1fa28
    2216:	cf870713          	addi	a4,a4,-776 # 1fa27cf8 <_data_lma+0x1fa22fb8>
    221a:	60b695b3          	rol	a1,a3,a1
    221e:	977e                	add	a4,a4,t6
    2220:	95b2                	add	a1,a1,a2
    P( C, D, A, B, 15, 16, 0x1FA27CF8 );
    2222:	9766                	add	a4,a4,s9
    2224:	00c7ccb3          	xor	s9,a5,a2
    2228:	00bcccb3          	xor	s9,s9,a1
    222c:	9cba                	add	s9,s9,a4
    222e:	c4ac5737          	lui	a4,0xc4ac5
    2232:	66570713          	addi	a4,a4,1637 # c4ac5665 <_sp+0xa4a8d665>
    2236:	61bc9db3          	rol	s11,s9,s11
    223a:	9746                	add	a4,a4,a7
    223c:	9dae                	add	s11,s11,a1
    P( B, C, D, A,  2, 23, 0xC4AC5665 );
    223e:	973e                	add	a4,a4,a5
    2240:	00b647b3          	xor	a5,a2,a1
    2244:	01b7c7b3          	xor	a5,a5,s11
    2248:	97ba                	add	a5,a5,a4
    224a:	f4292737          	lui	a4,0xf4292
    224e:	24470713          	addi	a4,a4,580 # f4292244 <_sp+0xd425a244>
    2252:	6097d793          	rori	a5,a5,0x9
    2256:	97ee                	add	a5,a5,s11

#undef F

#define F(x,y,z) (y ^ (x | ~z))

    P( A, B, C, D,  0,  6, 0xF4292244 );
    2258:	9b3a                	add	s6,s6,a4
    225a:	965a                	add	a2,a2,s6
    225c:	40b7eb33          	orn	s6,a5,a1
    2260:	01bb4b33          	xor	s6,s6,s11
    2264:	4c99                	li	s9,6
    2266:	965a                	add	a2,a2,s6
    2268:	61961633          	rol	a2,a2,s9
    226c:	432b0737          	lui	a4,0x432b0
    2270:	963e                	add	a2,a2,a5
    P( D, A, B, C,  7, 10, 0x432AFF97 );
    2272:	f9770713          	addi	a4,a4,-105 # 432aff97 <_sp+0x23277f97>
    2276:	9aba                	add	s5,s5,a4
    2278:	41b66733          	orn	a4,a2,s11
    227c:	8f3d                	xor	a4,a4,a5
    227e:	95d6                	add	a1,a1,s5
    2280:	4b29                	li	s6,10
    2282:	95ba                	add	a1,a1,a4
    2284:	ab9426b7          	lui	a3,0xab942
    2288:	61659733          	rol	a4,a1,s6
    228c:	3a768693          	addi	a3,a3,935 # ab9423a7 <_sp+0x8b90a3a7>
    2290:	9732                	add	a4,a4,a2
    P( C, D, A, B, 14, 15, 0xAB9423A7 );
    2292:	9a36                	add	s4,s4,a3
    2294:	9dd2                	add	s11,s11,s4
    2296:	40f76a33          	orn	s4,a4,a5
    229a:	00ca4a33          	xor	s4,s4,a2
    229e:	4abd                	li	s5,15
    22a0:	9dd2                	add	s11,s11,s4
    22a2:	fc93a6b7          	lui	a3,0xfc93a
    22a6:	615d9db3          	rol	s11,s11,s5
    22aa:	03968693          	addi	a3,a3,57 # fc93a039 <_sp+0xdc902039>
    22ae:	9dba                	add	s11,s11,a4
    P( B, C, D, A,  5, 21, 0xFC93A039 );
    22b0:	99b6                	add	s3,s3,a3
    22b2:	97ce                	add	a5,a5,s3
    22b4:	40cde9b3          	orn	s3,s11,a2
    22b8:	00e9c9b3          	xor	s3,s3,a4
    22bc:	97ce                	add	a5,a5,s3
    22be:	655b66b7          	lui	a3,0x655b6
    22c2:	9c368693          	addi	a3,a3,-1597 # 655b59c3 <_sp+0x4557d9c3>
    22c6:	60b7d793          	rori	a5,a5,0xb
    22ca:	97ee                	add	a5,a5,s11
    P( A, B, C, D, 12,  6, 0x655B59C3 );
    22cc:	9936                	add	s2,s2,a3
    22ce:	964a                	add	a2,a2,s2
    22d0:	40e7e933          	orn	s2,a5,a4
    22d4:	01b94933          	xor	s2,s2,s11
    22d8:	9932                	add	s2,s2,a2
    22da:	61991933          	rol	s2,s2,s9
    22de:	8f0cd637          	lui	a2,0x8f0cd
    22e2:	993e                	add	s2,s2,a5
    P( D, A, B, C,  3, 10, 0x8F0CCC92 );
    22e4:	c9260613          	addi	a2,a2,-878 # 8f0ccc92 <_sp+0x6f094c92>
    22e8:	94b2                	add	s1,s1,a2
    22ea:	41b96633          	orn	a2,s2,s11
    22ee:	8e3d                	xor	a2,a2,a5
    22f0:	9726                	add	a4,a4,s1
    22f2:	9732                	add	a4,a4,a2
    22f4:	61671633          	rol	a2,a4,s6
    22f8:	ffeff6b7          	lui	a3,0xffeff
    22fc:	964a                	add	a2,a2,s2
    P( C, D, A, B, 10, 15, 0xFFEFF47D );
    22fe:	47d68693          	addi	a3,a3,1149 # ffeff47d <_sp+0xdfec747d>
    2302:	9436                	add	s0,s0,a3
    2304:	40f666b3          	orn	a3,a2,a5
    2308:	0126c6b3          	xor	a3,a3,s2
    230c:	9da2                	add	s11,s11,s0
    230e:	9db6                	add	s11,s11,a3
    2310:	615d96b3          	rol	a3,s11,s5
    2314:	85846737          	lui	a4,0x85846
    2318:	96b2                	add	a3,a3,a2
    P( B, C, D, A,  1, 21, 0x85845DD1 );
    231a:	dd170713          	addi	a4,a4,-559 # 85845dd1 <_sp+0x6580ddd1>
    231e:	93ba                	add	t2,t2,a4
    2320:	4126e733          	orn	a4,a3,s2
    2324:	8f31                	xor	a4,a4,a2
    2326:	979e                	add	a5,a5,t2
    2328:	97ba                	add	a5,a5,a4
    232a:	60b7d713          	rori	a4,a5,0xb
    232e:	6fa885b7          	lui	a1,0x6fa88
    2332:	9736                	add	a4,a4,a3
    P( A, B, C, D,  8,  6, 0x6FA87E4F );
    2334:	e4f58593          	addi	a1,a1,-433 # 6fa87e4f <_sp+0x4fa4fe4f>
    2338:	92ae                	add	t0,t0,a1
    233a:	40c765b3          	orn	a1,a4,a2
    233e:	8db5                	xor	a1,a1,a3
    2340:	9916                	add	s2,s2,t0
    2342:	992e                	add	s2,s2,a1
    2344:	fe2ce7b7          	lui	a5,0xfe2ce
    2348:	619915b3          	rol	a1,s2,s9
    234c:	6e078793          	addi	a5,a5,1760 # fe2ce6e0 <_sp+0xde2966e0>
    2350:	95ba                	add	a1,a1,a4
    P( D, A, B, C, 15, 10, 0xFE2CE6E0 );
    2352:	9fbe                	add	t6,t6,a5
    2354:	967e                	add	a2,a2,t6
    2356:	40d5efb3          	orn	t6,a1,a3
    235a:	00efcfb3          	xor	t6,t6,a4
    235e:	967e                	add	a2,a2,t6
    2360:	a30147b7          	lui	a5,0xa3014
    2364:	61661633          	rol	a2,a2,s6
    2368:	31478793          	addi	a5,a5,788 # a3014314 <_sp+0x82fdc314>
    236c:	962e                	add	a2,a2,a1
    P( C, D, A, B,  6, 15, 0xA3014314 );
    236e:	9f3e                	add	t5,t5,a5
    2370:	96fa                	add	a3,a3,t5
    2372:	40e66f33          	orn	t5,a2,a4
    2376:	00bf4f33          	xor	t5,t5,a1
    237a:	96fa                	add	a3,a3,t5
    237c:	4e0817b7          	lui	a5,0x4e081
    2380:	615696b3          	rol	a3,a3,s5
    2384:	1a178793          	addi	a5,a5,417 # 4e0811a1 <_sp+0x2e0491a1>
    2388:	96b2                	add	a3,a3,a2
    P( B, C, D, A, 13, 21, 0x4E0811A1 );
    238a:	9ebe                	add	t4,t4,a5
    238c:	9776                	add	a4,a4,t4
    238e:	40b6eeb3          	orn	t4,a3,a1
    2392:	00ceceb3          	xor	t4,t4,a2
    2396:	9776                	add	a4,a4,t4
    2398:	60b75713          	rori	a4,a4,0xb
    239c:	f75387b7          	lui	a5,0xf7538
    23a0:	9736                	add	a4,a4,a3
    P( A, B, C, D,  4,  6, 0xF7537E82 );
    23a2:	e8278793          	addi	a5,a5,-382 # f7537e82 <_sp+0xd74ffe82>
    23a6:	9e3e                	add	t3,t3,a5
    23a8:	40c767b3          	orn	a5,a4,a2
    23ac:	8fb5                	xor	a5,a5,a3
    23ae:	95f2                	add	a1,a1,t3
    23b0:	95be                	add	a1,a1,a5
    23b2:	619597b3          	rol	a5,a1,s9
    23b6:	bd3af5b7          	lui	a1,0xbd3af
    23ba:	23558593          	addi	a1,a1,565 # bd3af235 <_sp+0x9d377235>
    23be:	97ba                	add	a5,a5,a4
    P( D, A, B, C, 11, 10, 0xBD3AF235 );
    23c0:	932e                	add	t1,t1,a1
    23c2:	961a                	add	a2,a2,t1
    23c4:	40d7e333          	orn	t1,a5,a3
    23c8:	00e34333          	xor	t1,t1,a4
    23cc:	961a                	add	a2,a2,t1
    23ce:	61661b33          	rol	s6,a2,s6
    23d2:	2ad7d637          	lui	a2,0x2ad7d
    23d6:	2bb60613          	addi	a2,a2,699 # 2ad7d2bb <_sp+0xad452bb>
    23da:	9b3e                	add	s6,s6,a5
    P( C, D, A, B,  2, 15, 0x2AD7D2BB );
    23dc:	98b2                	add	a7,a7,a2
    23de:	98b6                	add	a7,a7,a3
    23e0:	40eb66b3          	orn	a3,s6,a4
    23e4:	8ebd                	xor	a3,a3,a5
    23e6:	96c6                	add	a3,a3,a7
    23e8:	61569ab3          	rol	s5,a3,s5
    23ec:	eb86d6b7          	lui	a3,0xeb86d
    23f0:	39168693          	addi	a3,a3,913 # eb86d391 <_sp+0xcb835391>
    23f4:	9836                	add	a6,a6,a3
    P( B, C, D, A,  9, 21, 0xEB86D391 );

#undef F

    ctx->state[0] += A;
    23f6:	4514                	lw	a3,8(a0)
    P( C, D, A, B,  2, 15, 0x2AD7D2BB );
    23f8:	9ada                	add	s5,s5,s6
    ctx->state[0] += A;
    23fa:	96be                	add	a3,a3,a5
    P( B, C, D, A,  9, 21, 0xEB86D391 );
    23fc:	40fae7b3          	orn	a5,s5,a5
    2400:	0167c7b3          	xor	a5,a5,s6
    2404:	9742                	add	a4,a4,a6
    2406:	97ba                	add	a5,a5,a4
    2408:	60b7d793          	rori	a5,a5,0xb
    ctx->state[1] += B;
    240c:	9bd6                	add	s7,s7,s5
    240e:	9bbe                	add	s7,s7,a5
    ctx->state[2] += C;
    ctx->state[3] += D;
    2410:	495c                	lw	a5,20(a0)

    return( 0 );
}
    2412:	5432                	lw	s0,44(sp)
    ctx->state[2] += C;
    2414:	9ae2                	add	s5,s5,s8
    ctx->state[3] += D;
    2416:	9b3e                	add	s6,s6,a5
    ctx->state[1] += B;
    2418:	01752623          	sw	s7,12(a0)
    ctx->state[2] += C;
    241c:	01552823          	sw	s5,16(a0)
    ctx->state[3] += D;
    2420:	01652a23          	sw	s6,20(a0)
}
    2424:	54a2                	lw	s1,40(sp)
    2426:	5912                	lw	s2,36(sp)
    2428:	5982                	lw	s3,32(sp)
    242a:	4a72                	lw	s4,28(sp)
    242c:	4ae2                	lw	s5,24(sp)
    242e:	4b52                	lw	s6,20(sp)
    2430:	4bc2                	lw	s7,16(sp)
    2432:	4c32                	lw	s8,12(sp)
    2434:	4ca2                	lw	s9,8(sp)
    ctx->state[0] += A;
    2436:	c514                	sw	a3,8(a0)
}
    2438:	4d12                	lw	s10,4(sp)
    243a:	4501                	li	a0,0
    243c:	4d82                	lw	s11,0(sp)
    243e:	6145                	addi	sp,sp,48
    2440:	8082                	ret

00002442 <mbedtls_md5_update_ret>:
{
    int ret;
    size_t fill;
    uint32_t left;

    if( ilen == 0 )
    2442:	e219                	bnez	a2,2448 <mbedtls_md5_update_ret+0x6>
        return( 0 );
    2444:	4501                	li	a0,0
    {
        memcpy( (void *) (ctx->buffer + left), input, ilen );
    }

    return( 0 );
}
    2446:	8082                	ret
    left = ctx->total[0] & 0x3F;
    2448:	411c                	lw	a5,0(a0)
{
    244a:	1101                	addi	sp,sp,-32
    244c:	cc22                	sw	s0,24(sp)
    244e:	ca26                	sw	s1,20(sp)
    2450:	c84a                	sw	s2,16(sp)
    2452:	c64e                	sw	s3,12(sp)
    2454:	ce06                	sw	ra,28(sp)
    2456:	c452                	sw	s4,8(sp)
    2458:	c256                	sw	s5,4(sp)
    left = ctx->total[0] & 0x3F;
    245a:	03f7f993          	andi	s3,a5,63
    ctx->total[0] += (uint32_t) ilen;
    245e:	97b2                	add	a5,a5,a2
    2460:	c11c                	sw	a5,0(a0)
    2462:	84aa                	mv	s1,a0
    2464:	892e                	mv	s2,a1
    2466:	8432                	mv	s0,a2
    if( ctx->total[0] < (uint32_t) ilen )
    2468:	00c7f563          	bgeu	a5,a2,2472 <mbedtls_md5_update_ret+0x30>
        ctx->total[1]++;
    246c:	415c                	lw	a5,4(a0)
    246e:	0785                	addi	a5,a5,1
    2470:	c15c                	sw	a5,4(a0)
    if( left && ilen >= fill )
    2472:	02098a63          	beqz	s3,24a6 <mbedtls_md5_update_ret+0x64>
    fill = 64 - left;
    2476:	04000a13          	li	s4,64
    247a:	413a0a33          	sub	s4,s4,s3
    if( left && ilen >= fill )
    247e:	03446463          	bltu	s0,s4,24a6 <mbedtls_md5_update_ret+0x64>
        memcpy( (void *) (ctx->buffer + left), input, fill );
    2482:	01848a93          	addi	s5,s1,24
    2486:	85ca                	mv	a1,s2
    2488:	8652                	mv	a2,s4
    248a:	013a8533          	add	a0,s5,s3
    248e:	9f7fe0ef          	jal	ra,e84 <__wrap_memcpy>
        if( ( ret = mbedtls_internal_md5_process( ctx, ctx->buffer ) ) != 0 )
    2492:	85d6                	mv	a1,s5
    2494:	8526                	mv	a0,s1
    2496:	e28ff0ef          	jal	ra,1abe <mbedtls_internal_md5_process>
    249a:	ed05                	bnez	a0,24d2 <mbedtls_md5_update_ret+0x90>
        ilen  -= fill;
    249c:	944e                	add	s0,s0,s3
        input += fill;
    249e:	9952                	add	s2,s2,s4
        ilen  -= fill;
    24a0:	fc040413          	addi	s0,s0,-64
        left = 0;
    24a4:	4981                	li	s3,0
    24a6:	9922                	add	s2,s2,s0
    while( ilen >= 64 )
    24a8:	03f00a13          	li	s4,63
    24ac:	a039                	j	24ba <mbedtls_md5_update_ret+0x78>
        if( ( ret = mbedtls_internal_md5_process( ctx, input ) ) != 0 )
    24ae:	8526                	mv	a0,s1
    24b0:	e0eff0ef          	jal	ra,1abe <mbedtls_internal_md5_process>
    24b4:	ed19                	bnez	a0,24d2 <mbedtls_md5_update_ret+0x90>
        ilen  -= 64;
    24b6:	fc040413          	addi	s0,s0,-64
    24ba:	408905b3          	sub	a1,s2,s0
    while( ilen >= 64 )
    24be:	fe8a68e3          	bltu	s4,s0,24ae <mbedtls_md5_update_ret+0x6c>
    if( ilen > 0 )
    24c2:	c419                	beqz	s0,24d0 <mbedtls_md5_update_ret+0x8e>
        memcpy( (void *) (ctx->buffer + left), input, ilen );
    24c4:	01848513          	addi	a0,s1,24
    24c8:	8622                	mv	a2,s0
    24ca:	954e                	add	a0,a0,s3
    24cc:	9b9fe0ef          	jal	ra,e84 <__wrap_memcpy>
    return( 0 );
    24d0:	4501                	li	a0,0
}
    24d2:	40f2                	lw	ra,28(sp)
    24d4:	4462                	lw	s0,24(sp)
    24d6:	44d2                	lw	s1,20(sp)
    24d8:	4942                	lw	s2,16(sp)
    24da:	49b2                	lw	s3,12(sp)
    24dc:	4a22                	lw	s4,8(sp)
    24de:	4a92                	lw	s5,4(sp)
    24e0:	6105                	addi	sp,sp,32
    24e2:	8082                	ret

000024e4 <mbedtls_md5_finish_ret>:
    uint32_t high, low;

    /*
     * Add padding: 0x80 then 0x00 until 8 bytes remain for the length
     */
    used = ctx->total[0] & 0x3F;
    24e4:	411c                	lw	a5,0(a0)
{
    24e6:	1141                	addi	sp,sp,-16
    used = ctx->total[0] & 0x3F;
    24e8:	03f7f793          	andi	a5,a5,63
{
    24ec:	c422                	sw	s0,8(sp)
    24ee:	c226                	sw	s1,4(sp)
    24f0:	c04a                	sw	s2,0(sp)

    ctx->buffer[used++] = 0x80;
    24f2:	00178713          	addi	a4,a5,1
{
    24f6:	c606                	sw	ra,12(sp)
    ctx->buffer[used++] = 0x80;
    24f8:	97aa                	add	a5,a5,a0
    24fa:	f8000693          	li	a3,-128

    if( used <= 56 )
    {
        /* Enough room for padding + length in current block */
        memset( ctx->buffer + used, 0, 56 - used );
    24fe:	01850913          	addi	s2,a0,24
    ctx->buffer[used++] = 0x80;
    2502:	00d78c23          	sb	a3,24(a5)
    if( used <= 56 )
    2506:	03800613          	li	a2,56
{
    250a:	842a                	mv	s0,a0
    250c:	84ae                	mv	s1,a1
        memset( ctx->buffer + used, 0, 56 - used );
    250e:	00e90533          	add	a0,s2,a4
    if( used <= 56 )
    2512:	0ae66663          	bltu	a2,a4,25be <mbedtls_md5_finish_ret+0xda>
        memset( ctx->buffer + used, 0, 56 - used );
    2516:	8e19                	sub	a2,a2,a4
    2518:	4581                	li	a1,0
        memset( ctx->buffer + used, 0, 64 - used );

        if( ( ret = mbedtls_internal_md5_process( ctx, ctx->buffer ) ) != 0 )
            return( ret );

        memset( ctx->buffer, 0, 56 );
    251a:	987fe0ef          	jal	ra,ea0 <__wrap_memset>
    }

    /*
     * Add message length
     */
    high = ( ctx->total[0] >> 29 )
    251e:	4018                	lw	a4,0(s0)
         | ( ctx->total[1] <<  3 );
    2520:	405c                	lw	a5,4(s0)
    high = ( ctx->total[0] >> 29 )
    2522:	01d75693          	srli	a3,a4,0x1d
         | ( ctx->total[1] <<  3 );
    2526:	078e                	slli	a5,a5,0x3
    high = ( ctx->total[0] >> 29 )
    2528:	8fd5                	or	a5,a5,a3
    low  = ( ctx->total[0] <<  3 );
    252a:	070e                	slli	a4,a4,0x3

    PUT_UINT32_LE( low,  ctx->buffer, 56 );
    252c:	c838                	sw	a4,80(s0)
    PUT_UINT32_LE( high, ctx->buffer, 60 );
    252e:	c87c                	sw	a5,84(s0)

    if( ( ret = mbedtls_internal_md5_process( ctx, ctx->buffer ) ) != 0 )
    2530:	85ca                	mv	a1,s2
    2532:	8522                	mv	a0,s0
    2534:	d8aff0ef          	jal	ra,1abe <mbedtls_internal_md5_process>
    2538:	ed2d                	bnez	a0,25b2 <mbedtls_md5_finish_ret+0xce>
        return( ret );

    /*
     * Output final state
     */
    PUT_UINT32_LE( ctx->state[0], output,  0 );
    253a:	441c                	lw	a5,8(s0)
    253c:	00f48023          	sb	a5,0(s1)
    2540:	441c                	lw	a5,8(s0)
    2542:	83a1                	srli	a5,a5,0x8
    2544:	00f480a3          	sb	a5,1(s1)
    2548:	00a45783          	lhu	a5,10(s0)
    254c:	00f48123          	sb	a5,2(s1)
    2550:	00b44783          	lbu	a5,11(s0)
    2554:	00f481a3          	sb	a5,3(s1)
    PUT_UINT32_LE( ctx->state[1], output,  4 );
    2558:	445c                	lw	a5,12(s0)
    255a:	00f48223          	sb	a5,4(s1)
    255e:	445c                	lw	a5,12(s0)
    2560:	83a1                	srli	a5,a5,0x8
    2562:	00f482a3          	sb	a5,5(s1)
    2566:	00e45783          	lhu	a5,14(s0)
    256a:	00f48323          	sb	a5,6(s1)
    256e:	00f44783          	lbu	a5,15(s0)
    2572:	00f483a3          	sb	a5,7(s1)
    PUT_UINT32_LE( ctx->state[2], output,  8 );
    2576:	481c                	lw	a5,16(s0)
    2578:	00f48423          	sb	a5,8(s1)
    257c:	481c                	lw	a5,16(s0)
    257e:	83a1                	srli	a5,a5,0x8
    2580:	00f484a3          	sb	a5,9(s1)
    2584:	01245783          	lhu	a5,18(s0)
    2588:	00f48523          	sb	a5,10(s1)
    258c:	01344783          	lbu	a5,19(s0)
    2590:	00f485a3          	sb	a5,11(s1)
    PUT_UINT32_LE( ctx->state[3], output, 12 );
    2594:	485c                	lw	a5,20(s0)
    2596:	00f48623          	sb	a5,12(s1)
    259a:	485c                	lw	a5,20(s0)
    259c:	83a1                	srli	a5,a5,0x8
    259e:	00f486a3          	sb	a5,13(s1)
    25a2:	01645783          	lhu	a5,22(s0)
    25a6:	00f48723          	sb	a5,14(s1)
    25aa:	01744783          	lbu	a5,23(s0)
    25ae:	00f487a3          	sb	a5,15(s1)

    return( 0 );
}
    25b2:	40b2                	lw	ra,12(sp)
    25b4:	4422                	lw	s0,8(sp)
    25b6:	4492                	lw	s1,4(sp)
    25b8:	4902                	lw	s2,0(sp)
    25ba:	0141                	addi	sp,sp,16
    25bc:	8082                	ret
        memset( ctx->buffer + used, 0, 64 - used );
    25be:	04000613          	li	a2,64
    25c2:	4581                	li	a1,0
    25c4:	8e19                	sub	a2,a2,a4
    25c6:	8dbfe0ef          	jal	ra,ea0 <__wrap_memset>
        if( ( ret = mbedtls_internal_md5_process( ctx, ctx->buffer ) ) != 0 )
    25ca:	85ca                	mv	a1,s2
    25cc:	8522                	mv	a0,s0
    25ce:	cf0ff0ef          	jal	ra,1abe <mbedtls_internal_md5_process>
    25d2:	f165                	bnez	a0,25b2 <mbedtls_md5_finish_ret+0xce>
        memset( ctx->buffer, 0, 56 );
    25d4:	03800613          	li	a2,56
    25d8:	4581                	li	a1,0
    25da:	854a                	mv	a0,s2
    25dc:	bf3d                	j	251a <mbedtls_md5_finish_ret+0x36>

000025de <mbedtls_md5_ret>:
 * output = MD5( input buffer )
 */
int mbedtls_md5_ret( const unsigned char *input,
                     size_t ilen,
                     unsigned char output[16] )
{
    25de:	7159                	addi	sp,sp,-112
    25e0:	d4a2                	sw	s0,104(sp)
    25e2:	842a                	mv	s0,a0
    int ret;
    mbedtls_md5_context ctx;

    mbedtls_md5_init( &ctx );
    25e4:	0028                	addi	a0,sp,8
{
    25e6:	d2a6                	sw	s1,100(sp)
    25e8:	d0ca                	sw	s2,96(sp)
    25ea:	d686                	sw	ra,108(sp)
    25ec:	892e                	mv	s2,a1
    25ee:	84b2                	mv	s1,a2
    mbedtls_md5_init( &ctx );
    25f0:	cbaff0ef          	jal	ra,1aaa <mbedtls_md5_init>
    ctx->state[0] = 0x67452301;
    25f4:	674527b7          	lui	a5,0x67452
    25f8:	30178793          	addi	a5,a5,769 # 67452301 <_sp+0x4741a301>
    25fc:	c83e                	sw	a5,16(sp)
    ctx->state[1] = 0xEFCDAB89;
    25fe:	efcdb7b7          	lui	a5,0xefcdb
    2602:	b8978793          	addi	a5,a5,-1143 # efcdab89 <_sp+0xcfca2b89>
    2606:	ca3e                	sw	a5,20(sp)
    ctx->state[2] = 0x98BADCFE;
    2608:	98bae7b7          	lui	a5,0x98bae
    260c:	cfe78793          	addi	a5,a5,-770 # 98badcfe <_sp+0x78b75cfe>
    2610:	cc3e                	sw	a5,24(sp)
    ctx->state[3] = 0x10325476;
    2612:	103257b7          	lui	a5,0x10325
    2616:	47678793          	addi	a5,a5,1142 # 10325476 <_data_lma+0x10320736>

    if( ( ret = mbedtls_md5_starts_ret( &ctx ) ) != 0 )
        goto exit;

    if( ( ret = mbedtls_md5_update_ret( &ctx, input, ilen ) ) != 0 )
    261a:	864a                	mv	a2,s2
    261c:	85a2                	mv	a1,s0
    261e:	0028                	addi	a0,sp,8
    ctx->total[0] = 0;
    2620:	c402                	sw	zero,8(sp)
    ctx->total[1] = 0;
    2622:	c602                	sw	zero,12(sp)
    ctx->state[3] = 0x10325476;
    2624:	ce3e                	sw	a5,28(sp)
    if( ( ret = mbedtls_md5_update_ret( &ctx, input, ilen ) ) != 0 )
    2626:	3d31                	jal	2442 <mbedtls_md5_update_ret>
    2628:	e501                	bnez	a0,2630 <mbedtls_md5_ret+0x52>
        goto exit;

    if( ( ret = mbedtls_md5_finish_ret( &ctx, output ) ) != 0 )
    262a:	85a6                	mv	a1,s1
    262c:	0028                	addi	a0,sp,8
    262e:	3d5d                	jal	24e4 <mbedtls_md5_finish_ret>
    2630:	842a                	mv	s0,a0
        goto exit;

exit:
    mbedtls_md5_free( &ctx );
    2632:	0028                	addi	a0,sp,8
    2634:	c80ff0ef          	jal	ra,1ab4 <mbedtls_md5_free>

    return( ret );
}
    2638:	50b6                	lw	ra,108(sp)
    263a:	8522                	mv	a0,s0
    263c:	5426                	lw	s0,104(sp)
    263e:	5496                	lw	s1,100(sp)
    2640:	5906                	lw	s2,96(sp)
    2642:	6165                	addi	sp,sp,112
    2644:	8082                	ret

00002646 <eclic_mtip_handler>:
	return sys_tick_ms;
}

void SysTick_Handler(void)
{
	sys_tick_ms++;
    2646:	a5818793          	addi	a5,gp,-1448 # 20034308 <sys_tick_ms>
    264a:	4398                	lw	a4,0(a5)
{
    264c:	1101                	addi	sp,sp,-32
	sys_tick_ms++;
    264e:	0705                	addi	a4,a4,1
{
    2650:	ce06                	sw	ra,28(sp)
	sys_tick_ms++;
    2652:	c398                	sw	a4,0(a5)

	static uint32_t acc_tick = 0;
	acc_tick++;
    2654:	a5418793          	addi	a5,gp,-1452 # 20034304 <acc_tick.0>
    2658:	4398                	lw	a4,0(a5)
	if(acc_tick >= (1000 / CLOCK_SECOND)) {
    265a:	46f9                	li	a3,30
	acc_tick++;
    265c:	0705                	addi	a4,a4,1
	if(acc_tick >= (1000 / CLOCK_SECOND)) {
    265e:	06e6e363          	bltu	a3,a4,26c4 <eclic_mtip_handler+0x7e>
	acc_tick++;
    2662:	c398                	sw	a4,0(a5)
#if __RISCV_XLEN == 32
    volatile uint32_t high0, low, high;
    uint64_t full;
    uint8_t *addr;

    addr = (uint8_t *)(&(SysTimer->MTIMER));
    2664:	f2418793          	addi	a5,gp,-220 # 200347d4 <SystemIRegionInfo>
    2668:	479c                	lw	a5,8(a5)

    high0 = __LW(addr + 4);
    266a:	00478693          	addi	a3,a5,4
 */
__STATIC_FORCEINLINE uint32_t __LW(volatile void *addr)
{
    uint32_t result;

    __ASM volatile ("lw %0, 0(%1)" : "=r" (result) : "r" (addr));
    266e:	4290                	lw	a2,0(a3)
    2670:	c232                	sw	a2,4(sp)
    2672:	4390                	lw	a2,0(a5)
    low = __LW(addr);
    2674:	c432                	sw	a2,8(sp)
    2676:	4294                	lw	a3,0(a3)
    high = __LW(addr + 4);
    2678:	c636                	sw	a3,12(sp)
    if (high0 != high) {
    267a:	4612                	lw	a2,4(sp)
    267c:	46b2                	lw	a3,12(sp)
    267e:	f2418713          	addi	a4,gp,-220 # 200347d4 <SystemIRegionInfo>
    2682:	00d60463          	beq	a2,a3,268a <eclic_mtip_handler+0x44>
    2686:	439c                	lw	a5,0(a5)
        low = __LW(addr);
    2688:	c43e                	sw	a5,8(sp)
    }
    full = (((uint64_t)high) << 32) | low;
    268a:	45b2                	lw	a1,12(sp)
    268c:	47a2                	lw	a5,8(sp)
 * - \ref SysTimer_SetLoadValue
 */
__STATIC_FORCEINLINE uint32_t SysTick_Reload(uint64_t ticks)
{
    uint64_t cur_ticks = SysTimer_GetLoadValue();
    uint64_t reload_ticks = ticks + cur_ticks;
    268e:	3e878613          	addi	a2,a5,1000
    2692:	00f636b3          	sltu	a3,a2,a5
    2696:	96ae                	add	a3,a3,a1

    if (__USUALLY(reload_ticks > cur_ticks)) {
    2698:	00d5e663          	bltu	a1,a3,26a4 <eclic_mtip_handler+0x5e>
    269c:	04b69b63          	bne	a3,a1,26f2 <eclic_mtip_handler+0xac>
    26a0:	04c7f963          	bgeu	a5,a2,26f2 <eclic_mtip_handler+0xac>
    id = __RV_CSR_READ(CSR_MHARTID) & 0xFF;
    26a4:	f14027f3          	csrr	a5,mhartid
    26a8:	0ff7f793          	zext.b	a5,a5
    if (hartid == 0) {
    26ac:	e79d                	bnez	a5,26da <eclic_mtip_handler+0x94>
        addr = (uint8_t *)(&(SysTimer->MTIMERCMP));
    26ae:	471c                	lw	a5,8(a4)
 * \param [in]    addr  Address pointer to data
 * \param [in]    val   Value to set
 */
__STATIC_FORCEINLINE void __SW(volatile void *addr, uint32_t val)
{
    __ASM volatile ("sw %0, 0(%1)" : : "r" (val), "r" (addr));
    26b0:	55fd                	li	a1,-1
    26b2:	00878713          	addi	a4,a5,8
    26b6:	c30c                	sw	a1,0(a4)
        __SW(addr + 4, (uint32_t)(value >> 32));
    26b8:	07b1                	addi	a5,a5,12
    26ba:	c394                	sw	a3,0(a5)
    26bc:	c310                	sw	a2,0(a4)
		if(etimer_pending()) {
			etimer_request_poll();
		}
	}
	SysTick_Reload(SYSTICK_CLK_FREQ / SYSTICK_PER_SECOND);
}
    26be:	40f2                	lw	ra,28(sp)
    26c0:	6105                	addi	sp,sp,32
    26c2:	8082                	ret
		acc_tick = 0;
    26c4:	0007a023          	sw	zero,0(a5)
		tm_count++;
    26c8:	a5c18793          	addi	a5,gp,-1444 # 2003430c <tm_count>
    26cc:	4398                	lw	a4,0(a5)
    26ce:	0705                	addi	a4,a4,1
    26d0:	c398                	sw	a4,0(a5)
		if(etimer_pending()) {
    26d2:	24d5                	jal	29b6 <etimer_pending>
    26d4:	d941                	beqz	a0,2664 <eclic_mtip_handler+0x1e>
			etimer_request_poll();
    26d6:	2a71                	jal	2872 <etimer_request_poll>
    26d8:	b771                	j	2664 <eclic_mtip_handler+0x1e>
        uint8_t *addr = (uint8_t *)(SysTimer_CLINT_MTIMECMP_BASE(hartid));
    26da:	4718                	lw	a4,8(a4)
    26dc:	6595                	lui	a1,0x5
    26de:	972e                	add	a4,a4,a1
    26e0:	20e7e7b3          	sh3add	a5,a5,a4
    26e4:	577d                	li	a4,-1
    26e6:	c398                	sw	a4,0(a5)
        __SW(addr + 4, (uint32_t)(value >> 32));
    26e8:	00478713          	addi	a4,a5,4
    26ec:	c314                	sw	a3,0(a4)
    26ee:	c390                	sw	a2,0(a5)
}
    26f0:	b7f9                	j	26be <eclic_mtip_handler+0x78>
    addr = (uint8_t *)(&(SysTimer->MTIMER));
    26f2:	471c                	lw	a5,8(a4)
    __ASM volatile ("sw %0, 0(%1)" : : "r" (val), "r" (addr));
    26f4:	4681                	li	a3,0
    26f6:	c394                	sw	a3,0(a5)
    __SW(addr + 4, (uint32_t)(value >> 32));
    26f8:	00478613          	addi	a2,a5,4
    26fc:	c214                	sw	a3,0(a2)
    26fe:	c394                	sw	a3,0(a5)
    id = __RV_CSR_READ(CSR_MHARTID) & 0xFF;
    2700:	f14027f3          	csrr	a5,mhartid
        addr = (uint8_t *)(&(SysTimer->MTIMERCMP));
    2704:	4718                	lw	a4,8(a4)
    2706:	0ff7f793          	zext.b	a5,a5
    if (hartid == 0) {
    270a:	eb99                	bnez	a5,2720 <eclic_mtip_handler+0xda>
        addr = (uint8_t *)(&(SysTimer->MTIMERCMP));
    270c:	00870693          	addi	a3,a4,8
    __ASM volatile ("sw %0, 0(%1)" : : "r" (val), "r" (addr));
    2710:	567d                	li	a2,-1
    2712:	c290                	sw	a2,0(a3)
        __SW(addr + 4, (uint32_t)(value >> 32));
    2714:	0731                	addi	a4,a4,12
    2716:	c31c                	sw	a5,0(a4)
    2718:	3e800793          	li	a5,1000
    271c:	c29c                	sw	a5,0(a3)
}
    271e:	b745                	j	26be <eclic_mtip_handler+0x78>
        uint8_t *addr = (uint8_t *)(SysTimer_CLINT_MTIMECMP_BASE(hartid));
    2720:	6615                	lui	a2,0x5
    2722:	9732                	add	a4,a4,a2
    2724:	20e7e7b3          	sh3add	a5,a5,a4
    __ASM volatile ("sw %0, 0(%1)" : : "r" (val), "r" (addr));
    2728:	577d                	li	a4,-1
    272a:	c398                	sw	a4,0(a5)
        __SW(addr + 4, (uint32_t)(value >> 32));
    272c:	00478713          	addi	a4,a5,4
    2730:	c314                	sw	a3,0(a4)
    2732:	3e800713          	li	a4,1000
    2736:	c398                	sw	a4,0(a5)
}
    2738:	b759                	j	26be <eclic_mtip_handler+0x78>

0000273a <clock_init>:
/*---------------------------------------------------------------------------*/
void
clock_init(void)
{
	tm_count = 0;
	register_ISR(IRQ_SysTimer_VECTOR, SysTick_Handler, NULL);
    273a:	6589                	lui	a1,0x2
{
    273c:	1101                	addi	sp,sp,-32
	register_ISR(IRQ_SysTimer_VECTOR, SysTick_Handler, NULL);
    273e:	4601                	li	a2,0
    2740:	64658593          	addi	a1,a1,1606 # 2646 <eclic_mtip_handler>
    2744:	451d                	li	a0,7
{
    2746:	ce06                	sw	ra,28(sp)
	tm_count = 0;
    2748:	a401ae23          	sw	zero,-1444(gp) # 2003430c <tm_count>
	register_ISR(IRQ_SysTimer_VECTOR, SysTick_Handler, NULL);
    274c:	795010ef          	jal	ra,46e0 <register_ISR>
    addr = (uint8_t *)(&(SysTimer->MTIMER));
    2750:	f2418713          	addi	a4,gp,-220 # 200347d4 <SystemIRegionInfo>
    2754:	4718                	lw	a4,8(a4)
    high0 = __LW(addr + 4);
    2756:	00470693          	addi	a3,a4,4
    __ASM volatile ("lw %0, 0(%1)" : "=r" (result) : "r" (addr));
    275a:	4290                	lw	a2,0(a3)
    275c:	c232                	sw	a2,4(sp)
    275e:	4310                	lw	a2,0(a4)
    low = __LW(addr);
    2760:	c432                	sw	a2,8(sp)
    2762:	4294                	lw	a3,0(a3)
    high = __LW(addr + 4);
    2764:	c636                	sw	a3,12(sp)
    if (high0 != high) {
    2766:	4612                	lw	a2,4(sp)
    2768:	46b2                	lw	a3,12(sp)
    276a:	f2418793          	addi	a5,gp,-220 # 200347d4 <SystemIRegionInfo>
    276e:	00d60463          	beq	a2,a3,2776 <clock_init+0x3c>
    2772:	4318                	lw	a4,0(a4)
        low = __LW(addr);
    2774:	c43a                	sw	a4,8(sp)
    full = (((uint64_t)high) << 32) | low;
    2776:	4732                	lw	a4,12(sp)
    2778:	46a2                	lw	a3,8(sp)
    SysTimer_SetCompareValue(ticks + loadticks);
    277a:	3e868613          	addi	a2,a3,1000
    277e:	00d636b3          	sltu	a3,a2,a3
    2782:	96ba                	add	a3,a3,a4
    id = __RV_CSR_READ(CSR_MHARTID) & 0xFF;
    2784:	f1402773          	csrr	a4,mhartid
    2788:	0ff77713          	zext.b	a4,a4
    if (hartid == 0) {
    278c:	e741                	bnez	a4,2814 <clock_init+0xda>
        addr = (uint8_t *)(&(SysTimer->MTIMERCMP));
    278e:	4798                	lw	a4,8(a5)
    __ASM volatile ("sw %0, 0(%1)" : : "r" (val), "r" (addr));
    2790:	557d                	li	a0,-1
    2792:	00870593          	addi	a1,a4,8
    2796:	c188                	sw	a0,0(a1)
        __SW(addr + 4, (uint32_t)(value >> 32));
    2798:	0731                	addi	a4,a4,12
    279a:	c314                	sw	a3,0(a4)
    279c:	c190                	sw	a2,0(a1)
 * \sa
 * - \ref ECLIC_GetShvIRQ
 */
__STATIC_FORCEINLINE void __ECLIC_SetShvIRQ(IRQn_Type IRQn, uint32_t shv)
{
    ECLIC->CTRL[IRQn].INTATTR &= ~CLIC_INTATTR_SHV_Msk;
    279e:	43d8                	lw	a4,4(a5)
    27a0:	6605                	lui	a2,0x1
    27a2:	9732                	add	a4,a4,a2
    27a4:	01e74683          	lbu	a3,30(a4)
    27a8:	0fe6f693          	andi	a3,a3,254
    27ac:	00d70f23          	sb	a3,30(a4)
    ECLIC->CTRL[IRQn].INTATTR |= (uint8_t)(shv << CLIC_INTATTR_SHV_Pos);
    27b0:	43d8                	lw	a4,4(a5)
    27b2:	9732                	add	a4,a4,a2
    27b4:	01e74683          	lbu	a3,30(a4)
    27b8:	0ff6f693          	zext.b	a3,a3
    27bc:	00d70f23          	sb	a3,30(a4)
    return ((uint32_t)((ECLIC->CFG & CLIC_CLICCFG_NLBIT_Msk) >> CLIC_CLICCFG_NLBIT_Pos));
    27c0:	43d8                	lw	a4,4(a5)
    27c2:	00074683          	lbu	a3,0(a4)
    return ((uint32_t)((ECLIC->INFO & CLIC_CLICINFO_CTLBIT_Msk) >> CLIC_CLICINFO_CTLBIT_Pos));
    27c6:	43d8                	lw	a4,4(a5)
    return ((uint32_t)((ECLIC->CFG & CLIC_CLICCFG_NLBIT_Msk) >> CLIC_CLICCFG_NLBIT_Pos));
    27c8:	8285                	srli	a3,a3,0x1
    return ((uint32_t)((ECLIC->INFO & CLIC_CLICINFO_CTLBIT_Msk) >> CLIC_CLICINFO_CTLBIT_Pos));
    27ca:	4358                	lw	a4,4(a4)
    return ((uint32_t)((ECLIC->CFG & CLIC_CLICCFG_NLBIT_Msk) >> CLIC_CLICCFG_NLBIT_Pos));
    27cc:	8abd                	andi	a3,a3,15
__STATIC_FORCEINLINE void __ECLIC_SetLevelIRQ(IRQn_Type IRQn, uint8_t lvl_abs)
{
    uint8_t nlbits = __ECLIC_GetCfgNlbits();
    uint8_t intctlbits = (uint8_t)__ECLIC_INTCTLBITS;

    if (nlbits == 0) {
    27ce:	c68d                	beqz	a3,27f8 <clock_init+0xbe>
    return ((uint32_t)((ECLIC->INFO & CLIC_CLICINFO_CTLBIT_Msk) >> CLIC_CLICINFO_CTLBIT_Pos));
    27d0:	8355                	srli	a4,a4,0x15
    }

    if (nlbits > intctlbits) {
        nlbits = intctlbits;
    }
    uint8_t maxlvl = ((1 << nlbits) - 1);
    27d2:	8b3d                	andi	a4,a4,15
    27d4:	0ad756b3          	minu	a3,a4,a3
    return (ECLIC->CTRL[IRQn].INTCTRL);
    27d8:	43d8                	lw	a4,4(a5)
    27da:	9732                	add	a4,a4,a2
    27dc:	01f74703          	lbu	a4,31(a4)
    if (lvl_abs > maxlvl) {
        lvl_abs = maxlvl;
    }
    uint8_t lvl = lvl_abs << (ECLIC_MAX_NLBITS - nlbits);
    uint8_t cur_ctrl = __ECLIC_GetCtrlIRQ(IRQn);
    cur_ctrl = cur_ctrl << nlbits;
    27e0:	00d71733          	sll	a4,a4,a3
    cur_ctrl = cur_ctrl >> nlbits;
    27e4:	0ff77713          	zext.b	a4,a4
    27e8:	40d75733          	sra	a4,a4,a3
    ECLIC->CTRL[IRQn].INTCTRL = intctrl;
    27ec:	43d4                	lw	a3,4(a5)
    cur_ctrl = cur_ctrl >> nlbits;
    27ee:	0ff77713          	zext.b	a4,a4
    ECLIC->CTRL[IRQn].INTCTRL = intctrl;
    27f2:	9636                	add	a2,a2,a3
    27f4:	00e60fa3          	sb	a4,31(a2) # 101f <__HEAP_SIZE+0x1f>
    ECLIC->CTRL[IRQn].INTIE |= CLIC_INTIE_IE_Msk;
    27f8:	43d8                	lw	a4,4(a5)
    27fa:	6785                	lui	a5,0x1
    27fc:	973e                	add	a4,a4,a5
    27fe:	01d74783          	lbu	a5,29(a4)
    2802:	0ff7f793          	zext.b	a5,a5
    2806:	0017e793          	ori	a5,a5,1
    280a:	00f70ea3          	sb	a5,29(a4)
	SysTick_Config(SYSTICK_CLK_FREQ / SYSTICK_PER_SECOND);
}
    280e:	40f2                	lw	ra,28(sp)
    2810:	6105                	addi	sp,sp,32
    2812:	8082                	ret
        uint8_t *addr = (uint8_t *)(SysTimer_CLINT_MTIMECMP_BASE(hartid));
    2814:	478c                	lw	a1,8(a5)
    2816:	6515                	lui	a0,0x5
    2818:	95aa                	add	a1,a1,a0
    281a:	20b76733          	sh3add	a4,a4,a1
    281e:	55fd                	li	a1,-1
    2820:	c30c                	sw	a1,0(a4)
        __SW(addr + 4, (uint32_t)(value >> 32));
    2822:	00470593          	addi	a1,a4,4
    2826:	c194                	sw	a3,0(a1)
    2828:	c310                	sw	a2,0(a4)
}
    282a:	bf95                	j	279e <clock_init+0x64>

0000282c <clock_time>:
/*---------------------------------------------------------------------------*/
clock_time_t
clock_time(void)
{
  return (clock_time_t)(tm_count);
    282c:	a5c1a503          	lw	a0,-1444(gp) # 2003430c <tm_count>
}
    2830:	8082                	ret

00002832 <update_time>:

PROCESS(etimer_process, "Event timer");
/*---------------------------------------------------------------------------*/
static void
update_time(void)
{
    2832:	1141                	addi	sp,sp,-16
    2834:	c422                	sw	s0,8(sp)
  clock_time_t tdist;
  clock_time_t now;
  struct etimer *t;

  if(timerlist == NULL) {
    2836:	a6418413          	addi	s0,gp,-1436 # 20034314 <timerlist>
    283a:	401c                	lw	a5,0(s0)
{
    283c:	c606                	sw	ra,12(sp)
  if(timerlist == NULL) {
    283e:	e799                	bnez	a5,284c <update_time+0x1a>
    next_expiration = 0;
    2840:	a601a023          	sw	zero,-1440(gp) # 20034310 <next_expiration>
        tdist = t->timer.start + t->timer.interval - now;
      }
    }
    next_expiration = now + tdist;
  }
}
    2844:	40b2                	lw	ra,12(sp)
    2846:	4422                	lw	s0,8(sp)
    2848:	0141                	addi	sp,sp,16
    284a:	8082                	ret
    now = clock_time();
    284c:	37c5                	jal	282c <clock_time>
    t = timerlist;
    284e:	4018                	lw	a4,0(s0)
    tdist = t->timer.start + t->timer.interval - now;
    2850:	431c                	lw	a5,0(a4)
    2852:	4354                	lw	a3,4(a4)
    2854:	97b6                	add	a5,a5,a3
    2856:	8f89                	sub	a5,a5,a0
    for(t = t->next; t != NULL; t = t->next) {
    2858:	4718                	lw	a4,8(a4)
    285a:	e709                	bnez	a4,2864 <update_time+0x32>
    next_expiration = now + tdist;
    285c:	953e                	add	a0,a0,a5
    285e:	a6a1a023          	sw	a0,-1440(gp) # 20034310 <next_expiration>
}
    2862:	b7cd                	j	2844 <update_time+0x12>
      if(t->timer.start + t->timer.interval - now < tdist) {
    2864:	4314                	lw	a3,0(a4)
    2866:	4350                	lw	a2,4(a4)
    2868:	96b2                	add	a3,a3,a2
    286a:	8e89                	sub	a3,a3,a0
    286c:	0ad7d7b3          	minu	a5,a5,a3
    2870:	b7e5                	j	2858 <update_time+0x26>

00002872 <etimer_request_poll>:
}
/*---------------------------------------------------------------------------*/
void
etimer_request_poll(void)
{
  process_poll(&etimer_process);
    2872:	20034537          	lui	a0,0x20034
    2876:	08450513          	addi	a0,a0,132 # 20034084 <etimer_process>
    287a:	a6c9                	j	2c3c <process_poll>

0000287c <process_thread_etimer_process>:
{
    287c:	1101                	addi	sp,sp,-32
  PROCESS_BEGIN();
    287e:	00055783          	lhu	a5,0(a0)
{
    2882:	ca26                	sw	s1,20(sp)
    2884:	ce06                	sw	ra,28(sp)
    2886:	cc22                	sw	s0,24(sp)
    2888:	c84a                	sw	s2,16(sp)
    288a:	c64e                	sw	s3,12(sp)
    288c:	c452                	sw	s4,8(sp)
    288e:	84aa                	mv	s1,a0
  PROCESS_BEGIN();
    2890:	c39d                	beqz	a5,28b6 <process_thread_etimer_process+0x3a>
    2892:	05900713          	li	a4,89
    2896:	0ae79763          	bne	a5,a4,2944 <process_thread_etimer_process+0xc8>
    if(ev == PROCESS_EVENT_EXITED) {
    289a:	08700793          	li	a5,135
    289e:	04f59e63          	bne	a1,a5,28fa <process_thread_etimer_process+0x7e>
    28a2:	a641a783          	lw	a5,-1436(gp) # 20034314 <timerlist>
    28a6:	4681                	li	a3,0
    28a8:	a6418713          	addi	a4,gp,-1436 # 20034314 <timerlist>
      while(timerlist != NULL && timerlist->p == p) {
    28ac:	e79d                	bnez	a5,28da <process_thread_etimer_process+0x5e>
    28ae:	c691                	beqz	a3,28ba <process_thread_etimer_process+0x3e>
    28b0:	00072023          	sw	zero,0(a4)
    28b4:	a019                	j	28ba <process_thread_etimer_process+0x3e>
  timerlist = NULL;
    28b6:	a601a223          	sw	zero,-1436(gp) # 20034314 <timerlist>
    PROCESS_YIELD();
    28ba:	05900793          	li	a5,89
    28be:	00f49023          	sh	a5,0(s1)
    28c2:	4505                	li	a0,1
}
    28c4:	40f2                	lw	ra,28(sp)
    28c6:	4462                	lw	s0,24(sp)
    28c8:	44d2                	lw	s1,20(sp)
    28ca:	4942                	lw	s2,16(sp)
    28cc:	49b2                	lw	s3,12(sp)
    28ce:	4a22                	lw	s4,8(sp)
    28d0:	6105                	addi	sp,sp,32
    28d2:	8082                	ret
    28d4:	4685                	li	a3,1
        timerlist = timerlist->next;
    28d6:	87aa                	mv	a5,a0
    28d8:	bfd1                	j	28ac <process_thread_etimer_process+0x30>
      while(timerlist != NULL && timerlist->p == p) {
    28da:	47cc                	lw	a1,12(a5)
        timerlist = timerlist->next;
    28dc:	4788                	lw	a0,8(a5)
      while(timerlist != NULL && timerlist->p == p) {
    28de:	fec58be3          	beq	a1,a2,28d4 <process_thread_etimer_process+0x58>
    28e2:	c291                	beqz	a3,28e6 <process_thread_etimer_process+0x6a>
    28e4:	c31c                	sw	a5,0(a4)
        timerlist = timerlist->next;
    28e6:	873e                	mv	a4,a5
        while(t->next != NULL) {
    28e8:	87ba                	mv	a5,a4
    28ea:	4718                	lw	a4,8(a4)
    28ec:	d779                	beqz	a4,28ba <process_thread_etimer_process+0x3e>
          if(t->next->p == p) {
    28ee:	4754                	lw	a3,12(a4)
    28f0:	fec69ce3          	bne	a3,a2,28e8 <process_thread_etimer_process+0x6c>
            t->next = t->next->next;
    28f4:	4718                	lw	a4,8(a4)
    28f6:	c798                	sw	a4,8(a5)
    28f8:	b7fd                	j	28e6 <process_thread_etimer_process+0x6a>
    } else if(ev != PROCESS_EVENT_POLL) {
    28fa:	08200793          	li	a5,130
    28fe:	faf59ee3          	bne	a1,a5,28ba <process_thread_etimer_process+0x3e>
    for(t = timerlist; t != NULL; t = t->next) {
    2902:	a641a403          	lw	s0,-1436(gp) # 20034314 <timerlist>
    u = NULL;
    2906:	4901                	li	s2,0
    2908:	a6418a13          	addi	s4,gp,-1436 # 20034314 <timerlist>
    for(t = timerlist; t != NULL; t = t->next) {
    290c:	d45d                	beqz	s0,28ba <process_thread_etimer_process+0x3e>
      if(timer_expired(&t->timer)) {
    290e:	8522                	mv	a0,s0
    2910:	2685                	jal	2c70 <timer_expired>
    2912:	c515                	beqz	a0,293e <process_thread_etimer_process+0xc2>
        if(process_post(t->p, PROCESS_EVENT_TIMER, t) == PROCESS_ERR_OK) {
    2914:	4448                	lw	a0,12(s0)
    2916:	8622                	mv	a2,s0
    2918:	08800593          	li	a1,136
    291c:	2c69                	jal	2bb6 <process_post>
    291e:	ed19                	bnez	a0,293c <process_thread_etimer_process+0xc0>
          t->p = PROCESS_NONE;
    2920:	00042623          	sw	zero,12(s0)
            u->next = t->next;
    2924:	441c                	lw	a5,8(s0)
          if(u != NULL) {
    2926:	00090863          	beqz	s2,2936 <process_thread_etimer_process+0xba>
            u->next = t->next;
    292a:	00f92423          	sw	a5,8(s2)
          t->next = NULL;
    292e:	00042423          	sw	zero,8(s0)
          update_time();
    2932:	3701                	jal	2832 <update_time>
          goto again;
    2934:	b7f9                	j	2902 <process_thread_etimer_process+0x86>
            timerlist = t->next;
    2936:	00fa2023          	sw	a5,0(s4)
    293a:	bfd5                	j	292e <process_thread_etimer_process+0xb2>
          etimer_request_poll();
    293c:	3f1d                	jal	2872 <etimer_request_poll>
    for(t = timerlist; t != NULL; t = t->next) {
    293e:	8922                	mv	s2,s0
    2940:	4400                	lw	s0,8(s0)
    2942:	b7e9                	j	290c <process_thread_etimer_process+0x90>
  PROCESS_END();
    2944:	00051023          	sh	zero,0(a0)
    2948:	450d                	li	a0,3
    294a:	bfad                	j	28c4 <process_thread_etimer_process+0x48>

0000294c <add_timer>:
}
/*---------------------------------------------------------------------------*/
static void
add_timer(struct etimer *timer)
{
    294c:	1141                	addi	sp,sp,-16
    294e:	c422                	sw	s0,8(sp)
    2950:	c606                	sw	ra,12(sp)
    2952:	842a                	mv	s0,a0
  struct etimer *t;

  etimer_request_poll();
    2954:	3f39                	jal	2872 <etimer_request_poll>

  if(timer->p != PROCESS_NONE) {
    2956:	4458                	lw	a4,12(s0)
    2958:	a6418793          	addi	a5,gp,-1436 # 20034314 <timerlist>
    295c:	c319                	beqz	a4,2962 <add_timer+0x16>
    for(t = timerlist; t != NULL; t = t->next) {
    295e:	4398                	lw	a4,0(a5)
    2960:	eb01                	bnez	a4,2970 <add_timer+0x24>
      }
    }
  }

  /* Timer not on list. */
  timer->p = PROCESS_CURRENT();
    2962:	a6c1a703          	lw	a4,-1428(gp) # 2003431c <process_current>
    2966:	c458                	sw	a4,12(s0)
  timer->next = timerlist;
    2968:	4398                	lw	a4,0(a5)
  timerlist = timer;
    296a:	c380                	sw	s0,0(a5)
  timer->next = timerlist;
    296c:	c418                	sw	a4,8(s0)
  timerlist = timer;
    296e:	a031                	j	297a <add_timer+0x2e>
      if(t == timer) {
    2970:	00871963          	bne	a4,s0,2982 <add_timer+0x36>
        timer->p = PROCESS_CURRENT();
    2974:	a6c1a783          	lw	a5,-1428(gp) # 2003431c <process_current>
    2978:	c75c                	sw	a5,12(a4)

  update_time();
}
    297a:	4422                	lw	s0,8(sp)
    297c:	40b2                	lw	ra,12(sp)
    297e:	0141                	addi	sp,sp,16
  update_time();
    2980:	bd4d                	j	2832 <update_time>
    for(t = timerlist; t != NULL; t = t->next) {
    2982:	4718                	lw	a4,8(a4)
    2984:	bff1                	j	2960 <add_timer+0x14>

00002986 <etimer_set>:
/*---------------------------------------------------------------------------*/
void
etimer_set(struct etimer *et, clock_time_t interval)
{
    2986:	1141                	addi	sp,sp,-16
    2988:	c422                	sw	s0,8(sp)
    298a:	c606                	sw	ra,12(sp)
    298c:	842a                	mv	s0,a0
  timer_set(&et->timer, interval);
    298e:	24e9                	jal	2c58 <timer_set>
  add_timer(et);
    2990:	8522                	mv	a0,s0
}
    2992:	4422                	lw	s0,8(sp)
    2994:	40b2                	lw	ra,12(sp)
    2996:	0141                	addi	sp,sp,16
  add_timer(et);
    2998:	bf55                	j	294c <add_timer>

0000299a <etimer_reset>:
  add_timer(et);
}
/*---------------------------------------------------------------------------*/
void
etimer_reset(struct etimer *et)
{
    299a:	1141                	addi	sp,sp,-16
    299c:	c422                	sw	s0,8(sp)
    299e:	c606                	sw	ra,12(sp)
    29a0:	842a                	mv	s0,a0
  timer_reset(&et->timer);
    29a2:	2cc5                	jal	2c92 <timer_reset>
  add_timer(et);
    29a4:	8522                	mv	a0,s0
}
    29a6:	4422                	lw	s0,8(sp)
    29a8:	40b2                	lw	ra,12(sp)
    29aa:	0141                	addi	sp,sp,16
  add_timer(et);
    29ac:	b745                	j	294c <add_timer>

000029ae <etimer_expired>:
}
/*---------------------------------------------------------------------------*/
int
etimer_expired(struct etimer *et)
{
  return et->p == PROCESS_NONE;
    29ae:	4548                	lw	a0,12(a0)
}
    29b0:	00153513          	seqz	a0,a0
    29b4:	8082                	ret

000029b6 <etimer_pending>:
}
/*---------------------------------------------------------------------------*/
int
etimer_pending(void)
{
  return timerlist != NULL;
    29b6:	a641a503          	lw	a0,-1436(gp) # 20034314 <timerlist>
}
    29ba:	00a03533          	snez	a0,a0
    29be:	8082                	ret

000029c0 <call_process.part.0>:
    printf("process: process '%s' called again with event %d\n", PROCESS_NAME_STRING(p), ev);
  }
#endif /* DEBUG */

  if((p->state & PROCESS_STATE_RUNNING) &&
     p->thread != NULL) {
    29c0:	451c                	lw	a5,8(a0)
  if((p->state & PROCESS_STATE_RUNNING) &&
    29c2:	c7a1                	beqz	a5,2a0a <call_process.part.0+0x4a>
call_process(struct process *p, process_event_t ev, process_data_t data)
    29c4:	1141                	addi	sp,sp,-16
    29c6:	c422                	sw	s0,8(sp)
    29c8:	c226                	sw	s1,4(sp)
    PRINTF("process: calling process '%s' with event %d\n", PROCESS_NAME_STRING(p), ev);
    process_current = p;
    29ca:	a6a1a623          	sw	a0,-1428(gp) # 2003431c <process_current>
call_process(struct process *p, process_event_t ev, process_data_t data)
    29ce:	c606                	sw	ra,12(sp)
    p->state = PROCESS_STATE_CALLED;
    29d0:	4709                	li	a4,2
    29d2:	00e50723          	sb	a4,14(a0)
    29d6:	842a                	mv	s0,a0
    ret = p->thread(&p->pt, ev, data);
    29d8:	0531                	addi	a0,a0,12
    29da:	84ae                	mv	s1,a1
    29dc:	9782                	jalr	a5
    if(ret == PT_EXITED ||
    29de:	1579                	addi	a0,a0,-2
    29e0:	4785                	li	a5,1
    29e2:	00a7f663          	bgeu	a5,a0,29ee <call_process.part.0+0x2e>
       ret == PT_ENDED ||
    29e6:	08300713          	li	a4,131
    29ea:	00e49963          	bne	s1,a4,29fc <call_process.part.0+0x3c>
       ev == PROCESS_EVENT_EXIT) {
      exit_process(p, p);
    29ee:	85a2                	mv	a1,s0
    29f0:	8522                	mv	a0,s0
    } else {
      p->state = PROCESS_STATE_RUNNING;
    }
  }
}
    29f2:	4422                	lw	s0,8(sp)
    29f4:	40b2                	lw	ra,12(sp)
    29f6:	4492                	lw	s1,4(sp)
    29f8:	0141                	addi	sp,sp,16
      exit_process(p, p);
    29fa:	a839                	j	2a18 <exit_process>
      p->state = PROCESS_STATE_RUNNING;
    29fc:	00f40723          	sb	a5,14(s0)
}
    2a00:	40b2                	lw	ra,12(sp)
    2a02:	4422                	lw	s0,8(sp)
    2a04:	4492                	lw	s1,4(sp)
    2a06:	0141                	addi	sp,sp,16
    2a08:	8082                	ret
    2a0a:	8082                	ret

00002a0c <call_process>:
  if((p->state & PROCESS_STATE_RUNNING) &&
    2a0c:	00e54783          	lbu	a5,14(a0)
    2a10:	8b85                	andi	a5,a5,1
    2a12:	c391                	beqz	a5,2a16 <call_process+0xa>
    2a14:	b775                	j	29c0 <call_process.part.0>
}
    2a16:	8082                	ret

00002a18 <exit_process>:
{
    2a18:	1101                	addi	sp,sp,-32
    2a1a:	c64e                	sw	s3,12(sp)
    2a1c:	ca26                	sw	s1,20(sp)
  for(q = process_list; q != p && q != NULL; q = q->next);
    2a1e:	a701a483          	lw	s1,-1424(gp) # 20034320 <process_list>
{
    2a22:	cc22                	sw	s0,24(sp)
    2a24:	c452                	sw	s4,8(sp)
    2a26:	ce06                	sw	ra,28(sp)
    2a28:	c84a                	sw	s2,16(sp)
    2a2a:	c256                	sw	s5,4(sp)
    2a2c:	842a                	mv	s0,a0
    2a2e:	8a2e                	mv	s4,a1
  for(q = process_list; q != p && q != NULL; q = q->next);
    2a30:	87a6                	mv	a5,s1
    2a32:	a7018993          	addi	s3,gp,-1424 # 20034320 <process_list>
    2a36:	00878e63          	beq	a5,s0,2a52 <exit_process+0x3a>
    2a3a:	eb91                	bnez	a5,2a4e <exit_process+0x36>
}
    2a3c:	40f2                	lw	ra,28(sp)
    2a3e:	4462                	lw	s0,24(sp)
    2a40:	44d2                	lw	s1,20(sp)
    2a42:	4942                	lw	s2,16(sp)
    2a44:	49b2                	lw	s3,12(sp)
    2a46:	4a22                	lw	s4,8(sp)
    2a48:	4a92                	lw	s5,4(sp)
    2a4a:	6105                	addi	sp,sp,32
    2a4c:	8082                	ret
  for(q = process_list; q != p && q != NULL; q = q->next);
    2a4e:	439c                	lw	a5,0(a5)
    2a50:	b7dd                	j	2a36 <exit_process+0x1e>
  if(q == NULL) {
    2a52:	d46d                	beqz	s0,2a3c <exit_process+0x24>
  if(process_is_running(p)) {
    2a54:	00e44783          	lbu	a5,14(s0)
  struct process *old_current = process_current;
    2a58:	a6c1aa83          	lw	s5,-1428(gp) # 2003431c <process_current>
}
/*---------------------------------------------------------------------------*/
int
process_is_running(struct process *p)
{
  return p->state != PROCESS_STATE_NONE;
    2a5c:	a6c18913          	addi	s2,gp,-1428 # 2003431c <process_current>
  if(process_is_running(p)) {
    2a60:	c385                	beqz	a5,2a80 <exit_process+0x68>
    p->state = PROCESS_STATE_NONE;
    2a62:	00040723          	sb	zero,14(s0)
    for(q = process_list; q != NULL; q = q->next) {
    2a66:	e49d                	bnez	s1,2a94 <exit_process+0x7c>
    if(p->thread != NULL && p != fromprocess) {
    2a68:	441c                	lw	a5,8(s0)
    2a6a:	cb99                	beqz	a5,2a80 <exit_process+0x68>
    2a6c:	01440a63          	beq	s0,s4,2a80 <exit_process+0x68>
      process_current = p;
    2a70:	00892023          	sw	s0,0(s2)
      p->thread(&p->pt, PROCESS_EVENT_EXIT, NULL);
    2a74:	4601                	li	a2,0
    2a76:	08300593          	li	a1,131
    2a7a:	00c40513          	addi	a0,s0,12
    2a7e:	9782                	jalr	a5
  if(p == process_list) {
    2a80:	0009a783          	lw	a5,0(s3)
    2a84:	02879263          	bne	a5,s0,2aa8 <exit_process+0x90>
    process_list = process_list->next;
    2a88:	401c                	lw	a5,0(s0)
    2a8a:	00f9a023          	sw	a5,0(s3)
  process_current = old_current;
    2a8e:	01592023          	sw	s5,0(s2)
    2a92:	b76d                	j	2a3c <exit_process+0x24>
      if(p != q) {
    2a94:	00848763          	beq	s1,s0,2aa2 <exit_process+0x8a>
        call_process(q, PROCESS_EVENT_EXITED, (process_data_t)p);
    2a98:	8622                	mv	a2,s0
    2a9a:	08700593          	li	a1,135
    2a9e:	8526                	mv	a0,s1
    2aa0:	37b5                	jal	2a0c <call_process>
    for(q = process_list; q != NULL; q = q->next) {
    2aa2:	4084                	lw	s1,0(s1)
    2aa4:	b7c9                	j	2a66 <exit_process+0x4e>
    2aa6:	87ba                	mv	a5,a4
    for(q = process_list; q != NULL; q = q->next) {
    2aa8:	d3fd                	beqz	a5,2a8e <exit_process+0x76>
      if(q->next == p) {
    2aaa:	4398                	lw	a4,0(a5)
    2aac:	fe871de3          	bne	a4,s0,2aa6 <exit_process+0x8e>
        q->next = p->next;
    2ab0:	4018                	lw	a4,0(s0)
    2ab2:	c398                	sw	a4,0(a5)
        break;
    2ab4:	bfe9                	j	2a8e <exit_process+0x76>

00002ab6 <do_poll>:
{
    2ab6:	1141                	addi	sp,sp,-16
  poll_requested = 0;
    2ab8:	a60185a3          	sb	zero,-1429(gp) # 2003431b <poll_requested>
{
    2abc:	c422                	sw	s0,8(sp)
  for(p = process_list; p != NULL; p = p->next) {
    2abe:	a701a403          	lw	s0,-1424(gp) # 20034320 <process_list>
{
    2ac2:	c226                	sw	s1,4(sp)
    2ac4:	c606                	sw	ra,12(sp)
      p->state = PROCESS_STATE_RUNNING;
    2ac6:	4485                	li	s1,1
  for(p = process_list; p != NULL; p = p->next) {
    2ac8:	e411                	bnez	s0,2ad4 <do_poll+0x1e>
}
    2aca:	40b2                	lw	ra,12(sp)
    2acc:	4422                	lw	s0,8(sp)
    2ace:	4492                	lw	s1,4(sp)
    2ad0:	0141                	addi	sp,sp,16
    2ad2:	8082                	ret
    if(p->needspoll) {
    2ad4:	00f44783          	lbu	a5,15(s0)
    2ad8:	cb81                	beqz	a5,2ae8 <do_poll+0x32>
      p->state = PROCESS_STATE_RUNNING;
    2ada:	00941723          	sh	s1,14(s0)
  if((p->state & PROCESS_STATE_RUNNING) &&
    2ade:	4601                	li	a2,0
    2ae0:	08200593          	li	a1,130
    2ae4:	8522                	mv	a0,s0
    2ae6:	3de9                	jal	29c0 <call_process.part.0>
  for(p = process_list; p != NULL; p = p->next) {
    2ae8:	4000                	lw	s0,0(s0)
    2aea:	bff9                	j	2ac8 <do_poll+0x12>

00002aec <process_init>:
  lastevent = PROCESS_EVENT_MAX;
    2aec:	f8a00713          	li	a4,-118
    2af0:	a6e184a3          	sb	a4,-1431(gp) # 20034319 <lastevent>
  nevents = fevent = 0;
    2af4:	a6018423          	sb	zero,-1432(gp) # 20034318 <fevent>
    2af8:	a6018523          	sb	zero,-1430(gp) # 2003431a <nevents>
  process_current = process_list = NULL;
    2afc:	a601a823          	sw	zero,-1424(gp) # 20034320 <process_list>
    2b00:	a601a623          	sw	zero,-1428(gp) # 2003431c <process_current>
}
    2b04:	8082                	ret

00002b06 <process_run>:
{
    2b06:	1101                	addi	sp,sp,-32
    2b08:	ca26                	sw	s1,20(sp)
  if(poll_requested) {
    2b0a:	a6b18793          	addi	a5,gp,-1429 # 2003431b <poll_requested>
{
    2b0e:	ce06                	sw	ra,28(sp)
    2b10:	cc22                	sw	s0,24(sp)
    2b12:	c84a                	sw	s2,16(sp)
    2b14:	c64e                	sw	s3,12(sp)
    2b16:	c452                	sw	s4,8(sp)
  if(poll_requested) {
    2b18:	0007c783          	lbu	a5,0(a5) # 1000 <__HEAP_SIZE>
    2b1c:	a6b18493          	addi	s1,gp,-1429 # 2003431b <poll_requested>
    2b20:	0ff7f793          	zext.b	a5,a5
    2b24:	c391                	beqz	a5,2b28 <process_run+0x22>
    do_poll();
    2b26:	3f41                	jal	2ab6 <do_poll>
  if(nevents > 0) {
    2b28:	a6a1c683          	lbu	a3,-1430(gp) # 2003431a <nevents>
    2b2c:	a6a18413          	addi	s0,gp,-1430 # 2003431a <nevents>
    2b30:	ce85                	beqz	a3,2b68 <process_run+0x62>
    ev = events[fevent].ev;
    2b32:	a6818813          	addi	a6,gp,-1432 # 20034318 <fevent>
    2b36:	00084703          	lbu	a4,0(a6)
    2b3a:	47b1                	li	a5,12
    2b3c:	02f70633          	mul	a2,a4,a5
    2b40:	ae418793          	addi	a5,gp,-1308 # 20034394 <events>
    2b44:	97b2                	add	a5,a5,a2
    fevent = (fevent + 1) % PROCESS_CONF_NUMEVENTS;
    2b46:	0705                	addi	a4,a4,1
    2b48:	8b7d                	andi	a4,a4,31
    --nevents;
    2b4a:	16fd                	addi	a3,a3,-1
    receiver = events[fevent].p;
    2b4c:	4788                	lw	a0,8(a5)
    fevent = (fevent + 1) % PROCESS_CONF_NUMEVENTS;
    2b4e:	00e80023          	sb	a4,0(a6)
    --nevents;
    2b52:	00d40023          	sb	a3,0(s0)
    ev = events[fevent].ev;
    2b56:	0007c983          	lbu	s3,0(a5)
    data = events[fevent].data;
    2b5a:	0047aa03          	lw	s4,4(a5)
    if(receiver == PROCESS_BROADCAST) {
    2b5e:	e129                	bnez	a0,2ba0 <process_run+0x9a>
      for(p = process_list; p != NULL; p = p->next) {
    2b60:	a701a903          	lw	s2,-1424(gp) # 20034320 <process_list>
    2b64:	02091163          	bnez	s2,2b86 <process_run+0x80>
  return nevents + poll_requested;
    2b68:	0004c783          	lbu	a5,0(s1)
    2b6c:	00044503          	lbu	a0,0(s0)
}
    2b70:	40f2                	lw	ra,28(sp)
    2b72:	4462                	lw	s0,24(sp)
  return nevents + poll_requested;
    2b74:	0ff7f793          	zext.b	a5,a5
}
    2b78:	44d2                	lw	s1,20(sp)
    2b7a:	4942                	lw	s2,16(sp)
    2b7c:	49b2                	lw	s3,12(sp)
    2b7e:	4a22                	lw	s4,8(sp)
    2b80:	953e                	add	a0,a0,a5
    2b82:	6105                	addi	sp,sp,32
    2b84:	8082                	ret
        if(poll_requested) {
    2b86:	0004c783          	lbu	a5,0(s1)
    2b8a:	0ff7f793          	zext.b	a5,a5
    2b8e:	c391                	beqz	a5,2b92 <process_run+0x8c>
          do_poll();
    2b90:	371d                	jal	2ab6 <do_poll>
        call_process(p, ev, data);
    2b92:	854a                	mv	a0,s2
    2b94:	8652                	mv	a2,s4
    2b96:	85ce                	mv	a1,s3
    2b98:	3d95                	jal	2a0c <call_process>
      for(p = process_list; p != NULL; p = p->next) {
    2b9a:	00092903          	lw	s2,0(s2)
    2b9e:	b7d9                	j	2b64 <process_run+0x5e>
      if(ev == PROCESS_EVENT_INIT) {
    2ba0:	08100793          	li	a5,129
    2ba4:	00f99563          	bne	s3,a5,2bae <process_run+0xa8>
        receiver->state = PROCESS_STATE_RUNNING;
    2ba8:	4785                	li	a5,1
    2baa:	00f50723          	sb	a5,14(a0)
      call_process(receiver, ev, data);
    2bae:	8652                	mv	a2,s4
    2bb0:	85ce                	mv	a1,s3
    2bb2:	3da9                	jal	2a0c <call_process>
    2bb4:	bf55                	j	2b68 <process_run+0x62>

00002bb6 <process_post>:
  if(nevents == PROCESS_CONF_NUMEVENTS) {
    2bb6:	a6a18813          	addi	a6,gp,-1430 # 2003431a <nevents>
    2bba:	00084683          	lbu	a3,0(a6)
    2bbe:	02000793          	li	a5,32
    2bc2:	02f68563          	beq	a3,a5,2bec <process_post+0x36>
  snum = (process_num_events_t)(fevent + nevents) % PROCESS_CONF_NUMEVENTS;
    2bc6:	a681c783          	lbu	a5,-1432(gp) # 20034318 <fevent>
  events[snum].ev = ev;
    2bca:	4731                	li	a4,12
  snum = (process_num_events_t)(fevent + nevents) % PROCESS_CONF_NUMEVENTS;
    2bcc:	97b6                	add	a5,a5,a3
  events[snum].ev = ev;
    2bce:	8bfd                	andi	a5,a5,31
    2bd0:	02e78733          	mul	a4,a5,a4
    2bd4:	ae418793          	addi	a5,gp,-1308 # 20034394 <events>
    2bd8:	97ba                	add	a5,a5,a4
  ++nevents;
    2bda:	0685                	addi	a3,a3,1
  events[snum].p = p;
    2bdc:	c788                	sw	a0,8(a5)
  events[snum].ev = ev;
    2bde:	00b78023          	sb	a1,0(a5)
  events[snum].data = data;
    2be2:	c3d0                	sw	a2,4(a5)
  ++nevents;
    2be4:	00d80023          	sb	a3,0(a6)
  return PROCESS_ERR_OK;
    2be8:	4501                	li	a0,0
    2bea:	8082                	ret
    return PROCESS_ERR_FULL;
    2bec:	4505                	li	a0,1
}
    2bee:	8082                	ret

00002bf0 <process_post_synch>:
{
    2bf0:	1141                	addi	sp,sp,-16
    2bf2:	c422                	sw	s0,8(sp)
  struct process *caller = process_current;
    2bf4:	a6c18413          	addi	s0,gp,-1428 # 2003431c <process_current>
{
    2bf8:	c226                	sw	s1,4(sp)
  struct process *caller = process_current;
    2bfa:	4004                	lw	s1,0(s0)
{
    2bfc:	c606                	sw	ra,12(sp)
  call_process(p, ev, data);
    2bfe:	e0fff0ef          	jal	ra,2a0c <call_process>
}
    2c02:	40b2                	lw	ra,12(sp)
  process_current = caller;
    2c04:	c004                	sw	s1,0(s0)
}
    2c06:	4422                	lw	s0,8(sp)
    2c08:	4492                	lw	s1,4(sp)
    2c0a:	0141                	addi	sp,sp,16
    2c0c:	8082                	ret

00002c0e <process_start>:
  for(q = process_list; q != p && q != NULL; q = q->next);
    2c0e:	a701a683          	lw	a3,-1424(gp) # 20034320 <process_list>
{
    2c12:	862e                	mv	a2,a1
  for(q = process_list; q != p && q != NULL; q = q->next);
    2c14:	8736                	mv	a4,a3
    2c16:	a7018793          	addi	a5,gp,-1424 # 20034320 <process_list>
    2c1a:	02a70063          	beq	a4,a0,2c3a <process_start+0x2c>
    2c1e:	ef01                	bnez	a4,2c36 <process_start+0x28>
  if(q == p) {
    2c20:	cd09                	beqz	a0,2c3a <process_start+0x2c>
  p->next = process_list;
    2c22:	c114                	sw	a3,0(a0)
  process_list = p;
    2c24:	c388                	sw	a0,0(a5)
  p->state = PROCESS_STATE_RUNNING;
    2c26:	4785                	li	a5,1
    2c28:	00f50723          	sb	a5,14(a0)
  PT_INIT(&p->pt);
    2c2c:	00051623          	sh	zero,12(a0)
  process_post_synch(p, PROCESS_EVENT_INIT, data);
    2c30:	08100593          	li	a1,129
    2c34:	bf75                	j	2bf0 <process_post_synch>
  for(q = process_list; q != p && q != NULL; q = q->next);
    2c36:	4318                	lw	a4,0(a4)
    2c38:	b7cd                	j	2c1a <process_start+0xc>
}
    2c3a:	8082                	ret

00002c3c <process_poll>:
  if(p != NULL) {
    2c3c:	cd09                	beqz	a0,2c56 <process_poll+0x1a>
    if(p->state == PROCESS_STATE_RUNNING ||
    2c3e:	00e54783          	lbu	a5,14(a0)
    2c42:	4705                	li	a4,1
    2c44:	17fd                	addi	a5,a5,-1
    2c46:	0ff7f793          	zext.b	a5,a5
    2c4a:	00f76663          	bltu	a4,a5,2c56 <process_poll+0x1a>
      p->needspoll = 1;
    2c4e:	00e507a3          	sb	a4,15(a0)
      poll_requested = 1;
    2c52:	a6e185a3          	sb	a4,-1429(gp) # 2003431b <poll_requested>
}
    2c56:	8082                	ret

00002c58 <timer_set>:
 * \param interval The interval before the timer expires.
 *
 */
void
timer_set(struct timer *t, clock_time_t interval)
{
    2c58:	1141                	addi	sp,sp,-16
    2c5a:	c422                	sw	s0,8(sp)
    2c5c:	c606                	sw	ra,12(sp)
  t->interval = interval;
    2c5e:	c14c                	sw	a1,4(a0)
{
    2c60:	842a                	mv	s0,a0
  t->start = clock_time();
    2c62:	bcbff0ef          	jal	ra,282c <clock_time>
}
    2c66:	40b2                	lw	ra,12(sp)
  t->start = clock_time();
    2c68:	c008                	sw	a0,0(s0)
}
    2c6a:	4422                	lw	s0,8(sp)
    2c6c:	0141                	addi	sp,sp,16
    2c6e:	8082                	ret

00002c70 <timer_expired>:
 * \return Non-zero if the timer has expired, zero otherwise.
 *
 */
int
timer_expired(struct timer *t)
{
    2c70:	1141                	addi	sp,sp,-16
    2c72:	c422                	sw	s0,8(sp)
    2c74:	c606                	sw	ra,12(sp)
    2c76:	842a                	mv	s0,a0
  /* Note: Can not return diff >= t->interval so we add 1 to diff and return
     t->interval < diff - required to avoid an internal error in mspgcc. */
  clock_time_t diff = (clock_time() - t->start) + 1;
    2c78:	bb5ff0ef          	jal	ra,282c <clock_time>
    2c7c:	401c                	lw	a5,0(s0)
  return t->interval < diff;

}
    2c7e:	40b2                	lw	ra,12(sp)
  clock_time_t diff = (clock_time() - t->start) + 1;
    2c80:	40f507b3          	sub	a5,a0,a5
  return t->interval < diff;
    2c84:	4048                	lw	a0,4(s0)
}
    2c86:	4422                	lw	s0,8(sp)
  clock_time_t diff = (clock_time() - t->start) + 1;
    2c88:	0785                	addi	a5,a5,1
}
    2c8a:	00f53533          	sltu	a0,a0,a5
    2c8e:	0141                	addi	sp,sp,16
    2c90:	8082                	ret

00002c92 <timer_reset>:
{
    2c92:	1141                	addi	sp,sp,-16
    2c94:	c422                	sw	s0,8(sp)
    2c96:	c606                	sw	ra,12(sp)
    2c98:	842a                	mv	s0,a0
  if(timer_expired(t)) {
    2c9a:	3fd9                	jal	2c70 <timer_expired>
    2c9c:	c509                	beqz	a0,2ca6 <timer_reset+0x14>
    t->start += t->interval;
    2c9e:	401c                	lw	a5,0(s0)
    2ca0:	4058                	lw	a4,4(s0)
    2ca2:	97ba                	add	a5,a5,a4
    2ca4:	c01c                	sw	a5,0(s0)
}
    2ca6:	40b2                	lw	ra,12(sp)
    2ca8:	4422                	lw	s0,8(sp)
    2caa:	0141                	addi	sp,sp,16
    2cac:	8082                	ret

00002cae <HAL_CRM_SetUart0ClkDiv>:
 * @warning Improper configuration of the clock divider might disrupt UART0 communication.
 *          It's important to ensure that 'div_n' and 'div_m' are set to values that are
 *          compatible with the Uart0 specifications and the overall system clock settings.
 */
int32_t HAL_CRM_SetUart0ClkDiv(uint32_t div_n, uint32_t div_m){
    if (div_n == 0 || div_n >  1023){
    2cae:	fff50793          	addi	a5,a0,-1
    2cb2:	3fe00693          	li	a3,1022
int32_t HAL_CRM_SetUart0ClkDiv(uint32_t div_n, uint32_t div_m){
    2cb6:	872a                	mv	a4,a0
    if (div_n == 0 || div_n >  1023){
    2cb8:	04f6e663          	bltu	a3,a5,2d04 <HAL_CRM_SetUart0ClkDiv+0x56>
        return CSK_DRIVER_ERROR_PARAMETER;
    }
    if (div_m == 0 || div_m >  1023){
    2cbc:	fff58793          	addi	a5,a1,-1
        return CSK_DRIVER_ERROR_PARAMETER;
    2cc0:	556d                	li	a0,-5
    if (div_m == 0 || div_m >  1023){
    2cc2:	04f6e263          	bltu	a3,a5,2d06 <HAL_CRM_SetUart0ClkDiv+0x58>
        return CSK_DRIVER_ERROR_PARAMETER;
    }
    IP_SYSCTRL->REG_PERI_CLK_CFG0.bit.DIV_UART0_CLK_LD = 0x0;
    2cc6:	480007b7          	lui	a5,0x48000
    2cca:	47d4                	lw	a3,12(a5)
    IP_SYSCTRL->REG_PERI_CLK_CFG0.bit.DIV_UART0_CLK_N = div_n;
    2ccc:	ffe00637          	lui	a2,0xffe00
    IP_SYSCTRL->REG_PERI_CLK_CFG0.bit.DIV_UART0_CLK_LD = 0x0;
    2cd0:	49569693          	bclri	a3,a3,0x15
    2cd4:	c7d4                	sw	a3,12(a5)
    IP_SYSCTRL->REG_PERI_CLK_CFG0.bit.DIV_UART0_CLK_N = div_n;
    2cd6:	47d4                	lw	a3,12(a5)
    2cd8:	7ff60613          	addi	a2,a2,2047 # ffe007ff <_sp+0xdfdc87ff>
    2cdc:	3ff77713          	andi	a4,a4,1023
    2ce0:	8ef1                	and	a3,a3,a2
    2ce2:	072e                	slli	a4,a4,0xb
    2ce4:	8f55                	or	a4,a4,a3
    2ce6:	c7d8                	sw	a4,12(a5)
    IP_SYSCTRL->REG_PERI_CLK_CFG0.bit.DIV_UART0_CLK_M = div_m;
    2ce8:	47d8                	lw	a4,12(a5)
    2cea:	3ff5f593          	andi	a1,a1,1023
    2cee:	80177713          	andi	a4,a4,-2047
    2cf2:	0586                	slli	a1,a1,0x1
    2cf4:	8dd9                	or	a1,a1,a4
    2cf6:	c7cc                	sw	a1,12(a5)
    // Avoid the compiler out-of-order
    MemBarrier();
    IP_SYSCTRL->REG_PERI_CLK_CFG0.bit.DIV_UART0_CLK_LD = 0x1;
    2cf8:	47d8                	lw	a4,12(a5)
    return CSK_DRIVER_OK;
    2cfa:	4501                	li	a0,0
    IP_SYSCTRL->REG_PERI_CLK_CFG0.bit.DIV_UART0_CLK_LD = 0x1;
    2cfc:	29571713          	bseti	a4,a4,0x15
    2d00:	c7d8                	sw	a4,12(a5)
    return CSK_DRIVER_OK;
    2d02:	8082                	ret
        return CSK_DRIVER_ERROR_PARAMETER;
    2d04:	556d                	li	a0,-5
}/**
    2d06:	8082                	ret

00002d08 <HAL_CRM_SetAp_peri_pclkClkDiv>:
 *          and connected bus. Ensure that 'div_n' and 'div_m' are set
 *          to values that are appropriate for the desired clock frequency and compatible with
 *          the peripheral's operational requirements.
 */
int32_t HAL_CRM_SetAp_peri_pclkClkDiv(uint32_t div_n, uint32_t div_m){
    if (div_n == 0 || div_n >  7){
    2d08:	fff50793          	addi	a5,a0,-1
    2d0c:	4699                	li	a3,6
int32_t HAL_CRM_SetAp_peri_pclkClkDiv(uint32_t div_n, uint32_t div_m){
    2d0e:	872a                	mv	a4,a0
    if (div_n == 0 || div_n >  7){
    2d10:	02f6ef63          	bltu	a3,a5,2d4e <HAL_CRM_SetAp_peri_pclkClkDiv+0x46>
        return CSK_DRIVER_ERROR_PARAMETER;
    }
    if (div_m == 0 || div_m >  7){
    2d14:	fff58793          	addi	a5,a1,-1
        return CSK_DRIVER_ERROR_PARAMETER;
    2d18:	556d                	li	a0,-5
    if (div_m == 0 || div_m >  7){
    2d1a:	02f6eb63          	bltu	a3,a5,2d50 <HAL_CRM_SetAp_peri_pclkClkDiv+0x48>
        return CSK_DRIVER_ERROR_PARAMETER;
    }
    IP_SYSNODEF->REG_BUS_CLK_CFG0.bit.DIV_AP_PERI_PCLK_LD = 0x0;
    2d1e:	481007b7          	lui	a5,0x48100
    2d22:	4394                	lw	a3,0(a5)
    IP_SYSNODEF->REG_BUS_CLK_CFG0.bit.DIV_AP_PERI_PCLK_N = div_n;
    2d24:	8b1d                	andi	a4,a4,7
    IP_SYSNODEF->REG_BUS_CLK_CFG0.bit.DIV_AP_PERI_PCLK_LD = 0x0;
    2d26:	f7f6f693          	andi	a3,a3,-129
    2d2a:	c394                	sw	a3,0(a5)
    IP_SYSNODEF->REG_BUS_CLK_CFG0.bit.DIV_AP_PERI_PCLK_N = div_n;
    2d2c:	4394                	lw	a3,0(a5)
    2d2e:	0712                	slli	a4,a4,0x4
    2d30:	f8f6f693          	andi	a3,a3,-113
    2d34:	8f55                	or	a4,a4,a3
    2d36:	c398                	sw	a4,0(a5)
    IP_SYSNODEF->REG_BUS_CLK_CFG0.bit.DIV_AP_PERI_PCLK_M = div_m;
    2d38:	4398                	lw	a4,0(a5)
    2d3a:	89bd                	andi	a1,a1,15
    2d3c:	9b41                	andi	a4,a4,-16
    2d3e:	8dd9                	or	a1,a1,a4
    2d40:	c38c                	sw	a1,0(a5)
    // Avoid the compiler out-of-order
    MemBarrier();
    IP_SYSNODEF->REG_BUS_CLK_CFG0.bit.DIV_AP_PERI_PCLK_LD = 0x1;
    2d42:	4398                	lw	a4,0(a5)

    return CSK_DRIVER_OK;
    2d44:	4501                	li	a0,0
    IP_SYSNODEF->REG_BUS_CLK_CFG0.bit.DIV_AP_PERI_PCLK_LD = 0x1;
    2d46:	08076713          	ori	a4,a4,128
    2d4a:	c398                	sw	a4,0(a5)
    return CSK_DRIVER_OK;
    2d4c:	8082                	ret
        return CSK_DRIVER_ERROR_PARAMETER;
    2d4e:	556d                	li	a0,-5
}
    2d50:	8082                	ret

00002d52 <gpio_set_intr_mode>:
gpio_set_intr_mode(GPIO_RESOURCES* gpio, uint32_t intr_mode, uint32_t pin_mask){
    uint32_t i = 0;
    uint8_t max_num = 0;
    uint8_t base = 0;

    if(gpio == &gpioa_resources) {
    2d52:	91018793          	addi	a5,gp,-1776 # 200341c0 <gpioa_resources>
    2d56:	02f50063          	beq	a0,a5,2d76 <gpio_set_intr_mode+0x24>
    	base = 0;
    	max_num = gpio-> max_num + base;
    } else if (gpio == &gpiob_resources) {
    2d5a:	92418793          	addi	a5,gp,-1756 # 200341d4 <gpiob_resources>
    2d5e:	00f51f63          	bne	a0,a5,2d7c <gpio_set_intr_mode+0x2a>
        base = 19;
    2d62:	474d                	li	a4,19
        max_num = gpio->max_num + base;
    2d64:	02000313          	li	t1,32
    }

    for(i = base; i < max_num; i++){
    2d68:	00271693          	slli	a3,a4,0x2
        if(pin_mask & (0x1 << i)){

            if((i >= 0) && (i < 8)){
    2d6c:	481d                	li	a6,7
            else if((i >= 24) && (i < 32)){
                gpio->reg->REG_INTRMODE3.all &= ~(7 << ((i-24) * 4));
                gpio->reg->REG_INTRMODE3.all |= (intr_mode << ((i-24) * 4));
            }

            ((_GPIO_*)gpio->info->gpio_info + i)->int_mode = intr_mode;
    2d6e:	4eb1                	li	t4,12
    for(i = base; i < max_num; i++){
    2d70:	00676963          	bltu	a4,t1,2d82 <gpio_set_intr_mode+0x30>
        }
    }
}
    2d74:	8082                	ret
    	base = 0;
    2d76:	4701                	li	a4,0
    	max_num = gpio-> max_num + base;
    2d78:	434d                	li	t1,19
    2d7a:	b7fd                	j	2d68 <gpio_set_intr_mode+0x16>
    uint8_t base = 0;
    2d7c:	4701                	li	a4,0
    uint8_t max_num = 0;
    2d7e:	4301                	li	t1,0
    2d80:	b7e5                	j	2d68 <gpio_set_intr_mode+0x16>
        if(pin_mask & (0x1 << i)){
    2d82:	28e017b3          	bset	a5,zero,a4
    2d86:	8ff1                	and	a5,a5,a2
    2d88:	cb95                	beqz	a5,2dbc <gpio_set_intr_mode+0x6a>
                gpio->reg->REG_INTRMODE0.all &= ~(7 << (i * 4));
    2d8a:	411c                	lw	a5,0(a0)
            if((i >= 0) && (i < 8)){
    2d8c:	02e86b63          	bltu	a6,a4,2dc2 <gpio_set_intr_mode+0x70>
                gpio->reg->REG_INTRMODE0.all &= ~(7 << (i * 4));
    2d90:	0547ae03          	lw	t3,84(a5) # 48100054 <_sp+0x280c8054>
    2d94:	00d818b3          	sll	a7,a6,a3
    2d98:	411e78b3          	andn	a7,t3,a7
    2d9c:	0517aa23          	sw	a7,84(a5)
                gpio->reg->REG_INTRMODE0.all |= (intr_mode << (i * 4));
    2da0:	0547ae03          	lw	t3,84(a5)
    2da4:	00d598b3          	sll	a7,a1,a3
    2da8:	01c8e8b3          	or	a7,a7,t3
    2dac:	0517aa23          	sw	a7,84(a5)
            ((_GPIO_*)gpio->info->gpio_info + i)->int_mode = intr_mode;
    2db0:	491c                	lw	a5,16(a0)
    2db2:	03d708b3          	mul	a7,a4,t4
    2db6:	479c                	lw	a5,8(a5)
    2db8:	97c6                	add	a5,a5,a7
    2dba:	c78c                	sw	a1,8(a5)
    for(i = base; i < max_num; i++){
    2dbc:	0705                	addi	a4,a4,1
    2dbe:	0691                	addi	a3,a3,4
    2dc0:	bf45                	j	2d70 <gpio_set_intr_mode+0x1e>
            else if((i >= 8) && (i < 16)){
    2dc2:	ff870893          	addi	a7,a4,-8
    2dc6:	03186563          	bltu	a6,a7,2df0 <gpio_set_intr_mode+0x9e>
                gpio->reg->REG_INTRMODE1.all &= ~(7 << ((i-8) * 4));
    2dca:	0587af03          	lw	t5,88(a5)
    2dce:	fe068893          	addi	a7,a3,-32
    2dd2:	01181e33          	sll	t3,a6,a7
    2dd6:	41cf7e33          	andn	t3,t5,t3
    2dda:	05c7ac23          	sw	t3,88(a5)
                gpio->reg->REG_INTRMODE1.all |= (intr_mode << ((i-8) * 4));
    2dde:	0587ae03          	lw	t3,88(a5)
    2de2:	011598b3          	sll	a7,a1,a7
    2de6:	01c8e8b3          	or	a7,a7,t3
    2dea:	0517ac23          	sw	a7,88(a5)
    2dee:	b7c9                	j	2db0 <gpio_set_intr_mode+0x5e>
            else if((i >= 16) && (i < 24)){
    2df0:	ff070893          	addi	a7,a4,-16
    2df4:	03186563          	bltu	a6,a7,2e1e <gpio_set_intr_mode+0xcc>
                gpio->reg->REG_INTRMODE2.all &= ~(7 << ((i-16) * 4));
    2df8:	05c7af03          	lw	t5,92(a5)
    2dfc:	fc068893          	addi	a7,a3,-64
    2e00:	01181e33          	sll	t3,a6,a7
    2e04:	41cf7e33          	andn	t3,t5,t3
    2e08:	05c7ae23          	sw	t3,92(a5)
                gpio->reg->REG_INTRMODE2.all |= (intr_mode << ((i-16) * 4));
    2e0c:	05c7ae03          	lw	t3,92(a5)
    2e10:	011598b3          	sll	a7,a1,a7
    2e14:	01c8e8b3          	or	a7,a7,t3
    2e18:	0517ae23          	sw	a7,92(a5)
    2e1c:	bf51                	j	2db0 <gpio_set_intr_mode+0x5e>
                gpio->reg->REG_INTRMODE3.all &= ~(7 << ((i-24) * 4));
    2e1e:	0607af03          	lw	t5,96(a5)
    2e22:	fa068893          	addi	a7,a3,-96
    2e26:	01181e33          	sll	t3,a6,a7
    2e2a:	41cf7e33          	andn	t3,t5,t3
    2e2e:	07c7a023          	sw	t3,96(a5)
                gpio->reg->REG_INTRMODE3.all |= (intr_mode << ((i-24) * 4));
    2e32:	0607ae03          	lw	t3,96(a5)
    2e36:	011598b3          	sll	a7,a1,a7
    2e3a:	01c8e8b3          	or	a7,a7,t3
    2e3e:	0717a023          	sw	a7,96(a5)
    2e42:	b7bd                	j	2db0 <gpio_set_intr_mode+0x5e>

00002e44 <gpio_set_pull_mode>:

static void
gpio_set_pull_mode(GPIO_RESOURCES* gpio, uint32_t pull_mode, uint32_t pin_mask){
    uint32_t i = 0;
    for(i = 0; i < gpio->max_num; i++){
    2e44:	4554                	lw	a3,12(a0)
    2e46:	4781                	li	a5,0
        if(pin_mask & (0x1 << i)){
            gpio->info->gpio_info[i].mode = pull_mode;
    2e48:	4831                	li	a6,12
    for(i = 0; i < gpio->max_num; i++){
    2e4a:	00f69363          	bne	a3,a5,2e50 <gpio_set_pull_mode+0xc>
        }
    }
}
    2e4e:	8082                	ret
        if(pin_mask & (0x1 << i)){
    2e50:	28f01733          	bset	a4,zero,a5
    2e54:	8f71                	and	a4,a4,a2
    2e56:	c719                	beqz	a4,2e64 <gpio_set_pull_mode+0x20>
            gpio->info->gpio_info[i].mode = pull_mode;
    2e58:	4918                	lw	a4,16(a0)
    2e5a:	030788b3          	mul	a7,a5,a6
    2e5e:	4718                	lw	a4,8(a4)
    2e60:	9746                	add	a4,a4,a7
    2e62:	c34c                	sw	a1,4(a4)
    for(i = 0; i < gpio->max_num; i++){
    2e64:	0785                	addi	a5,a5,1
    2e66:	b7d5                	j	2e4a <gpio_set_pull_mode+0x6>

00002e68 <GPIO_IRQ_Handler>:
GPIO_IRQ_Handler(){
	GPIO_RESOURCES* gpio = NULL;

    uint32_t iir;
    uint32_t mask;
    iir = IP_GPIO->REG_INTRSTATUS.all;
    2e68:	496007b7          	lui	a5,0x49600
GPIO_IRQ_Handler(){
    2e6c:	1141                	addi	sp,sp,-16
    2e6e:	c422                	sw	s0,8(sp)
    iir = IP_GPIO->REG_INTRSTATUS.all;
    2e70:	53e0                	lw	s0,100(a5)
GPIO_IRQ_Handler(){
    2e72:	c606                	sw	ra,12(sp)
    // clear gpio interrupt status
    IP_GPIO->REG_INTRSTATUS.all = iir;
    2e74:	d3e0                	sw	s0,100(a5)

    mask = ((0x1 << MARS_MAX_GPIOA) - 1);

    if(iir & mask) {
    2e76:	00d41793          	slli	a5,s0,0xd
    2e7a:	cb91                	beqz	a5,2e8e <GPIO_IRQ_Handler+0x26>
    2e7c:	00d7d513          	srli	a0,a5,0xd
    	gpio = &gpioa_resources;
    	gpio->info->cb_event(iir & mask, gpio->info->workspace);
    2e80:	200347b7          	lui	a5,0x20034
    2e84:	09478793          	addi	a5,a5,148 # 20034094 <info_a>
    2e88:	4398                	lw	a4,0(a5)
    2e8a:	43cc                	lw	a1,4(a5)
    2e8c:	9702                	jalr	a4
    }

    mask = (((0x1 << MARS_MAX_GPIOB) - 1) << 19);

    if(iir & mask) {
    2e8e:	fff807b7          	lui	a5,0xfff80
    2e92:	8fe1                	and	a5,a5,s0
    2e94:	cf89                	beqz	a5,2eae <GPIO_IRQ_Handler+0x46>
    	gpio = &gpiob_resources;
    	gpio->info->cb_event((iir & mask) >> 19, gpio->info->workspace);
    2e96:	200347b7          	lui	a5,0x20034
    2e9a:	0a078793          	addi	a5,a5,160 # 200340a0 <info_b>
    2e9e:	01345513          	srli	a0,s0,0x13
    }
}
    2ea2:	4422                	lw	s0,8(sp)
    2ea4:	40b2                	lw	ra,12(sp)
    	gpio->info->cb_event((iir & mask) >> 19, gpio->info->workspace);
    2ea6:	4398                	lw	a4,0(a5)
    2ea8:	43cc                	lw	a1,4(a5)
}
    2eaa:	0141                	addi	sp,sp,16
    	gpio->info->cb_event((iir & mask) >> 19, gpio->info->workspace);
    2eac:	8702                	jr	a4
}
    2eae:	40b2                	lw	ra,12(sp)
    2eb0:	4422                	lw	s0,8(sp)
    2eb2:	0141                	addi	sp,sp,16
    2eb4:	8082                	ret

00002eb6 <GPIOA>:
}
    2eb6:	91018513          	addi	a0,gp,-1776 # 200341c0 <gpioa_resources>
    2eba:	8082                	ret

00002ebc <GPIO_Initialize>:
GPIO_Initialize(void *res, CSK_GPIO_SignalEvent_t cb_event, void* workspace){
    2ebc:	1141                	addi	sp,sp,-16
    2ebe:	c422                	sw	s0,8(sp)
    2ec0:	c606                	sw	ra,12(sp)
    2ec2:	c226                	sw	s1,4(sp)
    CHECK_RESOURCES(res);
    2ec4:	91018793          	addi	a5,gp,-1776 # 200341c0 <gpioa_resources>
GPIO_Initialize(void *res, CSK_GPIO_SignalEvent_t cb_event, void* workspace){
    2ec8:	842a                	mv	s0,a0
    CHECK_RESOURCES(res);
    2eca:	00f50763          	beq	a0,a5,2ed8 <GPIO_Initialize+0x1c>
    2ece:	92418793          	addi	a5,gp,-1756 # 200341d4 <gpiob_resources>
    2ed2:	556d                	li	a0,-5
    2ed4:	04f41a63          	bne	s0,a5,2f28 <GPIO_Initialize+0x6c>
    gpio->info->cb_event = cb_event;
    2ed8:	481c                	lw	a5,16(s0)
    2eda:	c38c                	sw	a1,0(a5)
    gpio->info->workspace = workspace;
    2edc:	c3d0                	sw	a2,4(a5)
    if (gpio_use_cnt == 0){
    2ede:	a741c783          	lbu	a5,-1420(gp) # 20034324 <gpio_use_cnt>
    2ee2:	a7418493          	addi	s1,gp,-1420 # 20034324 <gpio_use_cnt>
    2ee6:	e795                	bnez	a5,2f12 <GPIO_Initialize+0x56>
    	register_ISR(gpio->irq_num, gpio->irq_handler, NULL);
    2ee8:	440c                	lw	a1,8(s0)
    2eea:	4048                	lw	a0,4(s0)
    2eec:	4601                	li	a2,0
    2eee:	7f2010ef          	jal	ra,46e0 <register_ISR>
    2ef2:	f2418793          	addi	a5,gp,-220 # 200347d4 <SystemIRegionInfo>
    2ef6:	43d8                	lw	a4,4(a5)
    2ef8:	405c                	lw	a5,4(s0)
    2efa:	20e7c7b3          	sh2add	a5,a5,a4
    2efe:	6705                	lui	a4,0x1
    2f00:	97ba                	add	a5,a5,a4
    2f02:	0017c703          	lbu	a4,1(a5)
    2f06:	0ff77713          	zext.b	a4,a4
    2f0a:	00176713          	ori	a4,a4,1
    2f0e:	00e780a3          	sb	a4,1(a5)
    gpio_use_cnt += 1;
    2f12:	0004c783          	lbu	a5,0(s1)
    for(i = 0; i < gpio->max_num; i++){
    2f16:	4454                	lw	a3,12(s0)
    gpio_use_cnt += 1;
    2f18:	0785                	addi	a5,a5,1
    2f1a:	00f48023          	sb	a5,0(s1)
    for(i = 0; i < gpio->max_num; i++){
    2f1e:	4701                	li	a4,0
        ((_GPIO_*)gpio->info->gpio_info + i)->dir = csk_gpio_dir_input;
    2f20:	4631                	li	a2,12
    for(i = 0; i < gpio->max_num; i++){
    2f22:	00e69863          	bne	a3,a4,2f32 <GPIO_Initialize+0x76>
    return CSK_DRIVER_OK;
    2f26:	4501                	li	a0,0
}
    2f28:	40b2                	lw	ra,12(sp)
    2f2a:	4422                	lw	s0,8(sp)
    2f2c:	4492                	lw	s1,4(sp)
    2f2e:	0141                	addi	sp,sp,16
    2f30:	8082                	ret
        ((_GPIO_*)gpio->info->gpio_info + i)->dir = csk_gpio_dir_input;
    2f32:	481c                	lw	a5,16(s0)
    2f34:	02c705b3          	mul	a1,a4,a2
    2f38:	479c                	lw	a5,8(a5)
    for(i = 0; i < gpio->max_num; i++){
    2f3a:	0705                	addi	a4,a4,1
        ((_GPIO_*)gpio->info->gpio_info + i)->dir = csk_gpio_dir_input;
    2f3c:	97ae                	add	a5,a5,a1
    2f3e:	0007a023          	sw	zero,0(a5)
        ((_GPIO_*)gpio->info->gpio_info + i)->mode = csk_gpio_mode_none_pull;
    2f42:	0007a223          	sw	zero,4(a5)
        ((_GPIO_*)gpio->info->gpio_info + i)->int_mode = _csk_gpio_int_mode_none_;
    2f46:	0007a423          	sw	zero,8(a5)
    for(i = 0; i < gpio->max_num; i++){
    2f4a:	bfe1                	j	2f22 <GPIO_Initialize+0x66>

00002f4c <GPIO_Control>:
GPIO_Control(void* res, uint32_t control, uint32_t arg){
    2f4c:	1141                	addi	sp,sp,-16
    2f4e:	c422                	sw	s0,8(sp)
    2f50:	c226                	sw	s1,4(sp)
    2f52:	c04a                	sw	s2,0(sp)
    2f54:	c606                	sw	ra,12(sp)
    2f56:	91018793          	addi	a5,gp,-1776 # 200341c0 <gpioa_resources>
    2f5a:	84aa                	mv	s1,a0
    2f5c:	892e                	mv	s2,a1
    2f5e:	8432                	mv	s0,a2
    CHECK_RESOURCES(res);
    2f60:	00f50763          	beq	a0,a5,2f6e <GPIO_Control+0x22>
    2f64:	92418713          	addi	a4,gp,-1756 # 200341d4 <gpiob_resources>
    2f68:	556d                	li	a0,-5
    2f6a:	02e49663          	bne	s1,a4,2f96 <GPIO_Control+0x4a>
    switch (control & CSK_GPIO_CONTROL_Mask){
    2f6e:	6685                	lui	a3,0x1
    2f70:	80068713          	addi	a4,a3,-2048 # 800 <process_thread_flash_prog_process+0x134>
    2f74:	00e97733          	and	a4,s2,a4
    2f78:	cb01                	beqz	a4,2f88 <GPIO_Control+0x3c>
        gpio->reg->REG_DEBOUNCECTRL.bit.DBPRESCALE = (arg & 0xff);
    2f7a:	409c                	lw	a5,0(s1)
    2f7c:	0ff47413          	zext.b	s0,s0
    2f80:	06878a23          	sb	s0,116(a5)
    return CSK_DRIVER_OK;
    2f84:	4501                	li	a0,0
        break;
    2f86:	a801                	j	2f96 <GPIO_Control+0x4a>
    if(gpio == &gpioa_resources) {
    2f88:	00f49d63          	bne	s1,a5,2fa2 <GPIO_Control+0x56>
    	if(arg > CSK_GPIO_PIN18) {
    2f8c:	000407b7          	lui	a5,0x40
    CHECK_RESOURCES(res);
    2f90:	556d                	li	a0,-5
    	if(arg > CSK_GPIO_PIN18) {
    2f92:	0287f063          	bgeu	a5,s0,2fb2 <GPIO_Control+0x66>
}
    2f96:	40b2                	lw	ra,12(sp)
    2f98:	4422                	lw	s0,8(sp)
    2f9a:	4492                	lw	s1,4(sp)
    2f9c:	4902                	lw	s2,0(sp)
    2f9e:	0141                	addi	sp,sp,16
    2fa0:	8082                	ret
    } else if(gpio == &gpiob_resources) {
    2fa2:	92418793          	addi	a5,gp,-1756 # 200341d4 <gpiob_resources>
    2fa6:	00f49663          	bne	s1,a5,2fb2 <GPIO_Control+0x66>
    CHECK_RESOURCES(res);
    2faa:	556d                	li	a0,-5
    	if(arg > CSK_GPIO_PIN12) {
    2fac:	fe86e5e3          	bltu	a3,s0,2f96 <GPIO_Control+0x4a>
    	arg = arg << 19;
    2fb0:	044e                	slli	s0,s0,0x13
    switch (control & CSK_GPIO_INTR_Mask){
    2fb2:	00397793          	andi	a5,s2,3
    2fb6:	4705                	li	a4,1
    2fb8:	04e78c63          	beq	a5,a4,3010 <GPIO_Control+0xc4>
    2fbc:	4709                	li	a4,2
    2fbe:	00e79663          	bne	a5,a4,2fca <GPIO_Control+0x7e>
        gpio->reg->REG_INTREN.all |= arg;
    2fc2:	4098                	lw	a4,0(s1)
    2fc4:	4b3c                	lw	a5,80(a4)
    2fc6:	8fc1                	or	a5,a5,s0
        gpio->reg->REG_INTREN.all &= (~arg);
    2fc8:	cb3c                	sw	a5,80(a4)
    switch (control & CSK_GPIO_SET_INTR_Mask){
    2fca:	01c97793          	andi	a5,s2,28
    2fce:	4731                	li	a4,12
    2fd0:	06e78763          	beq	a5,a4,303e <GPIO_Control+0xf2>
    2fd4:	04f76363          	bltu	a4,a5,301a <GPIO_Control+0xce>
    2fd8:	4711                	li	a4,4
    2fda:	04e78963          	beq	a5,a4,302c <GPIO_Control+0xe0>
    2fde:	4721                	li	a4,8
    2fe0:	04e78c63          	beq	a5,a4,3038 <GPIO_Control+0xec>
    switch (control & CSK_GPIO_MODE_Mask){
    2fe4:	06097793          	andi	a5,s2,96
    2fe8:	04000713          	li	a4,64
    2fec:	04e78f63          	beq	a5,a4,304a <GPIO_Control+0xfe>
    2ff0:	06000713          	li	a4,96
    2ff4:	0ae78263          	beq	a5,a4,3098 <GPIO_Control+0x14c>
    2ff8:	02000713          	li	a4,32
    2ffc:	06e79463          	bne	a5,a4,3064 <GPIO_Control+0x118>
        gpio->reg->REG_PULLEN.all &= (~arg);
    3000:	4098                	lw	a4,0(s1)
        gpio_set_pull_mode(gpio, csk_gpio_mode_none_pull, arg);
    3002:	8622                	mv	a2,s0
        gpio->reg->REG_PULLEN.all &= (~arg);
    3004:	433c                	lw	a5,64(a4)
        gpio_set_pull_mode(gpio, csk_gpio_mode_none_pull, arg);
    3006:	4581                	li	a1,0
        gpio->reg->REG_PULLEN.all &= (~arg);
    3008:	4087f7b3          	andn	a5,a5,s0
    300c:	c33c                	sw	a5,64(a4)
        gpio_set_pull_mode(gpio, csk_gpio_mode_none_pull, arg);
    300e:	a881                	j	305e <GPIO_Control+0x112>
        gpio->reg->REG_INTREN.all &= (~arg);
    3010:	4098                	lw	a4,0(s1)
    3012:	4b3c                	lw	a5,80(a4)
    3014:	4087f7b3          	andn	a5,a5,s0
    3018:	bf45                	j	2fc8 <GPIO_Control+0x7c>
    switch (control & CSK_GPIO_SET_INTR_Mask){
    301a:	4741                	li	a4,16
    301c:	02e78463          	beq	a5,a4,3044 <GPIO_Control+0xf8>
    3020:	4751                	li	a4,20
    3022:	fce791e3          	bne	a5,a4,2fe4 <GPIO_Control+0x98>
        gpio_set_intr_mode(gpio, csk_gpio_int_mode_dual_level, arg);
    3026:	8622                	mv	a2,s0
    3028:	459d                	li	a1,7
    302a:	a019                	j	3030 <GPIO_Control+0xe4>
        gpio_set_intr_mode(gpio, csk_gpio_int_mode_low_level, arg);
    302c:	8622                	mv	a2,s0
    302e:	458d                	li	a1,3
        gpio_set_intr_mode(gpio, csk_gpio_int_mode_dual_level, arg);
    3030:	8526                	mv	a0,s1
    3032:	d21ff0ef          	jal	ra,2d52 <gpio_set_intr_mode>
        break;
    3036:	b77d                	j	2fe4 <GPIO_Control+0x98>
        gpio_set_intr_mode(gpio, csk_gpio_int_mode_high_level, arg);
    3038:	8622                	mv	a2,s0
    303a:	4589                	li	a1,2
    303c:	bfd5                	j	3030 <GPIO_Control+0xe4>
        gpio_set_intr_mode(gpio, csk_gpio_int_mode_negative_level, arg);
    303e:	8622                	mv	a2,s0
    3040:	4595                	li	a1,5
    3042:	b7fd                	j	3030 <GPIO_Control+0xe4>
        gpio_set_intr_mode(gpio, csk_gpio_int_mode_positive_level, arg);
    3044:	8622                	mv	a2,s0
    3046:	4599                	li	a1,6
    3048:	b7e5                	j	3030 <GPIO_Control+0xe4>
        gpio->reg->REG_PULLEN.all |= arg;
    304a:	409c                	lw	a5,0(s1)
        gpio_set_pull_mode(gpio, csk_gpio_mode_pull_up, arg);
    304c:	8622                	mv	a2,s0
        gpio->reg->REG_PULLEN.all |= arg;
    304e:	43b8                	lw	a4,64(a5)
        gpio_set_pull_mode(gpio, csk_gpio_mode_pull_up, arg);
    3050:	4585                	li	a1,1
        gpio->reg->REG_PULLEN.all |= arg;
    3052:	8f41                	or	a4,a4,s0
    3054:	c3b8                	sw	a4,64(a5)
        gpio->reg->REG_PULLTYPE.all &= (~arg);
    3056:	43f8                	lw	a4,68(a5)
    3058:	40877733          	andn	a4,a4,s0
    305c:	c3f8                	sw	a4,68(a5)
        gpio_set_pull_mode(gpio, csk_gpio_mode_none_pull, arg);
    305e:	8526                	mv	a0,s1
    3060:	de5ff0ef          	jal	ra,2e44 <gpio_set_pull_mode>
    switch (control & CSK_GPIO_DEBOUNCE_CLK_Mask){
    3064:	18097793          	andi	a5,s2,384
    3068:	08000713          	li	a4,128
    306c:	04e78063          	beq	a5,a4,30ac <GPIO_Control+0x160>
    3070:	10000713          	li	a4,256
    3074:	04e78463          	beq	a5,a4,30bc <GPIO_Control+0x170>
    switch (control & CSK_GPIO_DEBOUNCE_Mask){
    3078:	60097913          	andi	s2,s2,1536
    307c:	20000793          	li	a5,512
    3080:	04f90463          	beq	s2,a5,30c8 <GPIO_Control+0x17c>
    3084:	40000793          	li	a5,1024
    3088:	4501                	li	a0,0
    308a:	f0f916e3          	bne	s2,a5,2f96 <GPIO_Control+0x4a>
        gpio->reg->REG_DEBOUNCEEN.all |= arg;
    308e:	409c                	lw	a5,0(s1)
    3090:	5bb0                	lw	a2,112(a5)
    3092:	8e41                	or	a2,a2,s0
    3094:	dbb0                	sw	a2,112(a5)
        break;
    3096:	b701                	j	2f96 <GPIO_Control+0x4a>
        gpio->reg->REG_PULLEN.all |= arg;
    3098:	409c                	lw	a5,0(s1)
        gpio_set_pull_mode(gpio, csk_gpio_mode_pull_down, arg);
    309a:	8622                	mv	a2,s0
        gpio->reg->REG_PULLEN.all |= arg;
    309c:	43b8                	lw	a4,64(a5)
        gpio_set_pull_mode(gpio, csk_gpio_mode_pull_down, arg);
    309e:	4589                	li	a1,2
        gpio->reg->REG_PULLEN.all |= arg;
    30a0:	8f41                	or	a4,a4,s0
    30a2:	c3b8                	sw	a4,64(a5)
        gpio->reg->REG_PULLTYPE.all |= arg;
    30a4:	43f8                	lw	a4,68(a5)
    30a6:	8f41                	or	a4,a4,s0
    30a8:	c3f8                	sw	a4,68(a5)
        gpio_set_pull_mode(gpio, csk_gpio_mode_pull_down, arg);
    30aa:	bf55                	j	305e <GPIO_Control+0x112>
        gpio->reg->REG_DEBOUNCECTRL.bit.DBCLKSEL = 0x0;
    30ac:	4098                	lw	a4,0(s1)
    30ae:	800007b7          	lui	a5,0x80000
    30b2:	5b74                	lw	a3,116(a4)
    30b4:	40f6f7b3          	andn	a5,a3,a5
        gpio->reg->REG_DEBOUNCECTRL.bit.DBCLKSEL = 0x1;
    30b8:	db7c                	sw	a5,116(a4)
        break;
    30ba:	bf7d                	j	3078 <GPIO_Control+0x12c>
        gpio->reg->REG_DEBOUNCECTRL.bit.DBCLKSEL = 0x1;
    30bc:	4098                	lw	a4,0(s1)
    30be:	800006b7          	lui	a3,0x80000
    30c2:	5b7c                	lw	a5,116(a4)
    30c4:	8fd5                	or	a5,a5,a3
    30c6:	bfcd                	j	30b8 <GPIO_Control+0x16c>
        gpio->reg->REG_DEBOUNCEEN.all &= (~arg);
    30c8:	409c                	lw	a5,0(s1)
    30ca:	5bb0                	lw	a2,112(a5)
    30cc:	40867433          	andn	s0,a2,s0
    30d0:	dba0                	sw	s0,112(a5)
    30d2:	bd4d                	j	2f84 <GPIO_Control+0x38>

000030d4 <GPIO_PinWrite>:
    CHECK_RESOURCES(res);
    30d4:	91018713          	addi	a4,gp,-1776 # 200341c0 <gpioa_resources>
{
    30d8:	87aa                	mv	a5,a0
    CHECK_RESOURCES(res);
    30da:	00e50863          	beq	a0,a4,30ea <GPIO_PinWrite+0x16>
    30de:	92418713          	addi	a4,gp,-1756 # 200341d4 <gpiob_resources>
    30e2:	556d                	li	a0,-5
    30e4:	00e78963          	beq	a5,a4,30f6 <GPIO_PinWrite+0x22>
    30e8:	8082                	ret
    	if(pin_mask > CSK_GPIO_PIN18) {
    30ea:	00040737          	lui	a4,0x40
    CHECK_RESOURCES(res);
    30ee:	556d                	li	a0,-5
    	if(pin_mask > CSK_GPIO_PIN18) {
    30f0:	00b77863          	bgeu	a4,a1,3100 <GPIO_PinWrite+0x2c>
    30f4:	8082                	ret
    	if(pin_mask > CSK_GPIO_PIN12) {
    30f6:	6705                	lui	a4,0x1
    CHECK_RESOURCES(res);
    30f8:	556d                	li	a0,-5
    	if(pin_mask > CSK_GPIO_PIN12) {
    30fa:	00b76763          	bltu	a4,a1,3108 <GPIO_PinWrite+0x34>
    	pin_mask = pin_mask << 19;
    30fe:	05ce                	slli	a1,a1,0x13
    	gpio->reg->REG_DOUTSET.all = pin_mask;
    3100:	439c                	lw	a5,0(a5)
    if(val)
    3102:	c601                	beqz	a2,310a <GPIO_PinWrite+0x36>
    	gpio->reg->REG_DOUTSET.all = pin_mask;
    3104:	db8c                	sw	a1,48(a5)
    return CSK_DRIVER_OK;
    3106:	4501                	li	a0,0
}
    3108:	8082                	ret
    	gpio->reg->REG_DOUTCLEAR.all = pin_mask;
    310a:	d7cc                	sw	a1,44(a5)
    310c:	bfed                	j	3106 <GPIO_PinWrite+0x32>

0000310e <GPIO_PinRead>:
    CHECK_RESOURCES(res);
    310e:	91018713          	addi	a4,gp,-1776 # 200341c0 <gpioa_resources>
GPIO_PinRead(void* res, uint32_t pin_mask){
    3112:	87aa                	mv	a5,a0
    CHECK_RESOURCES(res);
    3114:	00e50863          	beq	a0,a4,3124 <GPIO_PinRead+0x16>
    3118:	92418713          	addi	a4,gp,-1756 # 200341d4 <gpiob_resources>
    311c:	556d                	li	a0,-5
    311e:	00e78963          	beq	a5,a4,3130 <GPIO_PinRead+0x22>
    3122:	8082                	ret
        if (pin_mask >= CSK_GPIO_PIN19){
    3124:	00080737          	lui	a4,0x80
    CHECK_RESOURCES(res);
    3128:	556d                	li	a0,-5
        if (pin_mask >= CSK_GPIO_PIN19){
    312a:	00e5e863          	bltu	a1,a4,313a <GPIO_PinRead+0x2c>
    312e:	8082                	ret
        if (pin_mask >= CSK_GPIO_PIN13){
    3130:	6709                	lui	a4,0x2
    CHECK_RESOURCES(res);
    3132:	556d                	li	a0,-5
        if (pin_mask >= CSK_GPIO_PIN13){
    3134:	00e5f863          	bgeu	a1,a4,3144 <GPIO_PinRead+0x36>
        pin_mask = pin_mask << 19;
    3138:	05ce                	slli	a1,a1,0x13
    return (gpio->reg->REG_DATAIN.all & pin_mask) ? 1 : 0;
    313a:	439c                	lw	a5,0(a5)
    313c:	5388                	lw	a0,32(a5)
    313e:	8d6d                	and	a0,a0,a1
    3140:	00a03533          	snez	a0,a0
}
    3144:	8082                	ret

00003146 <GPIO_SetDir>:
    CHECK_RESOURCES(res);
    3146:	91018713          	addi	a4,gp,-1776 # 200341c0 <gpioa_resources>
GPIO_SetDir(void* res, uint32_t pin_mask, uint32_t dir){
    314a:	87aa                	mv	a5,a0
    CHECK_RESOURCES(res);
    314c:	00e50863          	beq	a0,a4,315c <GPIO_SetDir+0x16>
    3150:	92418713          	addi	a4,gp,-1756 # 200341d4 <gpiob_resources>
    3154:	556d                	li	a0,-5
    3156:	00e78963          	beq	a5,a4,3168 <GPIO_SetDir+0x22>
    315a:	8082                	ret
        if (pin_mask > CSK_GPIO_PIN18){
    315c:	00040737          	lui	a4,0x40
    CHECK_RESOURCES(res);
    3160:	556d                	li	a0,-5
        if (pin_mask > CSK_GPIO_PIN18){
    3162:	00b77863          	bgeu	a4,a1,3172 <GPIO_SetDir+0x2c>
    3166:	8082                	ret
        if (pin_mask > CSK_GPIO_PIN12){
    3168:	6705                	lui	a4,0x1
    CHECK_RESOURCES(res);
    316a:	556d                	li	a0,-5
        if (pin_mask > CSK_GPIO_PIN12){
    316c:	00b76e63          	bltu	a4,a1,3188 <GPIO_SetDir+0x42>
        pin_mask = pin_mask << 19;
    3170:	05ce                	slli	a1,a1,0x13
    dir ? (gpio->reg->REG_CHANNELDIR.all |= pin_mask) : (gpio->reg->REG_CHANNELDIR.all &= (~pin_mask));
    3172:	4398                	lw	a4,0(a5)
    3174:	5714                	lw	a3,40(a4)
    3176:	ca11                	beqz	a2,318a <GPIO_SetDir+0x44>
    3178:	8ecd                	or	a3,a3,a1
    317a:	d714                	sw	a3,40(a4)
    for(i = 0; i < gpio->max_num; i++){
    317c:	47c8                	lw	a0,12(a5)
    317e:	4701                	li	a4,0
            gpio->info->gpio_info[i].dir = dir;
    3180:	4831                	li	a6,12
    for(i = 0; i < gpio->max_num; i++){
    3182:	00a71763          	bne	a4,a0,3190 <GPIO_SetDir+0x4a>
    return CSK_DRIVER_OK;
    3186:	4501                	li	a0,0
}
    3188:	8082                	ret
    dir ? (gpio->reg->REG_CHANNELDIR.all |= pin_mask) : (gpio->reg->REG_CHANNELDIR.all &= (~pin_mask));
    318a:	40b6f6b3          	andn	a3,a3,a1
    318e:	b7f5                	j	317a <GPIO_SetDir+0x34>
        if(pin_mask & (0x1 << i)){
    3190:	28e016b3          	bset	a3,zero,a4
    3194:	8eed                	and	a3,a3,a1
    3196:	c699                	beqz	a3,31a4 <GPIO_SetDir+0x5e>
            gpio->info->gpio_info[i].dir = dir;
    3198:	4b94                	lw	a3,16(a5)
    319a:	030708b3          	mul	a7,a4,a6
    319e:	4694                	lw	a3,8(a3)
    31a0:	96c6                	add	a3,a3,a7
    31a2:	c290                	sw	a2,0(a3)
    for(i = 0; i < gpio->max_num; i++){
    31a4:	0705                	addi	a4,a4,1
    31a6:	bff1                	j	3182 <GPIO_SetDir+0x3c>

000031a8 <AON_IOMuxManager_PinConfigure>:
 *        values, refer to the Driver_Common.h file.
 *
 * @return int32_t Returns CSK_DRIVER_OK (0) to indicate success or CSK_DRIVER_ERROR (non-zero)
 *         to indicate failure. Refer to Driver_Common.h for more details on these return values.
 */
int32_t AON_IOMuxManager_PinConfigure (uint8_t pad, uint8_t pin_num, uint32_t pin_cfg){
    31a8:	1141                	addi	sp,sp,-16
    volatile uint32_t * volatile pin_base = NULL;
    31aa:	c602                	sw	zero,12(sp)

    // Function select range check
    if (pin_cfg > CSK_AON_IOMUX_FUNC_ALTER5){
    31ac:	4715                	li	a4,5
    31ae:	02c76c63          	bltu	a4,a2,31e6 <AON_IOMuxManager_PinConfigure+0x3e>
    31b2:	87aa                	mv	a5,a0
        return CSK_DRIVER_ERROR_PARAMETER;
    }

    switch (pad) {
    31b4:	4705                	li	a4,1
        return CSK_DRIVER_ERROR_PARAMETER;
    31b6:	556d                	li	a0,-5
    switch (pad) {
    31b8:	02e79563          	bne	a5,a4,31e2 <AON_IOMuxManager_PinConfigure+0x3a>
    case CSK_IOMUX_PAD_A:
        // Un-support PAD_A
        return CSK_DRIVER_ERROR_PARAMETER;
    case CSK_IOMUX_PAD_B:
    {
        if (pin_num > CSK_IOMUX_PAD_B_MAX_PIN){
    31bc:	47b1                	li	a5,12
    31be:	02b7e263          	bltu	a5,a1,31e2 <AON_IOMuxManager_PinConfigure+0x3a>
            return CSK_DRIVER_ERROR_PARAMETER;
        }

        pin_base = (volatile uint32_t * volatile)&(IP_AON_IOMUX->REG_PAD_AON_GPIOB_00.all);
    31c2:	4f2007b7          	lui	a5,0x4f200
    31c6:	c63e                	sw	a5,12(sp)
        pin_base += pin_num;
    31c8:	47b2                	lw	a5,12(sp)
        break;
    default:
        return CSK_DRIVER_ERROR_PARAMETER;
    }

    return CSK_DRIVER_OK;
    31ca:	4501                	li	a0,0
        pin_base += pin_num;
    31cc:	20f5c5b3          	sh2add	a1,a1,a5
    31d0:	c62e                	sw	a1,12(sp)
        (*(volatile uint32_t* volatile)(pin_base)) &= (~0x7);
    31d2:	4732                	lw	a4,12(sp)
    31d4:	431c                	lw	a5,0(a4)
    31d6:	9be1                	andi	a5,a5,-8
    31d8:	c31c                	sw	a5,0(a4)
        (*(volatile uint32_t* volatile)(pin_base)) |= (pin_cfg & 0x7);
    31da:	4732                	lw	a4,12(sp)
    31dc:	431c                	lw	a5,0(a4)
    31de:	8e5d                	or	a2,a2,a5
    31e0:	c310                	sw	a2,0(a4)
}
    31e2:	0141                	addi	sp,sp,16
    31e4:	8082                	ret
        return CSK_DRIVER_ERROR_PARAMETER;
    31e6:	556d                	li	a0,-5
    31e8:	bfed                	j	31e2 <AON_IOMuxManager_PinConfigure+0x3a>

000031ea <IOMuxManager_PinConfigure>:
int32_t IOMuxManager_PinConfigure(uint8_t pad, uint8_t pin_num, uint32_t pin_cfg){
    31ea:	1101                	addi	sp,sp,-32
    31ec:	ce06                	sw	ra,28(sp)
    31ee:	cc22                	sw	s0,24(sp)
    31f0:	ca26                	sw	s1,20(sp)
    volatile uint32_t * volatile pin_base = NULL;
    31f2:	c602                	sw	zero,12(sp)
    if (pin_cfg > CSK_IOMUX_FUNC_ALTER13){
    31f4:	47b5                	li	a5,13
    31f6:	00c7e863          	bltu	a5,a2,3206 <IOMuxManager_PinConfigure+0x1c>
    31fa:	842e                	mv	s0,a1
    31fc:	84b2                	mv	s1,a2
    switch (pad) {
    31fe:	c511                	beqz	a0,320a <IOMuxManager_PinConfigure+0x20>
    3200:	4785                	li	a5,1
    3202:	02f50e63          	beq	a0,a5,323e <IOMuxManager_PinConfigure+0x54>
        return CSK_DRIVER_ERROR_PARAMETER;
    3206:	57ed                	li	a5,-5
    3208:	a02d                	j	3232 <IOMuxManager_PinConfigure+0x48>
        if (pin_num > CSK_IOMUX_PAD_A_MAX_PIN){
    320a:	4731                	li	a4,12
        return CSK_DRIVER_ERROR_PARAMETER;
    320c:	57ed                	li	a5,-5
        if (pin_num > CSK_IOMUX_PAD_A_MAX_PIN){
    320e:	02b76263          	bltu	a4,a1,3232 <IOMuxManager_PinConfigure+0x48>
        pin_base = (volatile uint32_t * volatile)&(IP_CMN_IOMUX->REG_PAD_GPIOA_00.all);
    3212:	482007b7          	lui	a5,0x48200
        pin_base = (volatile uint32_t * volatile)&(IP_CMN_IOMUX->REG_PAD_GPIOB_00.all);
    3216:	c63e                	sw	a5,12(sp)
        pin_base += pin_num;
    3218:	45b2                	lw	a1,12(sp)
    321a:	20b44433          	sh2add	s0,s0,a1
    321e:	c622                	sw	s0,12(sp)
        (*(volatile uint32_t* volatile)(pin_base)) &= (~0x1f);
    3220:	4732                	lw	a4,12(sp)
    3222:	431c                	lw	a5,0(a4)
    3224:	9b81                	andi	a5,a5,-32
    3226:	c31c                	sw	a5,0(a4)
        (*(volatile uint32_t* volatile)(pin_base)) |= (pin_cfg & 0x1f);
    3228:	47b2                	lw	a5,12(sp)
    322a:	4390                	lw	a2,0(a5)
    322c:	8cd1                	or	s1,s1,a2
    322e:	c384                	sw	s1,0(a5)
    return CSK_DRIVER_OK;
    3230:	4781                	li	a5,0
}
    3232:	40f2                	lw	ra,28(sp)
    3234:	4462                	lw	s0,24(sp)
    3236:	44d2                	lw	s1,20(sp)
    3238:	853e                	mv	a0,a5
    323a:	6105                	addi	sp,sp,32
    323c:	8082                	ret
        if (pin_num > CSK_IOMUX_PAD_B_MAX_PIN){
    323e:	46b1                	li	a3,12
        return CSK_DRIVER_ERROR_PARAMETER;
    3240:	57ed                	li	a5,-5
        if (pin_num > CSK_IOMUX_PAD_B_MAX_PIN){
    3242:	feb6e8e3          	bltu	a3,a1,3232 <IOMuxManager_PinConfigure+0x48>
        if ((pin_num == 2) || (pin_num == 3)) {
    3246:	ffe58793          	addi	a5,a1,-2
    324a:	0ff7f793          	zext.b	a5,a5
        	AON_IOMuxManager_PinConfigure(pad, pin_num, CSK_NORMAL_IOMUX_FUNC_AON_CFG_1);
    324e:	4609                	li	a2,2
        if ((pin_num == 2) || (pin_num == 3)) {
    3250:	00f57363          	bgeu	a0,a5,3256 <IOMuxManager_PinConfigure+0x6c>
			AON_IOMuxManager_PinConfigure(pad, pin_num, CSK_NORMAL_IOMUX_FUNC_AON_CFG);
    3254:	4601                	li	a2,0
    3256:	3f89                	jal	31a8 <AON_IOMuxManager_PinConfigure>
        pin_base = (volatile uint32_t * volatile)&(IP_CMN_IOMUX->REG_PAD_GPIOB_00.all);
    3258:	482007b7          	lui	a5,0x48200
    325c:	04c78793          	addi	a5,a5,76 # 4820004c <_sp+0x281c804c>
    3260:	bf5d                	j	3216 <IOMuxManager_PinConfigure+0x2c>

00003262 <UART0_IRQ_Handler>:
static void UART_IRQ_Handler(UART_RESOURCES *uart)
{
    uint32_t iir, imsk, val, i, event = 0;
    // Get interrupt status

    iir = uart->reg->REG_IRQ_CAUSE.all;
    3262:	49000737          	lui	a4,0x49000
    3266:	4b14                	lw	a3,16(a4)
    imsk = uart->reg->REG_IRQ_MASK.all;
    3268:	474c                	lw	a1,12(a4)

	// Transmit holding register empty, It depend on threshold
	if ((imsk & UART_TX_DATA_NEEDED) && (iir & UART_TX_DATA_NEEDED)) {
    326a:	0045f613          	andi	a2,a1,4
    326e:	de418793          	addi	a5,gp,-540 # 20034694 <uart0_info>
    3272:	ea79                	bnez	a2,3348 <UART0_IRQ_Handler+0xe6>
    uint32_t iir, imsk, val, i, event = 0;
    3274:	4501                	li	a0,0
			// Set send complete event
			event |= CSK_UART_EVENT_SEND_COMPLETE;
		}
	}
	// Receive line status, Only trigger line status
	if ((imsk & UART_RX_DATA_AVAILABLE) || (imsk & UART_RX_TIMEOUT)) {
    3276:	89a9                	andi	a1,a1,10
    3278:	12058963          	beqz	a1,33aa <UART0_IRQ_Handler+0x148>
		if(iir & UART_RX_LINE_ERR) {
    327c:	0106f713          	andi	a4,a3,16
    3280:	c335                	beqz	a4,32e4 <UART0_IRQ_Handler+0x82>
    lsr = uart->reg->REG_STATUS.all;
    3282:	49000737          	lui	a4,0x49000
    3286:	4350                	lw	a2,4(a4)
    if (lsr & UART_RX_OVERFLOW_ERR) {         // RX overflow error
    3288:	6741                	lui	a4,0x10
    328a:	8f71                	and	a4,a4,a2
    328c:	c711                	beqz	a4,3298 <UART0_IRQ_Handler+0x36>
        uart->info->rx_status.rx_overflow = 1U;
    328e:	4705                	li	a4,1
    3290:	00e782a3          	sb	a4,5(a5)
        event |= CSK_UART_EVENT_RX_OVERFLOW;
    3294:	02000713          	li	a4,32
    if (lsr & UART_RX_PARITY_ERR) {          // Parity error
    3298:	000405b7          	lui	a1,0x40
    329c:	8df1                	and	a1,a1,a2
    329e:	c591                	beqz	a1,32aa <UART0_IRQ_Handler+0x48>
        uart->info->rx_status.rx_parity_error = 1U;
    32a0:	4585                	li	a1,1
    32a2:	00b78423          	sb	a1,8(a5)
        event |= CSK_UART_EVENT_RX_PARITY_ERROR;
    32a6:	20076713          	ori	a4,a4,512
    if (lsr & UART_RX_BREAK_INT) {           // Break detected
    32aa:	001005b7          	lui	a1,0x100
    32ae:	8df1                	and	a1,a1,a2
    32b0:	c591                	beqz	a1,32bc <UART0_IRQ_Handler+0x5a>
        uart->info->rx_status.rx_break = 1U;
    32b2:	4585                	li	a1,1
    32b4:	00b78323          	sb	a1,6(a5)
        event |= CSK_UART_EVENT_RX_BREAK;
    32b8:	08076713          	ori	a4,a4,128
    if (lsr & UART_RX_FRAMING_ERR) {          // Framing error
    32bc:	000805b7          	lui	a1,0x80
    32c0:	8df1                	and	a1,a1,a2
    32c2:	c591                	beqz	a1,32ce <UART0_IRQ_Handler+0x6c>
		uart->info->rx_status.rx_framing_error = 1U;
    32c4:	4585                	li	a1,1
    32c6:	00b783a3          	sb	a1,7(a5)
		event |= CSK_UART_EVENT_RX_FRAMING_ERROR;
    32ca:	10076713          	ori	a4,a4,256
    if (lsr & UART_TX_OVERFLOW_ERR) {    // tx overflow error
    32ce:	000205b7          	lui	a1,0x20
    32d2:	8e6d                	and	a2,a2,a1
    32d4:	c219                	beqz	a2,32da <UART0_IRQ_Handler+0x78>
		event |= CSK_UART_EVENT_TX_OVERFLOW;
    32d6:	00476713          	ori	a4,a4,4
    uart->reg->REG_STATUS.all = 1;
    32da:	49000637          	lui	a2,0x49000
    32de:	4585                	li	a1,1
    32e0:	c24c                	sw	a1,4(a2)
			event |= uart_rxline_irq_handler(uart);
    32e2:	8d59                	or	a0,a0,a4
		}
		// Receive data available and Character time-out indicator interrupt
		if(iir & (UART_RX_DATA_AVAILABLE | UART_RX_TIMEOUT)) {
    32e4:	00a6f713          	andi	a4,a3,10
    32e8:	cb39                	beqz	a4,333e <UART0_IRQ_Handler+0xdc>
			// Read RX FIFO residue
			val = uart->reg->REG_STATUS.bit.RX_FIFO_LEVEL;
    32ea:	49000737          	lui	a4,0x49000
    32ee:	4350                	lw	a2,4(a4)
			if(val + uart->info->xfer.rx_cnt < uart->info->xfer.rx_num) {
    32f0:	4fd8                	lw	a4,28(a5)
			val = uart->reg->REG_STATUS.bit.RX_FIFO_LEVEL;
    32f2:	07f67613          	andi	a2,a2,127
			if(val + uart->info->xfer.rx_cnt < uart->info->xfer.rx_num) {
    32f6:	47cc                	lw	a1,12(a5)
    32f8:	00e60833          	add	a6,a2,a4
    32fc:	08b87c63          	bgeu	a6,a1,3394 <UART0_IRQ_Handler+0x132>
				// got partial data
				if(uart->info->timeout) { // timeout enabled
    3300:	0407c583          	lbu	a1,64(a5)
    3304:	c589                	beqz	a1,330e <UART0_IRQ_Handler+0xac>
					if(iir & UART_RX_TIMEOUT) { // timeout occur
    3306:	8aa1                	andi	a3,a3,8
    3308:	c6c1                	beqz	a3,3390 <UART0_IRQ_Handler+0x12e>
						event |= CSK_UART_EVENT_RX_TIMEOUT;
    330a:	04056513          	ori	a0,a0,64
					} else { // not occur, reserve a byte for timeout trigger
						val--;
					}
				}
				val += uart->info->xfer.rx_cnt;
    330e:	00c705b3          	add	a1,a4,a2
			} else {
				val = uart->info->xfer.rx_num;
				event |= CSK_UART_EVENT_RECEIVE_COMPLETE;
			}
			// copy data
			for(i = uart->info->xfer.rx_cnt; i < val; i++) {
    3312:	86ba                	mv	a3,a4
				uart->info->xfer.rx_buf[i] = (uint8_t)hal_GetByte(uart->reg);
    3314:	49000837          	lui	a6,0x49000
			for(i = uart->info->xfer.rx_cnt; i < val; i++) {
    3318:	08b6e163          	bltu	a3,a1,339a <UART0_IRQ_Handler+0x138>
			}
			uart->info->xfer.rx_cnt = i;
    331c:	4681                	li	a3,0
    331e:	00e5e463          	bltu	a1,a4,3326 <UART0_IRQ_Handler+0xc4>
    3322:	40e586b3          	sub	a3,a1,a4
    3326:	9736                	add	a4,a4,a3
    3328:	cfd8                	sw	a4,28(a5)
			// finish this receive
			if(event & (CSK_UART_EVENT_RECEIVE_COMPLETE)) {
    332a:	00257713          	andi	a4,a0,2
    332e:	cb01                	beqz	a4,333e <UART0_IRQ_Handler+0xdc>
				uart->reg->REG_IRQ_MASK.all &= ~(UART_RX_DATA_AVAILABLE | UART_RX_TIMEOUT | UART_RX_LINE_ERR);
    3330:	490006b7          	lui	a3,0x49000
    3334:	46d8                	lw	a4,12(a3)
    3336:	9b15                	andi	a4,a4,-27
    3338:	c6d8                	sw	a4,12(a3)
		uart->reg->REG_IRQ_CAUSE.all = UART_RX_DMA_TIMEOUT;
		uart->reg->REG_IRQ_MASK.all &= ~(UART_RX_DMA_TIMEOUT | UART_RX_LINE_ERR);

		event |= CSK_UART_EVENT_RX_TIMEOUT;
		// Clear RX busy status
		uart->info->rx_status.rx_busy = 0U;
    333a:	00078223          	sb	zero,4(a5)
	}
	// call back
	if ((uart->info->cb_event) && (event != 0U)) {
    333e:	4398                	lw	a4,0(a5)
    3340:	cf5d                	beqz	a4,33fe <UART0_IRQ_Handler+0x19c>
    3342:	cd55                	beqz	a0,33fe <UART0_IRQ_Handler+0x19c>
		uart->info->cb_event(event, uart->info->workspace);
    3344:	5fcc                	lw	a1,60(a5)
    3346:	8702                	jr	a4
	if ((imsk & UART_TX_DATA_NEEDED) && (iir & UART_TX_DATA_NEEDED)) {
    3348:	0046f613          	andi	a2,a3,4
    334c:	d605                	beqz	a2,3274 <UART0_IRQ_Handler+0x12>
		val = uart->reg->REG_STATUS.bit.TX_FIFO_SPACE;  //for debug -2
    334e:	4358                	lw	a4,4(a4)
		while ((val) && (uart->info->xfer.tx_cnt < uart->info->xfer.tx_num)) {
    3350:	4b88                	lw	a0,16(a5)
		val = uart->reg->REG_STATUS.bit.TX_FIFO_SPACE;  //for debug -2
    3352:	8321                	srli	a4,a4,0x8
			hal_SendByte(uart->reg, uart->info->xfer.tx_buf[uart->info->xfer.tx_cnt]);
    3354:	0187a803          	lw	a6,24(a5)
		val = uart->reg->REG_STATUS.bit.TX_FIFO_SPACE;  //for debug -2
    3358:	8b7d                	andi	a4,a4,31
			hal_SendByte(uart->reg, uart->info->xfer.tx_buf[uart->info->xfer.tx_cnt]);
    335a:	490008b7          	lui	a7,0x49000
		while ((val) && (uart->info->xfer.tx_cnt < uart->info->xfer.tx_num)) {
    335e:	5390                	lw	a2,32(a5)
    3360:	c319                	beqz	a4,3366 <UART0_IRQ_Handler+0x104>
    3362:	00a66d63          	bltu	a2,a0,337c <UART0_IRQ_Handler+0x11a>
		if (uart->info->xfer.tx_num == uart->info->xfer.tx_cnt) {
    3366:	f0c517e3          	bne	a0,a2,3274 <UART0_IRQ_Handler+0x12>
			uart->reg->REG_IRQ_MASK.bit.TX_DATA_NEEDED = 0;
    336a:	49000637          	lui	a2,0x49000
    336e:	4658                	lw	a4,12(a2)
			event |= CSK_UART_EVENT_SEND_COMPLETE;
    3370:	4505                	li	a0,1
			uart->reg->REG_IRQ_MASK.bit.TX_DATA_NEEDED = 0;
    3372:	9b6d                	andi	a4,a4,-5
    3374:	c658                	sw	a4,12(a2)
			uart->info->xfer.send_active = 0U;
    3376:	02078423          	sb	zero,40(a5)
			event |= CSK_UART_EVENT_SEND_COMPLETE;
    337a:	bdf5                	j	3276 <UART0_IRQ_Handler+0x14>
			hal_SendByte(uart->reg, uart->info->xfer.tx_buf[uart->info->xfer.tx_cnt]);
    337c:	00c80333          	add	t1,a6,a2
    3380:	00034303          	lbu	t1,0(t1)
			uart->info->xfer.tx_cnt++;
    3384:	0605                	addi	a2,a2,1
			hal_SendByte(uart->reg, uart->info->xfer.tx_buf[uart->info->xfer.tx_cnt]);
    3386:	0068a423          	sw	t1,8(a7) # 49000008 <_sp+0x28fc8008>
			uart->info->xfer.tx_cnt++;
    338a:	d390                	sw	a2,32(a5)
			val--;
    338c:	177d                	addi	a4,a4,-1
    338e:	bfc1                	j	335e <UART0_IRQ_Handler+0xfc>
						val--;
    3390:	167d                	addi	a2,a2,-1
    3392:	bfb5                	j	330e <UART0_IRQ_Handler+0xac>
				event |= CSK_UART_EVENT_RECEIVE_COMPLETE;
    3394:	00256513          	ori	a0,a0,2
    3398:	bfad                	j	3312 <UART0_IRQ_Handler+0xb0>
				uart->info->xfer.rx_buf[i] = (uint8_t)hal_GetByte(uart->reg);
    339a:	4bd0                	lw	a2,20(a5)
    339c:	00882883          	lw	a7,8(a6) # 49000008 <_sp+0x28fc8008>
    33a0:	9636                	add	a2,a2,a3
    33a2:	01160023          	sb	a7,0(a2) # 49000000 <_sp+0x28fc8000>
			for(i = uart->info->xfer.rx_cnt; i < val; i++) {
    33a6:	0685                	addi	a3,a3,1
    33a8:	bf85                	j	3318 <UART0_IRQ_Handler+0xb6>
	} else if(iir & UART_RX_DMA_TIMEOUT) { // rx dma timeout
    33aa:	0806f693          	andi	a3,a3,128
    33ae:	dac1                	beqz	a3,333e <UART0_IRQ_Handler+0xdc>
		val = uart->reg->REG_STATUS.bit.RX_FIFO_LEVEL + uart->info->xfer.rx_cnt;
    33b0:	49000737          	lui	a4,0x49000
    33b4:	4350                	lw	a2,4(a4)
    33b6:	4fd4                	lw	a3,28(a5)
    33b8:	07f67613          	andi	a2,a2,127
    33bc:	00d60833          	add	a6,a2,a3
		for(i = uart->info->xfer.rx_cnt; i < val; i++) {
    33c0:	8736                	mv	a4,a3
			uart->info->xfer.rx_buf[i] = (uint8_t)hal_GetByte(uart->reg);
    33c2:	490008b7          	lui	a7,0x49000
		for(i = uart->info->xfer.rx_cnt; i < val; i++) {
    33c6:	03076463          	bltu	a4,a6,33ee <UART0_IRQ_Handler+0x18c>
		uart->info->xfer.rx_cnt = i;
    33ca:	4701                	li	a4,0
    33cc:	00d86363          	bltu	a6,a3,33d2 <UART0_IRQ_Handler+0x170>
    33d0:	8732                	mv	a4,a2
    33d2:	9736                	add	a4,a4,a3
    33d4:	cfd8                	sw	a4,28(a5)
		uart->reg->REG_IRQ_CAUSE.all = UART_RX_DMA_TIMEOUT;
    33d6:	08000693          	li	a3,128
    33da:	49000737          	lui	a4,0x49000
    33de:	cb14                	sw	a3,16(a4)
		uart->reg->REG_IRQ_MASK.all &= ~(UART_RX_DMA_TIMEOUT | UART_RX_LINE_ERR);
    33e0:	4754                	lw	a3,12(a4)
		event |= CSK_UART_EVENT_RX_TIMEOUT;
    33e2:	04056513          	ori	a0,a0,64
		uart->reg->REG_IRQ_MASK.all &= ~(UART_RX_DMA_TIMEOUT | UART_RX_LINE_ERR);
    33e6:	f6f6f693          	andi	a3,a3,-145
    33ea:	c754                	sw	a3,12(a4)
		event |= CSK_UART_EVENT_RX_TIMEOUT;
    33ec:	b7b9                	j	333a <UART0_IRQ_Handler+0xd8>
			uart->info->xfer.rx_buf[i] = (uint8_t)hal_GetByte(uart->reg);
    33ee:	4bcc                	lw	a1,20(a5)
    33f0:	0088a303          	lw	t1,8(a7) # 49000008 <_sp+0x28fc8008>
    33f4:	95ba                	add	a1,a1,a4
    33f6:	00658023          	sb	t1,0(a1) # 20000 <_data_lma+0x1b2c0>
		for(i = uart->info->xfer.rx_cnt; i < val; i++) {
    33fa:	0705                	addi	a4,a4,1
    33fc:	b7e9                	j	33c6 <UART0_IRQ_Handler+0x164>


static void UART0_IRQ_Handler(void)
{
    UART_IRQ_Handler(&uart0_resources);
}
    33fe:	8082                	ret

00003400 <__uart_compute_div>:
	tmp = div * baudrate;
    3400:	02a687b3          	mul	a5,a3,a0
    while(c != 0) {
    3404:	016e36b7          	lui	a3,0x16e3
    3408:	873e                	mv	a4,a5
    340a:	60068693          	addi	a3,a3,1536 # 16e3600 <_data_lma+0x16de8c0>
    340e:	eb29                	bnez	a4,3460 <__uart_compute_div+0x60>
	m = UART_CLK_HZ / gcd;
    3410:	016e3737          	lui	a4,0x16e3
	n = tmp / gcd;
    3414:	02d7d7b3          	divu	a5,a5,a3
	m = UART_CLK_HZ / gcd;
    3418:	60070713          	addi	a4,a4,1536 # 16e3600 <_data_lma+0x16de8c0>
			ret = -1;
    341c:	557d                	li	a0,-1
	m = UART_CLK_HZ / gcd;
    341e:	02d75733          	divu	a4,a4,a3
		if(n * 2 > m) {  // n/m must less equal than 1/2
    3422:	00179693          	slli	a3,a5,0x1
    3426:	06d76163          	bltu	a4,a3,3488 <__uart_compute_div+0x88>
		if(m > MAX_VALUE_M) {
    342a:	40000693          	li	a3,1024
    342e:	04e6fe63          	bgeu	a3,a4,348a <__uart_compute_div+0x8a>
	float n_f = (m * n1) / (m1);
    3432:	07aa                	slli	a5,a5,0xa
    3434:	02e7d6b3          	divu	a3,a5,a4
    3438:	d006f7d3          	fcvt.s.w	fa5,a3
	n = (uint32_t)(n_f);
    343c:	c01796d3          	fcvt.wu.s	a3,fa5,rtz
	if(n) {
    3440:	c6a1                	beqz	a3,3488 <__uart_compute_div+0x88>
    3442:	02d70533          	mul	a0,a4,a3
    3446:	8f89                	sub	a5,a5,a0
		for(; n < m; n++) {
    3448:	3ff00813          	li	a6,1023
	int32_t err0 = 0, err1 = 1 << 30;
    344c:	40000537          	lui	a0,0x40000
		for(; n < m; n++) {
    3450:	00d87d63          	bgeu	a6,a3,346a <__uart_compute_div+0x6a>
				*pm = MAX_VALUE_M - 1;
    3454:	3ff00793          	li	a5,1023
    3458:	c19c                	sw	a5,0(a1)
				*pn = n;
    345a:	c214                	sw	a3,0(a2)
	int32_t ret = 0;
    345c:	4501                	li	a0,0
    345e:	a02d                	j	3488 <__uart_compute_div+0x88>
    	t = a % c;
    3460:	02e6f533          	remu	a0,a3,a4
    3464:	86ba                	mv	a3,a4
        c = t;
    3466:	872a                	mv	a4,a0
    3468:	b75d                	j	340e <__uart_compute_div+0xe>
			err0 = (uint64_t)m * n1 - (uint64_t)m1 * n;
    346a:	88be                	mv	a7,a5
			if(err0 <= 0) break;
    346c:	00f05663          	blez	a5,3478 <__uart_compute_div+0x78>
		for(; n < m; n++) {
    3470:	0685                	addi	a3,a3,1
    3472:	8f99                	sub	a5,a5,a4
    3474:	8546                	mv	a0,a7
    3476:	bfe9                	j	3450 <__uart_compute_div+0x50>
		if(err0) {
    3478:	dff1                	beqz	a5,3454 <__uart_compute_div+0x54>
			err0 = -err0;   // change to positive number
    347a:	40f007b3          	neg	a5,a5
			n = err0 <= err1 ? n : (n - 1);
    347e:	fcf55be3          	bge	a0,a5,3454 <__uart_compute_div+0x54>
    3482:	16fd                	addi	a3,a3,-1
			ret = -1;
    3484:	557d                	li	a0,-1
			if(n) {
    3486:	f6f9                	bnez	a3,3454 <__uart_compute_div+0x54>
}
    3488:	8082                	ret
			*pm = m;
    348a:	c198                	sw	a4,0(a1)
			*pn = n;
    348c:	c21c                	sw	a5,0(a2)
    348e:	b7f9                	j	345c <__uart_compute_div+0x5c>

00003490 <UART0>:
}
    3490:	93818513          	addi	a0,gp,-1736 # 200341e8 <uart0_resources>
    3494:	8082                	ret

00003496 <uart_compute_div>:
{
    3496:	1101                	addi	sp,sp,-32
    3498:	cc22                	sw	s0,24(sp)
    349a:	8436                	mv	s0,a3
		if(__uart_compute_div(baudrate, pm, pn, 4) == 0) {
    349c:	4691                	li	a3,4
{
    349e:	ca26                	sw	s1,20(sp)
    34a0:	c84a                	sw	s2,16(sp)
    34a2:	c64e                	sw	s3,12(sp)
    34a4:	ce06                	sw	ra,28(sp)
    34a6:	84aa                	mv	s1,a0
    34a8:	892e                	mv	s2,a1
    34aa:	89b2                	mv	s3,a2
		if(__uart_compute_div(baudrate, pm, pn, 4) == 0) {
    34ac:	3f91                	jal	3400 <__uart_compute_div>
			*pdiv = 4;
    34ae:	4791                	li	a5,4
		if(__uart_compute_div(baudrate, pm, pn, 4) == 0) {
    34b0:	c901                	beqz	a0,34c0 <uart_compute_div+0x2a>
		if(__uart_compute_div(baudrate, pm, pn, 16) == 0) {
    34b2:	46c1                	li	a3,16
    34b4:	864e                	mv	a2,s3
    34b6:	85ca                	mv	a1,s2
    34b8:	8526                	mv	a0,s1
    34ba:	3799                	jal	3400 <__uart_compute_div>
    34bc:	e911                	bnez	a0,34d0 <uart_compute_div+0x3a>
			*pdiv = 16;
    34be:	47c1                	li	a5,16
    34c0:	c01c                	sw	a5,0(s0)
}
    34c2:	40f2                	lw	ra,28(sp)
    34c4:	4462                	lw	s0,24(sp)
    34c6:	44d2                	lw	s1,20(sp)
    34c8:	4942                	lw	s2,16(sp)
    34ca:	49b2                	lw	s3,12(sp)
    34cc:	6105                	addi	sp,sp,32
    34ce:	8082                	ret
		ret = -1;
    34d0:	557d                	li	a0,-1
	return ret;
    34d2:	bfc5                	j	34c2 <uart_compute_div+0x2c>

000034d4 <UART_Initialize>:
    CHECK_RESOURCES(res);
    34d4:	93818793          	addi	a5,gp,-1736 # 200341e8 <uart0_resources>
    34d8:	04a79f63          	bne	a5,a0,3536 <UART_Initialize+0x62>
    if (uart->info->flags & UART_FLAG_INITIALIZED) {
    34dc:	de418793          	addi	a5,gp,-540 # 20034694 <uart0_info>
    34e0:	0397c703          	lbu	a4,57(a5)
        return CSK_DRIVER_OK;
    34e4:	4501                	li	a0,0
    if (uart->info->flags & UART_FLAG_INITIALIZED) {
    34e6:	8b05                	andi	a4,a4,1
    34e8:	eb21                	bnez	a4,3538 <UART_Initialize+0x64>
    uart->info->tx_trig_lvl = UART_TX_TRIG_LVL;
    34ea:	4721                	li	a4,8
    34ec:	d7d8                	sw	a4,44(a5)
    uart->info->rx_trig_lvl = UART_RX_TRIG_LVL;
    34ee:	02000713          	li	a4,32
    34f2:	db98                	sw	a4,48(a5)
    uart->info->mode = 0U;
    34f4:	10000713          	li	a4,256
    uart->info->cb_event = cb_event;
    34f8:	c38c                	sw	a1,0(a5)
    uart->info->workspace = workspace;
    34fa:	dfd0                	sw	a2,60(a5)
    uart->info->rx_status.rx_busy = 0U;
    34fc:	0007a223          	sw	zero,4(a5)
    uart->info->rx_status.rx_parity_error = 0U;
    3500:	00078423          	sb	zero,8(a5)
    uart->info->xfer.send_active = 0U;
    3504:	02078423          	sb	zero,40(a5)
    uart->info->xfer.tx_def_val = 0U;
    3508:	0207a223          	sw	zero,36(a5)
    uart->info->xfer.rx_num = 0U;
    350c:	0007a623          	sw	zero,12(a5)
    uart->info->xfer.tx_num = 0U;
    3510:	0007a823          	sw	zero,16(a5)
    uart->info->xfer.rx_buf = NULL;
    3514:	0007aa23          	sw	zero,20(a5)
    uart->info->xfer.tx_buf = NULL;
    3518:	0007ac23          	sw	zero,24(a5)
    uart->info->xfer.rx_cnt = 0U;
    351c:	0007ae23          	sw	zero,28(a5)
    uart->info->xfer.tx_cnt = 0U;
    3520:	0207a023          	sw	zero,32(a5)
    uart->info->timeout = 0U;
    3524:	04078023          	sb	zero,64(a5)
    uart->info->baudrate = 0U;
    3528:	0207aa23          	sw	zero,52(a5)
    uart->info->mode = 0U;
    352c:	02e79c23          	sh	a4,56(a5)
    uart->info->inter_en = 0U;
    3530:	02078d23          	sb	zero,58(a5)
    return CSK_DRIVER_OK;
    3534:	8082                	ret
    CHECK_RESOURCES(res);
    3536:	556d                	li	a0,-5
}
    3538:	8082                	ret

0000353a <UART_Uninitialize>:
    CHECK_RESOURCES(res);
    353a:	93818793          	addi	a5,gp,-1736 # 200341e8 <uart0_resources>
    353e:	04a79d63          	bne	a5,a0,3598 <UART_Uninitialize+0x5e>
    if (uart->info->flags == 0) {
    3542:	de418793          	addi	a5,gp,-540 # 20034694 <uart0_info>
    3546:	0397c703          	lbu	a4,57(a5)
        return CSK_DRIVER_OK;
    354a:	4501                	li	a0,0
    if (uart->info->flags == 0) {
    354c:	c739                	beqz	a4,359a <UART_Uninitialize+0x60>
    uart->info->workspace = NULL;
    354e:	0207ae23          	sw	zero,60(a5)
    uart->info->cb_event = NULL;
    3552:	0007a023          	sw	zero,0(a5)
    uart->info->rx_status.rx_busy = 0U;
    3556:	0007a223          	sw	zero,4(a5)
    uart->info->rx_status.rx_parity_error = 0U;
    355a:	00078423          	sb	zero,8(a5)
    uart->info->xfer.send_active = 0U;
    355e:	02078423          	sb	zero,40(a5)
    uart->info->xfer.tx_def_val = 0U;
    3562:	0207a223          	sw	zero,36(a5)
    uart->info->xfer.rx_num = 0U;
    3566:	0007a623          	sw	zero,12(a5)
    uart->info->xfer.tx_num = 0U;
    356a:	0007a823          	sw	zero,16(a5)
    uart->info->xfer.rx_buf = NULL;
    356e:	0007aa23          	sw	zero,20(a5)
    uart->info->xfer.tx_buf = NULL;
    3572:	0007ac23          	sw	zero,24(a5)
    uart->info->xfer.rx_cnt = 0U;
    3576:	0007ae23          	sw	zero,28(a5)
    uart->info->xfer.tx_cnt = 0U;
    357a:	0207a023          	sw	zero,32(a5)
    uart->info->timeout = 0U;
    357e:	04078023          	sb	zero,64(a5)
    uart->info->tx_trig_lvl = 0;
    3582:	0207a623          	sw	zero,44(a5)
    uart->info->rx_trig_lvl = 0;
    3586:	0207a823          	sw	zero,48(a5)
    uart->info->baudrate = 0U;
    358a:	0207aa23          	sw	zero,52(a5)
    uart->info->mode = 0U;
    358e:	02079c23          	sh	zero,56(a5)
    uart->info->inter_en = 0U;
    3592:	02078d23          	sb	zero,58(a5)
    return CSK_DRIVER_OK;
    3596:	8082                	ret
    CHECK_RESOURCES(res);
    3598:	556d                	li	a0,-5
}
    359a:	8082                	ret

0000359c <UART_PowerControl>:
{
    359c:	1141                	addi	sp,sp,-16
    359e:	c422                	sw	s0,8(sp)
    35a0:	c606                	sw	ra,12(sp)
    CHECK_RESOURCES(res);
    35a2:	93818713          	addi	a4,gp,-1736 # 200341e8 <uart0_resources>
    35a6:	546d                	li	s0,-5
    35a8:	04a71f63          	bne	a4,a0,3606 <UART_PowerControl+0x6a>
    switch (state)
    35ac:	4705                	li	a4,1
        return CSK_DRIVER_ERROR_UNSUPPORTED;
    35ae:	5471                	li	s0,-4
    switch (state)
    35b0:	04e58b63          	beq	a1,a4,3606 <UART_PowerControl+0x6a>
    35b4:	4709                	li	a4,2
    35b6:	04e58d63          	beq	a1,a4,3610 <UART_PowerControl+0x74>
    35ba:	4401                	li	s0,0
    35bc:	e5a9                	bnez	a1,3606 <UART_PowerControl+0x6a>
    	uart->reg->REG_CTRL.all= 0;
    35be:	490007b7          	lui	a5,0x49000
    35c2:	0007a023          	sw	zero,0(a5) # 49000000 <_sp+0x28fc8000>
    ECLIC->CTRL[IRQn].INTIE &= ~CLIC_INTIE_IE_Msk;
    35c6:	f2418793          	addi	a5,gp,-220 # 200347d4 <SystemIRegionInfo>
    35ca:	43dc                	lw	a5,4(a5)
    35cc:	6705                	lui	a4,0x1
    35ce:	97ba                	add	a5,a5,a4
    35d0:	0697c703          	lbu	a4,105(a5)
        uart->info->rx_status.rx_busy = 0U;
    35d4:	de418413          	addi	s0,gp,-540 # 20034694 <uart0_info>
    35d8:	0fe77713          	andi	a4,a4,254
    35dc:	06e784a3          	sb	a4,105(a5)
        uart->info->flags &= ~UART_FLAG_POWERED;
    35e0:	03944783          	lbu	a5,57(s0)
        uart->info->rx_status.rx_busy = 0U;
    35e4:	00042223          	sw	zero,4(s0)
        uart->info->flags &= ~UART_FLAG_POWERED;
    35e8:	9bf5                	andi	a5,a5,-3
        register_ISR(uart->irq_num, NULL, NULL);
    35ea:	4601                	li	a2,0
    35ec:	4569                	li	a0,26
        uart->info->rx_status.rx_parity_error = 0U;
    35ee:	00040423          	sb	zero,8(s0)
        uart->info->xfer.send_active = 0U;
    35f2:	02040423          	sb	zero,40(s0)
        uart->info->flags &= ~UART_FLAG_POWERED;
    35f6:	02f40ca3          	sb	a5,57(s0)
        register_ISR(uart->irq_num, NULL, NULL);
    35fa:	0e6010ef          	jal	ra,46e0 <register_ISR>
        if ((uart->info->flags & UART_FLAG_INITIALIZED) == 0U) {
    35fe:	03944403          	lbu	s0,57(s0)
    3602:	8805                	andi	s0,s0,1
    3604:	147d                	addi	s0,s0,-1
}
    3606:	40b2                	lw	ra,12(sp)
    3608:	8522                	mv	a0,s0
    360a:	4422                	lw	s0,8(sp)
    360c:	0141                	addi	sp,sp,16
    360e:	8082                	ret
        if ((uart->info->flags & UART_FLAG_INITIALIZED) == 0U) {
    3610:	de418793          	addi	a5,gp,-540 # 20034694 <uart0_info>
    3614:	0397c703          	lbu	a4,57(a5)
            return CSK_DRIVER_ERROR;
    3618:	547d                	li	s0,-1
        if ((uart->info->flags & UART_FLAG_INITIALIZED) == 0U) {
    361a:	00177693          	andi	a3,a4,1
    361e:	d6e5                	beqz	a3,3606 <UART_PowerControl+0x6a>
        if ((uart->info->flags & UART_FLAG_POWERED) != 0U) {
    3620:	8b09                	andi	a4,a4,2
            return CSK_DRIVER_OK;
    3622:	4401                	li	s0,0
        if ((uart->info->flags & UART_FLAG_POWERED) != 0U) {
    3624:	f36d                	bnez	a4,3606 <UART_PowerControl+0x6a>
        uart->reg->REG_CTRL.all= 0;
    3626:	49000737          	lui	a4,0x49000
    362a:	00072023          	sw	zero,0(a4) # 49000000 <_sp+0x28fc8000>
        register_ISR(uart->irq_num, uart->irq_handler, NULL);
    362e:	658d                	lui	a1,0x3
        uart->reg->REG_IRQ_MASK.all = 0;
    3630:	00072623          	sw	zero,12(a4)
        register_ISR(uart->irq_num, uart->irq_handler, NULL);
    3634:	4601                	li	a2,0
        uart->info->flags = UART_FLAG_POWERED | UART_FLAG_INITIALIZED;
    3636:	470d                	li	a4,3
        register_ISR(uart->irq_num, uart->irq_handler, NULL);
    3638:	26258593          	addi	a1,a1,610 # 3262 <UART0_IRQ_Handler>
    363c:	4569                	li	a0,26
        uart->info->flags = UART_FLAG_POWERED | UART_FLAG_INITIALIZED;
    363e:	02e78ca3          	sb	a4,57(a5)
        register_ISR(uart->irq_num, uart->irq_handler, NULL);
    3642:	09e010ef          	jal	ra,46e0 <register_ISR>
    ECLIC->CTRL[IRQn].INTIE |= CLIC_INTIE_IE_Msk;
    3646:	f2418793          	addi	a5,gp,-220 # 200347d4 <SystemIRegionInfo>
    364a:	43d8                	lw	a4,4(a5)
    364c:	6785                	lui	a5,0x1
    364e:	973e                	add	a4,a4,a5
    3650:	06974783          	lbu	a5,105(a4)
    3654:	0ff7f793          	zext.b	a5,a5
    3658:	0017e793          	ori	a5,a5,1
    365c:	06f704a3          	sb	a5,105(a4)
}

static inline void enable_IRQ(uint32_t irq_no)
{
    ECLIC_EnableIRQ(irq_no);
}
    3660:	b75d                	j	3606 <UART_PowerControl+0x6a>

00003662 <UART_Send>:
    CHECK_RESOURCES(res);
    3662:	93818793          	addi	a5,gp,-1736 # 200341e8 <uart0_resources>
    3666:	08a79e63          	bne	a5,a0,3702 <UART_Send+0xa0>
    366a:	556d                	li	a0,-5
    if ((data == NULL) || (num == 0U)) {
    366c:	cdc1                	beqz	a1,3704 <UART_Send+0xa2>
    366e:	ca59                	beqz	a2,3704 <UART_Send+0xa2>
    if ((uart->info->flags & UART_FLAG_CONFIGURED) == 0U) {
    3670:	de418693          	addi	a3,gp,-540 # 20034694 <uart0_info>
    3674:	0396c703          	lbu	a4,57(a3)
    3678:	de418793          	addi	a5,gp,-540 # 20034694 <uart0_info>
    367c:	00477813          	andi	a6,a4,4
        return CSK_DRIVER_ERROR;
    3680:	557d                	li	a0,-1
    if ((uart->info->flags & UART_FLAG_CONFIGURED) == 0U) {
    3682:	08080163          	beqz	a6,3704 <UART_Send+0xa2>
    if (!(uart->info->flags & UART_FLAG_DIS_TX_INT) && (uart->info->xfer.send_active != 0U)) {
    3686:	04077713          	andi	a4,a4,64
    368a:	e709                	bnez	a4,3694 <UART_Send+0x32>
    368c:	0286c683          	lbu	a3,40(a3)
        return CSK_DRIVER_ERROR_BUSY;
    3690:	5579                	li	a0,-2
    if (!(uart->info->flags & UART_FLAG_DIS_TX_INT) && (uart->info->xfer.send_active != 0U)) {
    3692:	eaad                	bnez	a3,3704 <UART_Send+0xa2>
    uart->info->xfer.send_active = 1U;
    3694:	4685                	li	a3,1
    3696:	02d78423          	sb	a3,40(a5) # 1028 <__HEAP_SIZE+0x28>
    uart->info->xfer.tx_buf = (uint8_t *) data;
    369a:	cf8c                	sw	a1,24(a5)
    uart->info->xfer.tx_num = num;
    369c:	cb90                	sw	a2,16(a5)
    uart->info->xfer.tx_cnt = 0U;
    369e:	0207a023          	sw	zero,32(a5)
                while(!uart->reg->REG_STATUS.bit.TX_FIFO_SPACE);
    36a2:	49000537          	lui	a0,0x49000
        if (!(uart->info->flags & UART_FLAG_DIS_TX_INT)) {
    36a6:	eb31                	bnez	a4,36fa <UART_Send+0x98>
            val = uart->reg->REG_STATUS.bit.TX_FIFO_SPACE;
    36a8:	49000737          	lui	a4,0x49000
    36ac:	4358                	lw	a4,4(a4)
                    hal_SendByte(uart->reg, uart->info->xfer.tx_buf[uart->info->xfer.tx_cnt]);
    36ae:	49000537          	lui	a0,0x49000
            val = uart->reg->REG_STATUS.bit.TX_FIFO_SPACE;
    36b2:	8321                	srli	a4,a4,0x8
    36b4:	8b7d                	andi	a4,a4,31
            if (val) {
    36b6:	e315                	bnez	a4,36da <UART_Send+0x78>
            uart->reg->REG_IRQ_MASK.all |= UART_TX_DATA_NEEDED;
    36b8:	49000737          	lui	a4,0x49000
    36bc:	475c                	lw	a5,12(a4)
    36be:	0047e793          	ori	a5,a5,4
    36c2:	c75c                	sw	a5,12(a4)
    return CSK_DRIVER_OK;
    36c4:	4501                	li	a0,0
    36c6:	8082                	ret
                    hal_SendByte(uart->reg, uart->info->xfer.tx_buf[uart->info->xfer.tx_cnt]);
    36c8:	00d58833          	add	a6,a1,a3
    36cc:	00084803          	lbu	a6,0(a6)
                    uart->info->xfer.tx_cnt++;
    36d0:	0685                	addi	a3,a3,1
                    hal_SendByte(uart->reg, uart->info->xfer.tx_buf[uart->info->xfer.tx_cnt]);
    36d2:	01052423          	sw	a6,8(a0) # 49000008 <_sp+0x28fc8008>
                    uart->info->xfer.tx_cnt++;
    36d6:	d394                	sw	a3,32(a5)
                while ((val--)&& (uart->info->xfer.tx_cnt != uart->info->xfer.tx_num)) {
    36d8:	d365                	beqz	a4,36b8 <UART_Send+0x56>
    36da:	5394                	lw	a3,32(a5)
    36dc:	177d                	addi	a4,a4,-1
    36de:	fec695e3          	bne	a3,a2,36c8 <UART_Send+0x66>
    36e2:	bfd9                	j	36b8 <UART_Send+0x56>
                while(!uart->reg->REG_STATUS.bit.TX_FIFO_SPACE);
    36e4:	4154                	lw	a3,4(a0)
    36e6:	82a1                	srli	a3,a3,0x8
    36e8:	8afd                	andi	a3,a3,31
    36ea:	deed                	beqz	a3,36e4 <UART_Send+0x82>
                hal_SendByte(uart->reg, uart->info->xfer.tx_buf[uart->info->xfer.tx_cnt]);
    36ec:	00e586b3          	add	a3,a1,a4
    36f0:	0006c683          	lbu	a3,0(a3)
                uart->info->xfer.tx_cnt++;
    36f4:	0705                	addi	a4,a4,1
                hal_SendByte(uart->reg, uart->info->xfer.tx_buf[uart->info->xfer.tx_cnt]);
    36f6:	c514                	sw	a3,8(a0)
                uart->info->xfer.tx_cnt++;
    36f8:	d398                	sw	a4,32(a5)
             while ((uart->info->xfer.tx_cnt < uart->info->xfer.tx_num)) {
    36fa:	5398                	lw	a4,32(a5)
    36fc:	fec764e3          	bltu	a4,a2,36e4 <UART_Send+0x82>
    3700:	b7d1                	j	36c4 <UART_Send+0x62>
    CHECK_RESOURCES(res);
    3702:	556d                	li	a0,-5
}
    3704:	8082                	ret

00003706 <UART_Receive>:
    CHECK_RESOURCES(res);
    3706:	93818793          	addi	a5,gp,-1736 # 200341e8 <uart0_resources>
    370a:	04a79863          	bne	a5,a0,375a <UART_Receive+0x54>
    370e:	556d                	li	a0,-5
    if ((data == NULL) || (num == 0U)) {
    3710:	c5b1                	beqz	a1,375c <UART_Receive+0x56>
    3712:	c629                	beqz	a2,375c <UART_Receive+0x56>
    if ((uart->info->flags & UART_FLAG_CONFIGURED) == 0U) {
    3714:	de418793          	addi	a5,gp,-540 # 20034694 <uart0_info>
    3718:	0397c703          	lbu	a4,57(a5)
        return CSK_DRIVER_ERROR;
    371c:	557d                	li	a0,-1
    if ((uart->info->flags & UART_FLAG_CONFIGURED) == 0U) {
    371e:	8b11                	andi	a4,a4,4
    3720:	cf15                	beqz	a4,375c <UART_Receive+0x56>
    if (uart->info->rx_status.rx_busy == 1U) {
    3722:	0047c683          	lbu	a3,4(a5)
    3726:	4705                	li	a4,1
        return CSK_DRIVER_ERROR_BUSY;
    3728:	5579                	li	a0,-2
    if (uart->info->rx_status.rx_busy == 1U) {
    372a:	02e68963          	beq	a3,a4,375c <UART_Receive+0x56>
    uart->info->rx_status.rx_busy = 1U;
    372e:	c3d8                	sw	a4,4(a5)
    uart->info->xfer.rx_num = num;
    3730:	c7d0                	sw	a2,12(a5)
    uart->info->rx_status.rx_parity_error = 0U;
    3732:	00078423          	sb	zero,8(a5)
    uart->info->xfer.rx_buf = (uint8_t *) data;
    3736:	cbcc                	sw	a1,20(a5)
    uart->info->xfer.rx_cnt = 0U;
    3738:	0007ae23          	sw	zero,28(a5)
    	if(uart->info->timeout) {
    373c:	0407c783          	lbu	a5,64(a5)
			uart->reg->REG_IRQ_MASK.all |= UART_RX_TIMEOUT | UART_RX_LINE_ERR | UART_RX_DATA_AVAILABLE;
    3740:	49000737          	lui	a4,0x49000
    	if(uart->info->timeout) {
    3744:	c799                	beqz	a5,3752 <UART_Receive+0x4c>
			uart->reg->REG_IRQ_MASK.all |= UART_RX_TIMEOUT | UART_RX_LINE_ERR | UART_RX_DATA_AVAILABLE;
    3746:	475c                	lw	a5,12(a4)
    3748:	01a7e793          	ori	a5,a5,26
			uart->reg->REG_IRQ_MASK.all |= UART_RX_LINE_ERR | UART_RX_DATA_AVAILABLE;
    374c:	c75c                	sw	a5,12(a4)
    return CSK_DRIVER_OK;
    374e:	4501                	li	a0,0
    3750:	8082                	ret
			uart->reg->REG_IRQ_MASK.all |= UART_RX_LINE_ERR | UART_RX_DATA_AVAILABLE;
    3752:	475c                	lw	a5,12(a4)
    3754:	0127e793          	ori	a5,a5,18
    3758:	bfd5                	j	374c <UART_Receive+0x46>
    CHECK_RESOURCES(res);
    375a:	556d                	li	a0,-5
}
    375c:	8082                	ret

0000375e <UART_GetRxCount>:
    CHECK_RESOURCES(res);
    375e:	93818793          	addi	a5,gp,-1736 # 200341e8 <uart0_resources>
    3762:	00a79563          	bne	a5,a0,376c <UART_GetRxCount+0xe>
    return uart->info->xfer.rx_cnt;
    3766:	e001a503          	lw	a0,-512(gp) # 200346b0 <uart0_info+0x1c>
    376a:	8082                	ret
    CHECK_RESOURCES(res);
    376c:	556d                	li	a0,-5
}
    376e:	8082                	ret

00003770 <UART_Control>:
    CHECK_RESOURCES(res);
    3770:	93818793          	addi	a5,gp,-1736 # 200341e8 <uart0_resources>
    3774:	2aa79a63          	bne	a5,a0,3a28 <UART_Control+0x2b8>
{    
    3778:	1101                	addi	sp,sp,-32
    377a:	cc22                	sw	s0,24(sp)
    377c:	ce06                	sw	ra,28(sp)
    377e:	ca26                	sw	s1,20(sp)
    3780:	8532                	mv	a0,a2
    if ((uart->info->flags & UART_FLAG_POWERED) == 0U) {
    3782:	de418613          	addi	a2,gp,-540 # 20034694 <uart0_info>
    3786:	03964703          	lbu	a4,57(a2)
    378a:	de418413          	addi	s0,gp,-540 # 20034694 <uart0_info>
    378e:	00277693          	andi	a3,a4,2
        return CSK_DRIVER_ERROR;
    3792:	57fd                	li	a5,-1
    if ((uart->info->flags & UART_FLAG_POWERED) == 0U) {
    3794:	ce9d                	beqz	a3,37d2 <UART_Control+0x62>
    switch (control & CSK_UART_CONTROL_Msk) {
    3796:	0ff5f693          	zext.b	a3,a1
    379a:	47e5                	li	a5,25
    379c:	84ae                	mv	s1,a1
    379e:	10f68a63          	beq	a3,a5,38b2 <UART_Control+0x142>
    37a2:	08d7e763          	bltu	a5,a3,3830 <UART_Control+0xc0>
    37a6:	47d9                	li	a5,22
    37a8:	02d7eb63          	bltu	a5,a3,37de <UART_Control+0x6e>
    37ac:	47d1                	li	a5,20
    37ae:	02d7fb63          	bgeu	a5,a3,37e4 <UART_Control+0x74>
    		if (arg) {
    37b2:	c945                	beqz	a0,3862 <UART_Control+0xf2>
    			if((control & CSK_UART_CONTROL_Msk) == CSK_UART_CONTROL_TX) {
    37b4:	4655                	li	a2,21
					uart->info->flags |= UART_FLAG_RX_ENABLED;
    37b6:	01076793          	ori	a5,a4,16
    			if((control & CSK_UART_CONTROL_Msk) == CSK_UART_CONTROL_TX) {
    37ba:	00c69463          	bne	a3,a2,37c2 <UART_Control+0x52>
    				uart->info->flags |= UART_FLAG_TX_ENABLED;
    37be:	00876793          	ori	a5,a4,8
    37c2:	02f40ca3          	sb	a5,57(s0)
    			if(!uart->reg->REG_CTRL.bit.ENABLE) {
    37c6:	490007b7          	lui	a5,0x49000
    37ca:	4398                	lw	a4,0(a5)
    37cc:	8b05                	andi	a4,a4,1
    37ce:	cb3d                	beqz	a4,3844 <UART_Control+0xd4>
			return CSK_DRIVER_OK;
    37d0:	4781                	li	a5,0
}
    37d2:	40f2                	lw	ra,28(sp)
    37d4:	4462                	lw	s0,24(sp)
    37d6:	44d2                	lw	s1,20(sp)
    37d8:	853e                	mv	a0,a5
    37da:	6105                	addi	sp,sp,32
    37dc:	8082                	ret
    switch (control & CSK_UART_CONTROL_Msk) {
    37de:	47e1                	li	a5,24
    37e0:	0cf68063          	beq	a3,a5,38a0 <UART_Control+0x130>
        switch (control & CSK_UART_Function_CONTROL_Msk) {
    37e4:	00040737          	lui	a4,0x40
    37e8:	8f65                	and	a4,a4,s1
    CHECK_RESOURCES(res);
    37ea:	57ed                	li	a5,-5
        switch (control & CSK_UART_Function_CONTROL_Msk) {
    37ec:	d37d                	beqz	a4,37d2 <UART_Control+0x62>
            	uart->reg->REG_CTRL.bit.DMA_MODE = 0;
    37ee:	490007b7          	lui	a5,0x49000
    37f2:	4398                	lw	a4,0(a5)
				uart->reg->REG_TRIGGERS.bit.TX_TRIGGER = UART_TX_TRIG_LVL;
    37f4:	75fd                	lui	a1,0xfffff
            	uart->reg->REG_CTRL.bit.DMA_MODE = 0;
    37f6:	49671713          	bclri	a4,a4,0x16
    37fa:	c398                	sw	a4,0(a5)
                uart->info->inter_en = 1;
    37fc:	4705                	li	a4,1
    37fe:	02e40d23          	sb	a4,58(s0)
				uart->reg->REG_TRIGGERS.bit.RX_TRIGGER = 0;
    3802:	4bd0                	lw	a2,20(a5)
				uart->reg->REG_TRIGGERS.bit.TX_TRIGGER = UART_TX_TRIG_LVL;
    3804:	0ff58593          	addi	a1,a1,255 # fffff0ff <_sp+0xdffc70ff>
				uart->reg->REG_TRIGGERS.bit.RX_TRIGGER = 0;
    3808:	fc067613          	andi	a2,a2,-64
    380c:	cbd0                	sw	a2,20(a5)
				uart->reg->REG_TRIGGERS.bit.TX_TRIGGER = UART_TX_TRIG_LVL;
    380e:	4bd0                	lw	a2,20(a5)
    3810:	8e6d                	and	a2,a2,a1
    3812:	28b61613          	bseti	a2,a2,0xb
    3816:	cbd0                	sw	a2,20(a5)
        switch (control & CSK_UART_CONTROL_Msk) {
    3818:	4621                	li	a2,8
    381a:	10c68b63          	beq	a3,a2,3930 <UART_Control+0x1c0>
    381e:	0ad66663          	bltu	a2,a3,38ca <UART_Control+0x15a>
    3822:	0ce68063          	beq	a3,a4,38e2 <UART_Control+0x172>
    3826:	4609                	li	a2,2
    3828:	10c68163          	beq	a3,a2,392a <UART_Control+0x1ba>
				return CSK_DRIVER_ERROR_UNSUPPORTED;
    382c:	57f1                	li	a5,-4
    382e:	b755                	j	37d2 <UART_Control+0x62>
    switch (control & CSK_UART_CONTROL_Msk) {
    3830:	02000793          	li	a5,32
    3834:	faf698e3          	bne	a3,a5,37e4 <UART_Control+0x74>
            if (arg) {
    3838:	c551                	beqz	a0,38c4 <UART_Control+0x154>
                uart->info->flags |= UART_FLAG_DIS_TX_INT;
    383a:	04076713          	ori	a4,a4,64
                uart->info->flags &= ~UART_FLAG_DIS_TX_INT;
    383e:	02e60ca3          	sb	a4,57(a2)
    3842:	b779                	j	37d0 <UART_Control+0x60>
    				uart->reg->REG_CTRL.bit.ENABLE = 1;          // enable uart
    3844:	4398                	lw	a4,0(a5)
    3846:	00176713          	ori	a4,a4,1
    384a:	c398                	sw	a4,0(a5)
    				uart->reg->REG_CMD_SET.bit.TX_FIFO_RESET = 1; // reset tx fifo
    384c:	4f98                	lw	a4,24(a5)
    384e:	08076713          	ori	a4,a4,128
    3852:	cf98                	sw	a4,24(a5)
					uart->reg->REG_CMD_SET.bit.RX_FIFO_RESET = 1; // reset rx fifo
    3854:	4f98                	lw	a4,24(a5)
    3856:	04076713          	ori	a4,a4,64
    385a:	cf98                	sw	a4,24(a5)
					uart->reg->REG_STATUS.all = 1;                    // clear line error bits
    385c:	4705                	li	a4,1
    385e:	c3d8                	sw	a4,4(a5)
    3860:	bf85                	j	37d0 <UART_Control+0x60>
				if((control & CSK_UART_CONTROL_Msk) == CSK_UART_CONTROL_TX) {
    3862:	47d5                	li	a5,21
    3864:	02f69563          	bne	a3,a5,388e <UART_Control+0x11e>
					uart->info->flags &= ~UART_FLAG_TX_ENABLED;
    3868:	9b5d                	andi	a4,a4,-9
    386a:	02e40ca3          	sb	a4,57(s0)
					uart->reg->REG_IRQ_MASK.all &= ~(UART_TX_MODEM_STATUS | UART_TX_DATA_NEEDED | UART_TX_DMA_DONE);
    386e:	49000737          	lui	a4,0x49000
    3872:	475c                	lw	a5,12(a4)
    3874:	fda7f793          	andi	a5,a5,-38
					uart->reg->REG_IRQ_MASK.all &= ~(UART_RX_DATA_AVAILABLE | UART_RX_TIMEOUT
    3878:	c75c                	sw	a5,12(a4)
				if((uart->info->flags & (UART_FLAG_TX_ENABLED | UART_FLAG_RX_ENABLED)) == 0) {
    387a:	03944783          	lbu	a5,57(s0)
    387e:	8be1                	andi	a5,a5,24
    3880:	fba1                	bnez	a5,37d0 <UART_Control+0x60>
					uart->reg->REG_CTRL.bit.ENABLE = 0;
    3882:	49000737          	lui	a4,0x49000
    3886:	431c                	lw	a5,0(a4)
    3888:	9bf9                	andi	a5,a5,-2
    388a:	c31c                	sw	a5,0(a4)
    388c:	b791                	j	37d0 <UART_Control+0x60>
					uart->info->flags &= ~UART_FLAG_RX_ENABLED;
    388e:	9b3d                	andi	a4,a4,-17
    3890:	02e40ca3          	sb	a4,57(s0)
					uart->reg->REG_IRQ_MASK.all &= ~(UART_RX_DATA_AVAILABLE | UART_RX_TIMEOUT
    3894:	49000737          	lui	a4,0x49000
    3898:	475c                	lw	a5,12(a4)
    389a:	f257f793          	andi	a5,a5,-219
    389e:	bfe9                	j	3878 <UART_Control+0x108>
			uart->reg->REG_IRQ_MASK.all &= ~(UART_TX_MODEM_STATUS | UART_TX_DATA_NEEDED | UART_TX_DMA_DONE);
    38a0:	49000737          	lui	a4,0x49000
    38a4:	475c                	lw	a5,12(a4)
    38a6:	fda7f793          	andi	a5,a5,-38
    38aa:	c75c                	sw	a5,12(a4)
			uart->info->xfer.send_active = 0U;
    38ac:	02060423          	sb	zero,40(a2)
			return CSK_DRIVER_OK;
    38b0:	b705                	j	37d0 <UART_Control+0x60>
			uart->reg->REG_IRQ_MASK.all &= ~(UART_RX_DATA_AVAILABLE | UART_RX_TIMEOUT
    38b2:	49000737          	lui	a4,0x49000
    38b6:	475c                	lw	a5,12(a4)
    38b8:	f257f793          	andi	a5,a5,-219
    38bc:	c75c                	sw	a5,12(a4)
			uart->info->rx_status.rx_busy = 0U;
    38be:	00060223          	sb	zero,4(a2)
			return CSK_DRIVER_OK;
    38c2:	b739                	j	37d0 <UART_Control+0x60>
                uart->info->flags &= ~UART_FLAG_DIS_TX_INT;
    38c4:	fbf77713          	andi	a4,a4,-65
    38c8:	bf9d                	j	383e <UART_Control+0xce>
        switch (control & CSK_UART_CONTROL_Msk) {
    38ca:	4641                	li	a2,16
    38cc:	f6c690e3          	bne	a3,a2,382c <UART_Control+0xbc>
				uart->info->half_duplex = 1;
    38d0:	04e400a3          	sb	a4,65(s0)
				uart->reg->REG_CTRL.bit.HDSEL = 0x1;
    38d4:	4394                	lw	a3,0(a5)
    38d6:	29a69693          	bseti	a3,a3,0x1a
    38da:	c394                	sw	a3,0(a5)
				uart->info->timeout = 1;
    38dc:	04e40023          	sb	a4,64(s0)
        if(mode) {
    38e0:	a039                	j	38ee <UART_Control+0x17e>
				uart->info->timeout = 0;
    38e2:	04041023          	sh	zero,64(s0)
				uart->reg->REG_CTRL.bit.HDSEL = 0x0;
    38e6:	4398                	lw	a4,0(a5)
    38e8:	49a71713          	bclri	a4,a4,0x1a
    38ec:	c398                	sw	a4,0(a5)
			if(uart_compute_div(arg, &m, &n, &div) < 0) {
    38ee:	0074                	addi	a3,sp,12
    38f0:	0030                	addi	a2,sp,8
    38f2:	004c                	addi	a1,sp,4
    38f4:	ba3ff0ef          	jal	ra,3496 <uart_compute_div>
    38f8:	f2054ae3          	bltz	a0,382c <UART_Control+0xbc>
			if(div == 16) {
    38fc:	4732                	lw	a4,12(sp)
    38fe:	47c1                	li	a5,16
    3900:	04f71063          	bne	a4,a5,3940 <UART_Control+0x1d0>
        		uart->reg->REG_CTRL.bit.DIVISOR_MODE = 1;  //0: sclk/4; 1: sclk/16
    3904:	49000737          	lui	a4,0x49000
    3908:	431c                	lw	a5,0(a4)
    390a:	29479793          	bseti	a5,a5,0x14
        		uart->reg->REG_CTRL.bit.DIVISOR_MODE = 0;
    390e:	c31c                	sw	a5,0(a4)
        		HAL_CRM_SetUart0ClkDiv(n, m);
    3910:	4592                	lw	a1,4(sp)
    3912:	4522                	lw	a0,8(sp)
    3914:	b9aff0ef          	jal	ra,2cae <HAL_CRM_SetUart0ClkDiv>
    switch (control & CSK_UART_DATA_BITS_Msk) {
    3918:	7004f793          	andi	a5,s1,1792
    391c:	c7ad                	beqz	a5,3986 <UART_Control+0x216>
    391e:	70000713          	li	a4,1792
    3922:	02e78563          	beq	a5,a4,394c <UART_Control+0x1dc>
    3926:	57dd                	li	a5,-9
    3928:	b56d                	j	37d2 <UART_Control+0x62>
				uart->info->timeout = 1;
    392a:	04e41023          	sh	a4,64(s0)
    392e:	bf65                	j	38e6 <UART_Control+0x176>
				uart->info->timeout = 0;
    3930:	10000713          	li	a4,256
    3934:	04e41023          	sh	a4,64(s0)
				uart->reg->REG_CTRL.bit.HDSEL = 0x1;
    3938:	4398                	lw	a4,0(a5)
    393a:	29a71713          	bseti	a4,a4,0x1a
    393e:	b77d                	j	38ec <UART_Control+0x17c>
        		uart->reg->REG_CTRL.bit.DIVISOR_MODE = 0;
    3940:	49000737          	lui	a4,0x49000
    3944:	431c                	lw	a5,0(a4)
    3946:	49479793          	bclri	a5,a5,0x14
    394a:	b7d1                	j	390e <UART_Control+0x19e>
			uart->reg->REG_CTRL.bit.DATA_BITS = 0;
    394c:	49000737          	lui	a4,0x49000
    3950:	431c                	lw	a5,0(a4)
    3952:	9bf5                	andi	a5,a5,-3
			uart->reg->REG_CTRL.bit.DATA_BITS = 1;
    3954:	c31c                	sw	a5,0(a4)
    switch (control & CSK_UART_PARITY_Msk) {
    3956:	670d                	lui	a4,0x3
    3958:	8f65                	and	a4,a4,s1
    395a:	6785                	lui	a5,0x1
    395c:	02f70b63          	beq	a4,a5,3992 <UART_Control+0x222>
    3960:	6789                	lui	a5,0x2
    3962:	04f70463          	beq	a4,a5,39aa <UART_Control+0x23a>
    3966:	57d9                	li	a5,-10
    3968:	e60715e3          	bnez	a4,37d2 <UART_Control+0x62>
			uart->reg->REG_CTRL.bit.PARITY_ENABLE = 0;
    396c:	49000737          	lui	a4,0x49000
    3970:	431c                	lw	a5,0(a4)
    3972:	9bdd                	andi	a5,a5,-9
			uart->reg->REG_CTRL.bit.PARITY_SELECT = 1;
    3974:	c31c                	sw	a5,0(a4)
    switch (control & CSK_UART_STOP_BITS_Msk) {
    3976:	67b1                	lui	a5,0xc
    3978:	8fe5                	and	a5,a5,s1
    397a:	c3b9                	beqz	a5,39c0 <UART_Control+0x250>
    397c:	6711                	lui	a4,0x4
    397e:	04e78e63          	beq	a5,a4,39da <UART_Control+0x26a>
    3982:	57d5                	li	a5,-11
    3984:	b5b9                	j	37d2 <UART_Control+0x62>
			uart->reg->REG_CTRL.bit.DATA_BITS = 1;
    3986:	49000737          	lui	a4,0x49000
    398a:	431c                	lw	a5,0(a4)
    398c:	0027e793          	ori	a5,a5,2
    3990:	b7d1                	j	3954 <UART_Control+0x1e4>
			uart->reg->REG_CTRL.bit.PARITY_ENABLE = 1;
    3992:	49000737          	lui	a4,0x49000
    3996:	431c                	lw	a5,0(a4)
    3998:	0087e793          	ori	a5,a5,8
    399c:	c31c                	sw	a5,0(a4)
			uart->reg->REG_CTRL.bit.PARITY_SELECT = 1;
    399e:	431c                	lw	a5,0(a4)
    39a0:	fcf7f793          	andi	a5,a5,-49
    39a4:	0107e793          	ori	a5,a5,16
    39a8:	b7f1                	j	3974 <UART_Control+0x204>
			uart->reg->REG_CTRL.bit.PARITY_ENABLE = 1;
    39aa:	490007b7          	lui	a5,0x49000
    39ae:	4398                	lw	a4,0(a5)
    39b0:	00876713          	ori	a4,a4,8
    39b4:	c398                	sw	a4,0(a5)
			uart->reg->REG_CTRL.bit.PARITY_SELECT = 0;
    39b6:	4398                	lw	a4,0(a5)
    39b8:	fcf77713          	andi	a4,a4,-49
    39bc:	c398                	sw	a4,0(a5)
			break;
    39be:	bf65                	j	3976 <UART_Control+0x206>
			uart->reg->REG_CTRL.bit.TX_STOP_BITS = 0;
    39c0:	49000737          	lui	a4,0x49000
    39c4:	431c                	lw	a5,0(a4)
    39c6:	9bed                	andi	a5,a5,-5
			uart->reg->REG_CTRL.bit.TX_STOP_BITS = 1;
    39c8:	c31c                	sw	a5,0(a4)
        switch (control & CSK_UART_FLOW_CONTROL_Msk) {
    39ca:	000307b7          	lui	a5,0x30
    39ce:	8cfd                	and	s1,s1,a5
    39d0:	c899                	beqz	s1,39e6 <UART_Control+0x276>
    39d2:	02f48b63          	beq	s1,a5,3a08 <UART_Control+0x298>
    39d6:	57d1                	li	a5,-12
    39d8:	bbed                	j	37d2 <UART_Control+0x62>
			uart->reg->REG_CTRL.bit.TX_STOP_BITS = 1;
    39da:	49000737          	lui	a4,0x49000
    39de:	431c                	lw	a5,0(a4)
    39e0:	0047e793          	ori	a5,a5,4
    39e4:	b7d5                	j	39c8 <UART_Control+0x258>
				uart->reg->REG_CTRL.bit.AUTO_FLOW_CONTROL = 0;
    39e6:	490007b7          	lui	a5,0x49000
    39ea:	4398                	lw	a4,0(a5)
    39ec:	49771713          	bclri	a4,a4,0x17
    39f0:	c398                	sw	a4,0(a5)
				uart->reg->REG_CMD_CLR.bit.RX_CPU_RTS = 1;
    39f2:	4fd8                	lw	a4,28(a5)
    39f4:	02076713          	ori	a4,a4,32
    39f8:	cfd8                	sw	a4,28(a5)
    uart->info->flags |= UART_FLAG_CONFIGURED;
    39fa:	03944783          	lbu	a5,57(s0)
    39fe:	0047e793          	ori	a5,a5,4
    3a02:	02f40ca3          	sb	a5,57(s0)
    return CSK_DRIVER_OK;
    3a06:	b3e9                	j	37d0 <UART_Control+0x60>
				uart->reg->REG_CTRL.bit.AUTO_FLOW_CONTROL = 1;
    3a08:	490007b7          	lui	a5,0x49000
    3a0c:	4398                	lw	a4,0(a5)
				uart->reg->REG_TRIGGERS.bit.AFC_LEVEL = 63;
    3a0e:	003f06b7          	lui	a3,0x3f0
				uart->reg->REG_CTRL.bit.AUTO_FLOW_CONTROL = 1;
    3a12:	29771713          	bseti	a4,a4,0x17
    3a16:	c398                	sw	a4,0(a5)
				uart->reg->REG_CMD_SET.bit.RX_RTS = 1;
    3a18:	4f98                	lw	a4,24(a5)
    3a1a:	02076713          	ori	a4,a4,32
    3a1e:	cf98                	sw	a4,24(a5)
				uart->reg->REG_TRIGGERS.bit.AFC_LEVEL = 63;
    3a20:	4bd8                	lw	a4,20(a5)
    3a22:	8f55                	or	a4,a4,a3
    3a24:	cbd8                	sw	a4,20(a5)
				break;
    3a26:	bfd1                	j	39fa <UART_Control+0x28a>
    CHECK_RESOURCES(res);
    3a28:	57ed                	li	a5,-5
}
    3a2a:	853e                	mv	a0,a5
    3a2c:	8082                	ret

00003a2e <UART_GetStatus>:
    CHECK_RESOURCES(res);
    3a2e:	93818793          	addi	a5,gp,-1736 # 200341e8 <uart0_resources>
    3a32:	04a79d63          	bne	a5,a0,3a8c <UART_GetStatus+0x5e>
    stat->rx_busy = uart->info->rx_status.rx_busy;
    3a36:	de418713          	addi	a4,gp,-540 # 20034694 <uart0_info>
    stat->tx_busy = uart->reg->REG_STATUS.bit.TX_ACTIVE;
    3a3a:	00474683          	lbu	a3,4(a4) # 49000004 <_sp+0x28fc8004>
    3a3e:	490007b7          	lui	a5,0x49000
    3a42:	43dc                	lw	a5,4(a5)
    3a44:	0686                	slli	a3,a3,0x1
    3a46:	8a89                	andi	a3,a3,2
    3a48:	48e7d793          	bexti	a5,a5,0xe
    3a4c:	8fd5                	or	a5,a5,a3
    3a4e:	00574683          	lbu	a3,5(a4)
    return CSK_DRIVER_OK;
    3a52:	4501                	li	a0,0
    stat->tx_busy = uart->reg->REG_STATUS.bit.TX_ACTIVE;
    3a54:	068e                	slli	a3,a3,0x3
    3a56:	8aa1                	andi	a3,a3,8
    3a58:	8fd5                	or	a5,a5,a3
    3a5a:	00674683          	lbu	a3,6(a4)
    3a5e:	0692                	slli	a3,a3,0x4
    3a60:	8ac1                	andi	a3,a3,16
    3a62:	8fd5                	or	a5,a5,a3
    3a64:	00774683          	lbu	a3,7(a4)
    3a68:	00874703          	lbu	a4,8(a4)
    3a6c:	0696                	slli	a3,a3,0x5
    3a6e:	0206f693          	andi	a3,a3,32
    3a72:	071a                	slli	a4,a4,0x6
    3a74:	8fd5                	or	a5,a5,a3
    3a76:	04077713          	andi	a4,a4,64
    3a7a:	8fd9                	or	a5,a5,a4
    3a7c:	0005c703          	lbu	a4,0(a1)
    3a80:	f8077713          	andi	a4,a4,-128
    3a84:	8fd9                	or	a5,a5,a4
    3a86:	00f58023          	sb	a5,0(a1)
    return CSK_DRIVER_OK;
    3a8a:	8082                	ret
    CHECK_RESOURCES(res);
    3a8c:	556d                	li	a0,-5
}
    3a8e:	8082                	ret

00003a90 <flash_init>:
static int mxic_wr_en(FLASH_DEV *dev);
static int mxic_wr_rdy(FLASH_DEV *dev);

// udx: user defined
_EXT_RAM int flash_init(FLASH_DEV *dev, unsigned char ud0, unsigned char ud1)
{
    3a90:	1141                	addi	sp,sp,-16
    3a92:	c422                	sw	s0,8(sp)
	int ret;

	dev->w_protect = true;
    3a94:	4785                	li	a5,1
{
    3a96:	c606                	sw	ra,12(sp)
	dev->w_protect = true;
    3a98:	00f503a3          	sb	a5,7(a0)
	if(dev->timeout == 0) {
    3a9c:	451c                	lw	a5,8(a0)
{
    3a9e:	842a                	mv	s0,a0
	if(dev->timeout == 0) {
    3aa0:	e791                	bnez	a5,3aac <flash_init+0x1c>
		dev->timeout = FLASH_RETRY_TIMES;
    3aa2:	001b77b7          	lui	a5,0x1b7
    3aa6:	74078793          	addi	a5,a5,1856 # 1b7740 <_data_lma+0x1b2a00>
    3aaa:	c51c                	sw	a5,8(a0)
	}
	if(RUN_WITHOUT_INT == dev->run_mod) {
    3aac:	00644783          	lbu	a5,6(s0)
    3ab0:	e399                	bnez	a5,3ab6 <flash_init+0x26>
 * \remarks
 *          Can only be executed in Privileged modes.
 */
__STATIC_FORCEINLINE void __disable_irq(void)
{
    __RV_CSR_CLEAR(CSR_MSTATUS, MSTATUS_MIE);
    3ab2:	30047073          	csrci	mstatus,8
		disable_GINT();
	}

	ret = platform_init(dev, ud0, ud1);
    3ab6:	8522                	mv	a0,s0
    3ab8:	7ea000ef          	jal	ra,42a2 <platform_init>
	if(RUN_WITHOUT_INT == dev->run_mod) {
    3abc:	00644783          	lbu	a5,6(s0)
    3ac0:	e399                	bnez	a5,3ac6 <flash_init+0x36>
    __RV_CSR_SET(CSR_MSTATUS, MSTATUS_MIE);
    3ac2:	30046073          	csrsi	mstatus,8
		enable_GINT();
	}

	return ret;
}
    3ac6:	40b2                	lw	ra,12(sp)
    3ac8:	4422                	lw	s0,8(sp)
    3aca:	0141                	addi	sp,sp,16
    3acc:	8082                	ret

00003ace <flash_write_protection_set>:

_FAST_FUNC_RO int flash_write_protection_set(FLASH_DEV *dev, bool enable)
{
	int ret = -1;

	if(dev) {
    3ace:	c509                	beqz	a0,3ad8 <flash_write_protection_set+0xa>
		((FLASH_DEV *)dev)->w_protect = enable;
    3ad0:	00b503a3          	sb	a1,7(a0)
		    outw(FLASHCACHE_BASE, 0x40);
            outw(FLASHCACHE_BASE, 0x41);
            while(!(inw(FLASHCACHE_BASE + 0x4)&0x2));
		}
#endif
		ret = 0;
    3ad4:	4501                	li	a0,0
    3ad6:	8082                	ret
	int ret = -1;
    3ad8:	557d                	li	a0,-1
	}
	return ret;
}
    3ada:	8082                	ret

00003adc <spirom_prepare_cmd>:
}

_EXT_RAM unsigned int spirom_prepare_cmd(unsigned int cmd, unsigned int addr)
{
    unsigned int b0 = (cmd & 0xff);
    unsigned int b1 = (((addr >> 16) & 0xff) << 8);
    3adc:	0105d793          	srli	a5,a1,0x10
    3ae0:	6741                	lui	a4,0x10
    3ae2:	177d                	addi	a4,a4,-1
    3ae4:	07a2                	slli	a5,a5,0x8
    3ae6:	8ff9                	and	a5,a5,a4
    unsigned int b0 = (cmd & 0xff);
    3ae8:	0ff57513          	zext.b	a0,a0
    unsigned int b2 = (((addr >> 8) & 0xff) << 16);
    unsigned int b3 = ((addr & 0xff) << 24);
    3aec:	01859713          	slli	a4,a1,0x18
    unsigned int word = (b0 | b1 | b2 | b3);
    3af0:	8d59                	or	a0,a0,a4
    3af2:	8d5d                	or	a0,a0,a5
    unsigned int b2 = (((addr >> 8) & 0xff) << 16);
    3af4:	05a2                	slli	a1,a1,0x8
    3af6:	00ff07b7          	lui	a5,0xff0
    3afa:	8dfd                	and	a1,a1,a5
    return word;
}
    3afc:	8d4d                	or	a0,a0,a1
    3afe:	8082                	ret

00003b00 <spirom_cmd_send>:

_EXT_RAM int
spirom_cmd_send(FLASH_DEV *dev, unsigned int cmd, unsigned int addr, unsigned int bytes, unsigned int* pdata, unsigned int* Retdata)
{
    3b00:	715d                	addi	sp,sp,-80
    3b02:	c2a6                	sw	s1,68(sp)
    unsigned int spib_dctrl;
    unsigned int op_addr, op;
    unsigned int data = 0;
    unsigned int spib_busy = 0;
    unsigned long spib_rx_empty = 0, base = dev->base_addr;
    3b04:	4104                	lw	s1,0(a0)
{
    3b06:	dc52                	sw	s4,56(sp)
    3b08:	8a2a                	mv	s4,a0
    /*-- wait if there is active transaction --*/
    spib_busy = spib_wait_spi(base);
    3b0a:	8526                	mv	a0,s1
{
    3b0c:	c4a2                	sw	s0,72(sp)
    3b0e:	c0ca                	sw	s2,64(sp)
    3b10:	de4e                	sw	s3,60(sp)
    3b12:	da56                	sw	s5,52(sp)
    3b14:	d85a                	sw	s6,48(sp)
    3b16:	c686                	sw	ra,76(sp)
    3b18:	d65e                	sw	s7,44(sp)
    3b1a:	d462                	sw	s8,40(sp)
    3b1c:	842e                	mv	s0,a1
    3b1e:	8932                	mv	s2,a2
    3b20:	89b6                	mv	s3,a3
    3b22:	8b3a                	mv	s6,a4
    3b24:	8abe                	mv	s5,a5
    spib_busy = spib_wait_spi(base);
    3b26:	1a9000ef          	jal	ra,44ce <spib_wait_spi>
    if(spib_busy != 0) {
    3b2a:	c119                	beqz	a0,3b30 <spirom_cmd_send+0x30>
        return -1;
    }
    /*-- clear tx/rx fifo --*/
    spib_clr_fifo(base);
    3b2c:	557d                	li	a0,-1
    3b2e:	a88d                	j	3ba0 <spirom_cmd_send+0xa0>
    3b30:	8526                	mv	a0,s1
    3b32:	1d3000ef          	jal	ra,4504 <spib_clr_fifo>

    /*-- prepare opcode and address --*/
    switch(cmd) {
    3b36:	47f1                	li	a5,28
    3b38:	fe87eae3          	bltu	a5,s0,3b2c <spirom_cmd_send+0x2c>
    3b3c:	95818793          	addi	a5,gp,-1704 # 20034208 <uart0_resources+0x20>
    3b40:	20f447b3          	sh2add	a5,s0,a5
    3b44:	439c                	lw	a5,0(a5)
    3b46:	8782                	jr	a5
    case SPIROM_CMD_READ:
    	if(dev->d_width == 4) {
    3b48:	004a4c03          	lbu	s8,4(s4)
    3b4c:	4b91                	li	s7,4
			spib_dctrl = spib_prepare_dctrl2(0x1, 0x1, SPIB_TM_DY_RD, 0, 1, bytes - 1, 1, 2, 1);
    3b4e:	fff98793          	addi	a5,s3,-1
    	if(dev->d_width == 4) {
    3b52:	077c1363          	bne	s8,s7,3bb8 <spirom_cmd_send+0xb8>
			spib_dctrl = spib_prepare_dctrl2(0x1, 0x1, SPIB_TM_DY_RD, 0, 1, bytes - 1, 1, 2, 1);
    3b56:	4705                	li	a4,1
    3b58:	4585                	li	a1,1
    3b5a:	c03a                	sw	a4,0(sp)
    3b5c:	4889                	li	a7,2
    3b5e:	4805                	li	a6,1
    3b60:	4681                	li	a3,0
    3b62:	4625                	li	a2,9
    3b64:	4505                	li	a0,1
    3b66:	0f7000ef          	jal	ra,445c <spib_prepare_dctrl2>
			op = dev->addr_bytes == 4 ? SPIROM_OP_QFAST_READA4 : SPIROM_OP_QFAST_READ;
    3b6a:	00ca4783          	lbu	a5,12(s4)
    3b6e:	0ec00593          	li	a1,236
    3b72:	01878463          	beq	a5,s8,3b7a <spirom_cmd_send+0x7a>
    3b76:	0eb00593          	li	a1,235
    		op = dev->addr_bytes == 4 ? SPIROM_OP_DFAST_READA4 : SPIROM_OP_DFAST_READ;
    	} else {
    		spib_dctrl = spib_prepare_dctrl2(0x1, 0x1, SPIB_TM_DY_RD, 0, 0, bytes - 1, 0, 0, 0);
    		op = dev->addr_bytes == 4 ? SPIROM_OP_FAST_READA4 : SPIROM_OP_FAST_READ;
    	}
    	spib_exe_cmmd2(base, op, addr, spib_dctrl);
    3b7a:	86aa                	mv	a3,a0
    3b7c:	864a                	mv	a2,s2
    3b7e:	8526                	mv	a0,s1
    3b80:	199000ef          	jal	ra,4518 <spib_exe_cmmd2>
		spib_rx_data(base, pdata, bytes);
    3b84:	864e                	mv	a2,s3
    3b86:	85da                	mv	a1,s6
    3b88:	8526                	mv	a0,s1
    3b8a:	197000ef          	jal	ra,4520 <spib_rx_data>
    unsigned long spib_rx_empty = 0, base = dev->base_addr;
    3b8e:	8922                	mv	s2,s0
	default:
    	printf("spirom_cmd_send: wrong cmd\n");
		return -1;
    	break;
    }
	spib_busy = spib_wait_spi(base);
    3b90:	8526                	mv	a0,s1
    3b92:	13d000ef          	jal	ra,44ce <spib_wait_spi>
    //errors
    if(spib_busy || spib_rx_empty) {
    3b96:	00a96533          	or	a0,s2,a0
    3b9a:	f949                	bnez	a0,3b2c <spirom_cmd_send+0x2c>
    	return -1;
    }
    *Retdata = data;
    3b9c:	008aa023          	sw	s0,0(s5)
    return 0;
}
    3ba0:	40b6                	lw	ra,76(sp)
    3ba2:	4426                	lw	s0,72(sp)
    3ba4:	4496                	lw	s1,68(sp)
    3ba6:	4906                	lw	s2,64(sp)
    3ba8:	59f2                	lw	s3,60(sp)
    3baa:	5a62                	lw	s4,56(sp)
    3bac:	5ad2                	lw	s5,52(sp)
    3bae:	5b42                	lw	s6,48(sp)
    3bb0:	5bb2                	lw	s7,44(sp)
    3bb2:	5c22                	lw	s8,40(sp)
    3bb4:	6161                	addi	sp,sp,80
    3bb6:	8082                	ret
    	} else if(dev->d_width == 2) {
    3bb8:	4709                	li	a4,2
    		spib_dctrl = spib_prepare_dctrl2(0x1, 0x1, SPIB_TM_DY_RD, 0, 0, bytes - 1, 1, 1, 0);
    3bba:	c002                	sw	zero,0(sp)
    	} else if(dev->d_width == 2) {
    3bbc:	02ec1463          	bne	s8,a4,3be4 <spirom_cmd_send+0xe4>
    		spib_dctrl = spib_prepare_dctrl2(0x1, 0x1, SPIB_TM_DY_RD, 0, 0, bytes - 1, 1, 1, 0);
    3bc0:	4585                	li	a1,1
    3bc2:	4885                	li	a7,1
    3bc4:	4805                	li	a6,1
    3bc6:	4701                	li	a4,0
    3bc8:	4681                	li	a3,0
    3bca:	4625                	li	a2,9
    3bcc:	4505                	li	a0,1
    3bce:	08f000ef          	jal	ra,445c <spib_prepare_dctrl2>
    		op = dev->addr_bytes == 4 ? SPIROM_OP_DFAST_READA4 : SPIROM_OP_DFAST_READ;
    3bd2:	00ca4783          	lbu	a5,12(s4)
    3bd6:	0bc00593          	li	a1,188
    3bda:	fb7780e3          	beq	a5,s7,3b7a <spirom_cmd_send+0x7a>
    3bde:	0bb00593          	li	a1,187
    3be2:	bf61                	j	3b7a <spirom_cmd_send+0x7a>
    		spib_dctrl = spib_prepare_dctrl2(0x1, 0x1, SPIB_TM_DY_RD, 0, 0, bytes - 1, 0, 0, 0);
    3be4:	4585                	li	a1,1
    3be6:	4881                	li	a7,0
    3be8:	4801                	li	a6,0
    3bea:	4701                	li	a4,0
    3bec:	4681                	li	a3,0
    3bee:	4625                	li	a2,9
    3bf0:	4505                	li	a0,1
    3bf2:	06b000ef          	jal	ra,445c <spib_prepare_dctrl2>
    		op = dev->addr_bytes == 4 ? SPIROM_OP_FAST_READA4 : SPIROM_OP_FAST_READ;
    3bf6:	00ca4783          	lbu	a5,12(s4)
    3bfa:	45b1                	li	a1,12
    3bfc:	f7778fe3          	beq	a5,s7,3b7a <spirom_cmd_send+0x7a>
    3c00:	45ad                	li	a1,11
    3c02:	bfa5                	j	3b7a <spirom_cmd_send+0x7a>
		spib_dctrl = spib_prepare_dctrl(0x0, 0x0, SPIB_TM_WRonly, 0, 0, 0);
    3c04:	4605                	li	a2,1
    3c06:	4581                	li	a1,0
    3c08:	4781                	li	a5,0
    3c0a:	4701                	li	a4,0
    3c0c:	4681                	li	a3,0
    3c0e:	4501                	li	a0,0
    3c10:	7fe000ef          	jal	ra,440e <spib_prepare_dctrl>
    3c14:	862a                	mv	a2,a0
		spib_exe_cmmd(base, op_addr, spib_dctrl);
    3c16:	4599                	li	a1,6
    	spib_exe_cmmd(base, op, spib_dctrl);
    3c18:	8526                	mv	a0,s1
    3c1a:	0f5000ef          	jal	ra,450e <spib_exe_cmmd>
    3c1e:	a0c5                	j	3cfe <spirom_cmd_send+0x1fe>
		spib_dctrl = spib_prepare_dctrl(0x0, 0x0, SPIB_TM_WRonly, 0, 0, 0);
    3c20:	4605                	li	a2,1
    3c22:	4581                	li	a1,0
    3c24:	4781                	li	a5,0
    3c26:	4701                	li	a4,0
    3c28:	4681                	li	a3,0
    3c2a:	4501                	li	a0,0
    3c2c:	7e2000ef          	jal	ra,440e <spib_prepare_dctrl>
    3c30:	862a                	mv	a2,a0
		spib_exe_cmmd(base, op_addr, spib_dctrl);
    3c32:	4591                	li	a1,4
    3c34:	b7d5                	j	3c18 <spirom_cmd_send+0x118>
    	op = dev->addr_bytes == 4 ? SPIROM_OP_SEA4 : SPIROM_OP_SE;
    3c36:	00ca4703          	lbu	a4,12(s4)
    3c3a:	4791                	li	a5,4
    3c3c:	02100413          	li	s0,33
    3c40:	00f70463          	beq	a4,a5,3c48 <spirom_cmd_send+0x148>
    3c44:	02000413          	li	s0,32
		spib_dctrl = spib_prepare_dctrl2(0x1, 0x1, SPIB_TM_NONE, 0, 0, 0, 0, 0, 0);
    3c48:	4681                	li	a3,0
    3c4a:	461d                	li	a2,7
    3c4c:	4585                	li	a1,1
    3c4e:	c002                	sw	zero,0(sp)
    3c50:	4881                	li	a7,0
    3c52:	4801                	li	a6,0
    3c54:	4781                	li	a5,0
    3c56:	4701                	li	a4,0
    3c58:	4505                	li	a0,1
    3c5a:	003000ef          	jal	ra,445c <spib_prepare_dctrl2>
    3c5e:	86aa                	mv	a3,a0
		spib_exe_cmmd2(base, op, addr, spib_dctrl);
    3c60:	864a                	mv	a2,s2
    3c62:	85a2                	mv	a1,s0
		spib_exe_cmmd2(base, op, addr, spib_dctrl);
    3c64:	8526                	mv	a0,s1
    3c66:	0b3000ef          	jal	ra,4518 <spib_exe_cmmd2>
    	break;
    3c6a:	a851                	j	3cfe <spirom_cmd_send+0x1fe>
    	op = dev->addr_bytes == 4 ? SPIROM_OP_BEA4 : SPIROM_OP_BE;
    3c6c:	00ca4703          	lbu	a4,12(s4)
    3c70:	4791                	li	a5,4
    3c72:	05c00413          	li	s0,92
    3c76:	fcf709e3          	beq	a4,a5,3c48 <spirom_cmd_send+0x148>
    3c7a:	05200413          	li	s0,82
		spib_dctrl = spib_prepare_dctrl2(0x1, 0x1, SPIB_TM_NONE, 0, 0, 0, 0, 0, 0);
    3c7e:	b7e9                	j	3c48 <spirom_cmd_send+0x148>
    	op = dev->addr_bytes == 4 ? SPIROM_OP_BE2A4 : SPIROM_OP_BE2;
    3c80:	00ca4703          	lbu	a4,12(s4)
    3c84:	4791                	li	a5,4
    3c86:	0dc00413          	li	s0,220
    3c8a:	faf70fe3          	beq	a4,a5,3c48 <spirom_cmd_send+0x148>
    3c8e:	0d800413          	li	s0,216
    3c92:	bf5d                	j	3c48 <spirom_cmd_send+0x148>
    	op_addr = spirom_prepare_cmd(SPIROM_OP_PE, addr);
    3c94:	85ca                	mv	a1,s2
    3c96:	08100513          	li	a0,129
    	op_addr = spirom_prepare_cmd(SPIROM_OP_SBULK, addr);
    3c9a:	e43ff0ef          	jal	ra,3adc <spirom_prepare_cmd>
    3c9e:	842a                	mv	s0,a0
		spib_dctrl = spib_prepare_dctrl(0x0, 0x0, SPIB_TM_WRonly, 3, 0, 0);
    3ca0:	4605                	li	a2,1
    3ca2:	4581                	li	a1,0
    3ca4:	4781                	li	a5,0
    3ca6:	4701                	li	a4,0
    3ca8:	468d                	li	a3,3
    3caa:	4501                	li	a0,0
    3cac:	762000ef          	jal	ra,440e <spib_prepare_dctrl>
    3cb0:	862a                	mv	a2,a0
		spib_exe_cmmd(base, op_addr, spib_dctrl);
    3cb2:	85a2                	mv	a1,s0
    3cb4:	b795                	j	3c18 <spirom_cmd_send+0x118>
    	if(dev->d_width == 4) {
    3cb6:	004a4603          	lbu	a2,4(s4)
    3cba:	4791                	li	a5,4
    	op = dev->addr_bytes == 4 ? SPIROM_OP_SEA4 : SPIROM_OP_SE;
    3cbc:	00ca4703          	lbu	a4,12(s4)
    3cc0:	fff98693          	addi	a3,s3,-1
    	if(dev->d_width == 4) {
    3cc4:	04f61063          	bne	a2,a5,3d04 <spirom_cmd_send+0x204>
    		op = dev->addr_bytes == 4 ? SPIROM_OP_QPPA4 : SPIROM_OP_QPP;
    3cc8:	03400413          	li	s0,52
    3ccc:	00c70463          	beq	a4,a2,3cd4 <spirom_cmd_send+0x1d4>
    3cd0:	03200413          	li	s0,50
    		spib_dctrl = spib_prepare_dctrl2(0x1, 0x1, SPIB_TM_WRonly, bytes - 1, 0, 0, 0, 2, 0);
    3cd4:	c002                	sw	zero,0(sp)
    3cd6:	4889                	li	a7,2
    		spib_dctrl = spib_prepare_dctrl2(0x1, 0x1, SPIB_TM_WRonly, bytes - 1, 0, 0, 0, 0, 0);
    3cd8:	4605                	li	a2,1
    3cda:	4585                	li	a1,1
    3cdc:	4801                	li	a6,0
    3cde:	4781                	li	a5,0
    3ce0:	4701                	li	a4,0
    3ce2:	4505                	li	a0,1
    3ce4:	778000ef          	jal	ra,445c <spib_prepare_dctrl2>
    3ce8:	86aa                	mv	a3,a0
    	spib_exe_cmmd2(base, op, addr, spib_dctrl);
    3cea:	864a                	mv	a2,s2
    3cec:	85a2                	mv	a1,s0
    3cee:	8526                	mv	a0,s1
    3cf0:	029000ef          	jal	ra,4518 <spib_exe_cmmd2>
		spib_tx_data(base, pdata, bytes);
    3cf4:	864e                	mv	a2,s3
    3cf6:	85da                	mv	a1,s6
    3cf8:	8526                	mv	a0,s1
    3cfa:	087000ef          	jal	ra,4580 <spib_tx_data>
    unsigned long spib_rx_empty = 0, base = dev->base_addr;
    3cfe:	4901                	li	s2,0
    unsigned int data = 0;
    3d00:	4401                	li	s0,0
    	break;
    3d02:	b579                	j	3b90 <spirom_cmd_send+0x90>
    		op = dev->addr_bytes == 4 ? SPIROM_OP_PPA4 : SPIROM_OP_PP;
    3d04:	4449                	li	s0,18
    3d06:	00f70363          	beq	a4,a5,3d0c <spirom_cmd_send+0x20c>
    3d0a:	4409                	li	s0,2
    		spib_dctrl = spib_prepare_dctrl2(0x1, 0x1, SPIB_TM_WRonly, bytes - 1, 0, 0, 0, 0, 0);
    3d0c:	c002                	sw	zero,0(sp)
    3d0e:	4881                	li	a7,0
    3d10:	b7e1                	j	3cd8 <spirom_cmd_send+0x1d8>
		spib_dctrl = spib_prepare_dctrl(0x0, 0x0, SPIB_TM_WR_RD, 0, 0, 2);
    3d12:	460d                	li	a2,3
    3d14:	4581                	li	a1,0
    3d16:	4789                	li	a5,2
    3d18:	4701                	li	a4,0
    3d1a:	4681                	li	a3,0
    3d1c:	4501                	li	a0,0
    3d1e:	6f0000ef          	jal	ra,440e <spib_prepare_dctrl>
    3d22:	862a                	mv	a2,a0
		spib_exe_cmmd(base, op_addr, spib_dctrl);
    3d24:	09f00593          	li	a1,159
		spib_exe_cmmd(base, op_addr, spib_dctrl);
    3d28:	8526                	mv	a0,s1
    3d2a:	7e4000ef          	jal	ra,450e <spib_exe_cmmd>
		spib_rx_empty = spib_wait_rx_empty(base);
    3d2e:	8526                	mv	a0,s1
    3d30:	7b4000ef          	jal	ra,44e4 <spib_wait_rx_empty>
    3d34:	892a                	mv	s2,a0
    unsigned int data = 0;
    3d36:	4401                	li	s0,0
		if(spib_rx_empty == 0) {
    3d38:	e4051ce3          	bnez	a0,3b90 <spirom_cmd_send+0x90>
			data = spib_get_data(base);
    3d3c:	8526                	mv	a0,s1
    3d3e:	6cc000ef          	jal	ra,440a <spib_get_data>
    3d42:	842a                	mv	s0,a0
    3d44:	b5b1                	j	3b90 <spirom_cmd_send+0x90>
		if(cmd == SPIROM_CMD_RDST) {
    3d46:	4789                	li	a5,2
			op_addr = SPIROM_OP_RDSR;
    3d48:	4915                	li	s2,5
		if(cmd == SPIROM_CMD_RDST) {
    3d4a:	00f40863          	beq	s0,a5,3d5a <spirom_cmd_send+0x25a>
		else if(cmd == SPIROM_CMD_RDST2) {
    3d4e:	47b9                	li	a5,14
			op_addr = SPIROM_OP_RDSR2;
    3d50:	03500913          	li	s2,53
		else if(cmd == SPIROM_CMD_RDST2) {
    3d54:	00f40363          	beq	s0,a5,3d5a <spirom_cmd_send+0x25a>
			op_addr = SPIROM_OP_RDSR3;
    3d58:	4955                	li	s2,21
		spib_dctrl = spib_prepare_dctrl(0x0, 0x0, SPIB_TM_WR_RD, 0, 0, 0);
    3d5a:	460d                	li	a2,3
    3d5c:	4581                	li	a1,0
    3d5e:	4781                	li	a5,0
    3d60:	4701                	li	a4,0
    3d62:	4681                	li	a3,0
    3d64:	4501                	li	a0,0
    3d66:	6a8000ef          	jal	ra,440e <spib_prepare_dctrl>
    3d6a:	862a                	mv	a2,a0
		spib_exe_cmmd(base, op_addr, spib_dctrl);
    3d6c:	85ca                	mv	a1,s2
    3d6e:	bf6d                	j	3d28 <spirom_cmd_send+0x228>
    	op_addr = spirom_prepare_cmd(SPIROM_OP_SBLK, addr);
    3d70:	85ca                	mv	a1,s2
    3d72:	03600513          	li	a0,54
    3d76:	b715                	j	3c9a <spirom_cmd_send+0x19a>
    	op_addr = spirom_prepare_cmd(SPIROM_OP_SBULK, addr);
    3d78:	85ca                	mv	a1,s2
    3d7a:	03900513          	li	a0,57
    3d7e:	bf31                	j	3c9a <spirom_cmd_send+0x19a>
    	op_addr = spirom_prepare_cmd(SPIROM_OP_RDBLOCK, addr);
    3d80:	85ca                	mv	a1,s2
    3d82:	03c00513          	li	a0,60
    3d86:	d57ff0ef          	jal	ra,3adc <spirom_prepare_cmd>
    3d8a:	842a                	mv	s0,a0
		spib_dctrl = spib_prepare_dctrl(0x0, 0x0, SPIB_TM_WR_RD, 3, 0, 0);
    3d8c:	460d                	li	a2,3
    3d8e:	4581                	li	a1,0
    3d90:	4781                	li	a5,0
    3d92:	4701                	li	a4,0
    3d94:	468d                	li	a3,3
    3d96:	4501                	li	a0,0
    3d98:	676000ef          	jal	ra,440e <spib_prepare_dctrl>
    3d9c:	862a                	mv	a2,a0
		spib_exe_cmmd(base, op_addr, spib_dctrl);
    3d9e:	85a2                	mv	a1,s0
    3da0:	b761                	j	3d28 <spirom_cmd_send+0x228>
		spib_dctrl = spib_prepare_dctrl(0x0, 0x0, SPIB_TM_WR_RD, 0, 0, 0);
    3da2:	460d                	li	a2,3
    3da4:	4581                	li	a1,0
    3da6:	4781                	li	a5,0
    3da8:	4701                	li	a4,0
    3daa:	4681                	li	a3,0
    3dac:	4501                	li	a0,0
    3dae:	2585                	jal	440e <spib_prepare_dctrl>
    3db0:	862a                	mv	a2,a0
		spib_exe_cmmd(base, op_addr, spib_dctrl);
    3db2:	02b00593          	li	a1,43
    3db6:	bf8d                	j	3d28 <spirom_cmd_send+0x228>
		spib_dctrl = spib_prepare_dctrl(0x0, 0x0, SPIB_TM_WRonly, 0, 0, 0);
    3db8:	4605                	li	a2,1
    3dba:	4581                	li	a1,0
    3dbc:	4781                	li	a5,0
    3dbe:	4701                	li	a4,0
    3dc0:	4681                	li	a3,0
    3dc2:	4501                	li	a0,0
    3dc4:	25a9                	jal	440e <spib_prepare_dctrl>
    3dc6:	862a                	mv	a2,a0
		spib_exe_cmmd(base, op_addr, spib_dctrl);
    3dc8:	09800593          	li	a1,152
    3dcc:	b5b1                	j	3c18 <spirom_cmd_send+0x118>
			op_addr = (SPIROM_OP_WRSR | (addr << 8));
    3dce:	0922                	slli	s2,s2,0x8
		if(cmd == SPIROM_CMD_WRSR) {
    3dd0:	47b5                	li	a5,13
			op_addr = (SPIROM_OP_WRSR | (addr << 8));
    3dd2:	00196a13          	ori	s4,s2,1
		if(cmd == SPIROM_CMD_WRSR) {
    3dd6:	00f40963          	beq	s0,a5,3de8 <spirom_cmd_send+0x2e8>
		else if(cmd == SPIROM_CMD_WRSR2) {
    3dda:	47bd                	li	a5,15
			op_addr = (SPIROM_OP_WRSR3 | (addr << 8));
    3ddc:	01196a13          	ori	s4,s2,17
		else if(cmd == SPIROM_CMD_WRSR2) {
    3de0:	00f41463          	bne	s0,a5,3de8 <spirom_cmd_send+0x2e8>
			op_addr = (SPIROM_OP_WRSR2 | (addr << 8));
    3de4:	03196a13          	ori	s4,s2,49
		spib_dctrl = spib_prepare_dctrl(0x0, 0x0, SPIB_TM_WRonly, bytes + 1, 0, 0);
    3de8:	4605                	li	a2,1
    3dea:	4581                	li	a1,0
    3dec:	4781                	li	a5,0
    3dee:	4701                	li	a4,0
    3df0:	00198693          	addi	a3,s3,1
    3df4:	4501                	li	a0,0
    3df6:	2d21                	jal	440e <spib_prepare_dctrl>
    3df8:	862a                	mv	a2,a0
		spib_exe_cmmd(base, op_addr, spib_dctrl);
    3dfa:	85d2                	mv	a1,s4
    3dfc:	bd31                	j	3c18 <spirom_cmd_send+0x118>
		spib_dctrl = spib_prepare_dctrl(0x1, 0x0, SPIB_TM_NONE, 0, 0, 0);
    3dfe:	4781                	li	a5,0
    3e00:	4701                	li	a4,0
    3e02:	4681                	li	a3,0
    3e04:	461d                	li	a2,7
    3e06:	4581                	li	a1,0
    3e08:	4505                	li	a0,1
    3e0a:	2511                	jal	440e <spib_prepare_dctrl>
    3e0c:	862a                	mv	a2,a0
		spib_exe_cmmd(base, op_addr, spib_dctrl);
    3e0e:	ce2a                	sw	a0,28(sp)
    3e10:	06600593          	li	a1,102
    3e14:	8526                	mv	a0,s1
    3e16:	6f8000ef          	jal	ra,450e <spib_exe_cmmd>
		spib_exe_cmmd(base, op_addr, spib_dctrl);
    3e1a:	4672                	lw	a2,28(sp)
    3e1c:	09900593          	li	a1,153
    3e20:	bbe5                	j	3c18 <spirom_cmd_send+0x118>
		spib_dctrl = spib_prepare_dctrl2(0x1, 0x1, SPIB_TM_DY_RD, 0, 0, bytes - 1, 0, 0, 0);
    3e22:	4681                	li	a3,0
    3e24:	4625                	li	a2,9
    3e26:	4585                	li	a1,1
    3e28:	c002                	sw	zero,0(sp)
    3e2a:	4881                	li	a7,0
    3e2c:	4801                	li	a6,0
    3e2e:	fff98793          	addi	a5,s3,-1
    3e32:	4701                	li	a4,0
    3e34:	4505                	li	a0,1
    3e36:	251d                	jal	445c <spib_prepare_dctrl2>
    3e38:	86aa                	mv	a3,a0
		spib_exe_cmmd2(base, op_addr, addr, spib_dctrl);
    3e3a:	864a                	mv	a2,s2
    3e3c:	05a00593          	li	a1,90
    	spib_exe_cmmd2(base, op, addr, spib_dctrl);
    3e40:	8526                	mv	a0,s1
    3e42:	6d6000ef          	jal	ra,4518 <spib_exe_cmmd2>
		spib_rx_data(base, pdata, bytes);
    3e46:	864e                	mv	a2,s3
    3e48:	85da                	mv	a1,s6
    3e4a:	8526                	mv	a0,s1
    3e4c:	6d4000ef          	jal	ra,4520 <spib_rx_data>
    	break;
    3e50:	b57d                	j	3cfe <spirom_cmd_send+0x1fe>
		spib_dctrl = spib_prepare_dctrl2(0x1, 0, SPIB_TM_DY_RD, 0, 3, bytes - 1, 0 ,0, 0); //4 dummy cycle
    3e52:	4681                	li	a3,0
    3e54:	4625                	li	a2,9
    3e56:	4581                	li	a1,0
    3e58:	c002                	sw	zero,0(sp)
    3e5a:	4881                	li	a7,0
    3e5c:	4801                	li	a6,0
    3e5e:	fff98793          	addi	a5,s3,-1
    3e62:	470d                	li	a4,3
    3e64:	4505                	li	a0,1
    3e66:	2bdd                	jal	445c <spib_prepare_dctrl2>
    3e68:	86aa                	mv	a3,a0
		spib_exe_cmmd2(base, op_addr, addr, spib_dctrl);
    3e6a:	864a                	mv	a2,s2
    3e6c:	04b00593          	li	a1,75
    3e70:	bfc1                	j	3e40 <spirom_cmd_send+0x340>
    	spib_dctrl = spib_prepare_dctrl2(0x1, 0x1, SPIB_TM_WRonly, bytes - 1, 0, 0, 0, 0, 0);
    3e72:	fff98693          	addi	a3,s3,-1
    3e76:	4605                	li	a2,1
    3e78:	4585                	li	a1,1
    3e7a:	c002                	sw	zero,0(sp)
    3e7c:	4881                	li	a7,0
    3e7e:	4801                	li	a6,0
    3e80:	4781                	li	a5,0
    3e82:	4701                	li	a4,0
    3e84:	4505                	li	a0,1
    3e86:	2bd9                	jal	445c <spib_prepare_dctrl2>
    3e88:	86aa                	mv	a3,a0
    	spib_exe_cmmd2(base, op, addr, spib_dctrl);
    3e8a:	864a                	mv	a2,s2
    3e8c:	04200593          	li	a1,66
    3e90:	bdb9                	j	3cee <spirom_cmd_send+0x1ee>
		spib_dctrl = spib_prepare_dctrl2(0x1, 0x1, SPIB_TM_NONE, 0, 0, 0, 0, 0, 0);
    3e92:	4681                	li	a3,0
    3e94:	461d                	li	a2,7
    3e96:	4585                	li	a1,1
    3e98:	c002                	sw	zero,0(sp)
    3e9a:	4881                	li	a7,0
    3e9c:	4801                	li	a6,0
    3e9e:	4781                	li	a5,0
    3ea0:	4701                	li	a4,0
    3ea2:	4505                	li	a0,1
    3ea4:	2b65                	jal	445c <spib_prepare_dctrl2>
    3ea6:	86aa                	mv	a3,a0
		spib_exe_cmmd2(base, op, addr, spib_dctrl);
    3ea8:	864a                	mv	a2,s2
    3eaa:	04400593          	li	a1,68
    3eae:	bb5d                	j	3c64 <spirom_cmd_send+0x164>
    	spib_dctrl = spib_prepare_dctrl2(0x1, 0x1, SPIB_TM_DY_RD, 0, 0, bytes - 1, 0, 0, 0);
    3eb0:	4681                	li	a3,0
    3eb2:	4625                	li	a2,9
    3eb4:	4585                	li	a1,1
    3eb6:	c002                	sw	zero,0(sp)
    3eb8:	4881                	li	a7,0
    3eba:	4801                	li	a6,0
    3ebc:	fff98793          	addi	a5,s3,-1
    3ec0:	4701                	li	a4,0
    3ec2:	4505                	li	a0,1
    3ec4:	2b61                	jal	445c <spib_prepare_dctrl2>
    3ec6:	86aa                	mv	a3,a0
    	spib_exe_cmmd2(base, op, addr, spib_dctrl);
    3ec8:	864a                	mv	a2,s2
    3eca:	04800593          	li	a1,72
    3ece:	bf8d                	j	3e40 <spirom_cmd_send+0x340>
    	spib_dctrl = spib_prepare_dctrl(0x0, 0x0, SPIB_TM_WRonly, 0, 0, 0);
    3ed0:	4605                	li	a2,1
    3ed2:	4581                	li	a1,0
    3ed4:	4781                	li	a5,0
    3ed6:	4701                	li	a4,0
    3ed8:	4681                	li	a3,0
    3eda:	4501                	li	a0,0
    3edc:	2b0d                	jal	440e <spib_prepare_dctrl>
    3ede:	862a                	mv	a2,a0
    	spib_exe_cmmd(base, op, spib_dctrl);
    3ee0:	0b900593          	li	a1,185
    3ee4:	bb15                	j	3c18 <spirom_cmd_send+0x118>
    	spib_dctrl = spib_prepare_dctrl(0x0, 0x0, SPIB_TM_WRonly, 0, 0, 0);
    3ee6:	4605                	li	a2,1
    3ee8:	4581                	li	a1,0
    3eea:	4781                	li	a5,0
    3eec:	4701                	li	a4,0
    3eee:	4681                	li	a3,0
    3ef0:	4501                	li	a0,0
    3ef2:	2b31                	jal	440e <spib_prepare_dctrl>
    3ef4:	862a                	mv	a2,a0
    	spib_exe_cmmd(base, op, spib_dctrl);
    3ef6:	0ab00593          	li	a1,171
    3efa:	bb39                	j	3c18 <spirom_cmd_send+0x118>

00003efc <flash_status_register_get>:
{
    3efc:	1141                	addi	sp,sp,-16
    3efe:	c422                	sw	s0,8(sp)
    3f00:	c606                	sw	ra,12(sp)
	if(reg_addr == 1) {
    3f02:	4705                	li	a4,1
{
    3f04:	842a                	mv	s0,a0
    3f06:	87b2                	mv	a5,a2
	if(reg_addr == 1) {
    3f08:	02e58e63          	beq	a1,a4,3f44 <flash_status_register_get+0x48>
	} else if (reg_addr == 2) {
    3f0c:	4709                	li	a4,2
    3f0e:	02e58d63          	beq	a1,a4,3f48 <flash_status_register_get+0x4c>
	} else if (reg_addr == 3) {
    3f12:	470d                	li	a4,3
		return ret;
    3f14:	557d                	li	a0,-1
	} else if (reg_addr == 3) {
    3f16:	02e59363          	bne	a1,a4,3f3c <flash_status_register_get+0x40>
		cmd_rd = SPIROM_CMD_RDST3;
    3f1a:	45c9                	li	a1,18
	if(RUN_WITHOUT_INT == dev->run_mod) {
    3f1c:	00644703          	lbu	a4,6(s0)
    3f20:	e319                	bnez	a4,3f26 <flash_status_register_get+0x2a>
    __RV_CSR_CLEAR(CSR_MSTATUS, MSTATUS_MIE);
    3f22:	30047073          	csrci	mstatus,8
		result = spirom_cmd_send(dev, cmd_rd, 0x0, 0, NULL, data_out);
    3f26:	4701                	li	a4,0
    3f28:	4681                	li	a3,0
    3f2a:	4601                	li	a2,0
    3f2c:	8522                	mv	a0,s0
    3f2e:	bd3ff0ef          	jal	ra,3b00 <spirom_cmd_send>
	if(RUN_WITHOUT_INT == dev->run_mod) {
    3f32:	00644783          	lbu	a5,6(s0)
    3f36:	e399                	bnez	a5,3f3c <flash_status_register_get+0x40>
    __RV_CSR_SET(CSR_MSTATUS, MSTATUS_MIE);
    3f38:	30046073          	csrsi	mstatus,8
}
    3f3c:	40b2                	lw	ra,12(sp)
    3f3e:	4422                	lw	s0,8(sp)
    3f40:	0141                	addi	sp,sp,16
    3f42:	8082                	ret
		cmd_rd = SPIROM_CMD_RDST;
    3f44:	4589                	li	a1,2
    3f46:	bfd9                	j	3f1c <flash_status_register_get+0x20>
		cmd_rd = SPIROM_CMD_RDST2;
    3f48:	45b9                	li	a1,14
    3f4a:	bfc9                	j	3f1c <flash_status_register_get+0x20>

00003f4c <mxic_wr_en>:

_EXT_RAM static int mxic_wr_en(FLASH_DEV *dev)
{
    3f4c:	1101                	addi	sp,sp,-32
	unsigned int result, RetData, j;

	result = spirom_cmd_send(dev, SPIROM_CMD_WREN, 0x0, 0, NULL, &RetData);
    3f4e:	007c                	addi	a5,sp,12
    3f50:	4701                	li	a4,0
    3f52:	4681                	li	a3,0
    3f54:	4601                	li	a2,0
    3f56:	458d                	li	a1,3
{
    3f58:	cc22                	sw	s0,24(sp)
    3f5a:	ca26                	sw	s1,20(sp)
    3f5c:	ce06                	sw	ra,28(sp)
    3f5e:	842a                	mv	s0,a0
	result = spirom_cmd_send(dev, SPIROM_CMD_WREN, 0x0, 0, NULL, &RetData);
    3f60:	ba1ff0ef          	jal	ra,3b00 <spirom_cmd_send>
	if(result != 0) {
    3f64:	4485                	li	s1,1
    3f66:	c901                	beqz	a0,3f76 <mxic_wr_en+0x2a>
		printf("mxic_program: (program) page %d enable write fail\n", i);
		return -1;
    3f68:	557d                	li	a0,-1
	if((RetData & SPIROM_SR_WEL_MASK) == 0) {
		printf("mxic_program: (program) page %d, write enable is not set (status %x)\n", i, RetData);
		return -1;
	}
	return 0;
}
    3f6a:	40f2                	lw	ra,28(sp)
    3f6c:	4462                	lw	s0,24(sp)
    3f6e:	44d2                	lw	s1,20(sp)
    3f70:	6105                	addi	sp,sp,32
    3f72:	8082                	ret
	for(j = 1; j < dev->timeout; j++) {
    3f74:	0485                	addi	s1,s1,1
    3f76:	441c                	lw	a5,8(s0)
    3f78:	00f4fe63          	bgeu	s1,a5,3f94 <mxic_wr_en+0x48>
		result = spirom_cmd_send(dev, SPIROM_CMD_RDST, 0x0, 0, NULL, &RetData);
    3f7c:	007c                	addi	a5,sp,12
    3f7e:	4701                	li	a4,0
    3f80:	4681                	li	a3,0
    3f82:	4601                	li	a2,0
    3f84:	4589                	li	a1,2
    3f86:	8522                	mv	a0,s0
    3f88:	b79ff0ef          	jal	ra,3b00 <spirom_cmd_send>
		if(result != 0) {
    3f8c:	fd71                	bnez	a0,3f68 <mxic_wr_en+0x1c>
		if(RetData & SPIROM_SR_WEL_MASK)
    3f8e:	47b2                	lw	a5,12(sp)
    3f90:	8b89                	andi	a5,a5,2
    3f92:	d3ed                	beqz	a5,3f74 <mxic_wr_en+0x28>
	if((RetData & SPIROM_SR_WEL_MASK) == 0) {
    3f94:	4532                	lw	a0,12(sp)
    3f96:	00254513          	xori	a0,a0,2
    3f9a:	48155513          	bexti	a0,a0,0x1
    3f9e:	40a00533          	neg	a0,a0
    3fa2:	b7e1                	j	3f6a <mxic_wr_en+0x1e>

00003fa4 <mxic_wr_rdy>:

_EXT_RAM static int mxic_wr_rdy(FLASH_DEV *dev)
{
    3fa4:	1101                	addi	sp,sp,-32
    3fa6:	cc22                	sw	s0,24(sp)
    3fa8:	ca26                	sw	s1,20(sp)
    3faa:	ce06                	sw	ra,28(sp)
    3fac:	842a                	mv	s0,a0
	unsigned int result, RetData = 0, j;
    3fae:	c602                	sw	zero,12(sp)

	for(j = 1; j < dev->timeout; j++) {
    3fb0:	4485                	li	s1,1
    3fb2:	441c                	lw	a5,8(s0)
    3fb4:	00f4fe63          	bgeu	s1,a5,3fd0 <mxic_wr_rdy+0x2c>
		result = spirom_cmd_send(dev, SPIROM_CMD_RDST, 0x0, 0, NULL, &RetData);
    3fb8:	007c                	addi	a5,sp,12
    3fba:	4701                	li	a4,0
    3fbc:	4681                	li	a3,0
    3fbe:	4601                	li	a2,0
    3fc0:	4589                	li	a1,2
    3fc2:	8522                	mv	a0,s0
    3fc4:	b3dff0ef          	jal	ra,3b00 <spirom_cmd_send>
		if(result != 0) {
    3fc8:	e10d                	bnez	a0,3fea <mxic_wr_rdy+0x46>
			printf("mxic_program: get (program) page %d write enable status fail\n", i);
			return -1;
		}
		if((RetData & (SPIROM_SR_WIP_MASK | SPIROM_SR_WEL_MASK)) == 0)
    3fca:	47b2                	lw	a5,12(sp)
    3fcc:	8b8d                	andi	a5,a5,3
    3fce:	ef81                	bnez	a5,3fe6 <mxic_wr_rdy+0x42>
			break;
	}
	if((RetData & (SPIROM_SR_WIP_MASK | SPIROM_SR_WEL_MASK)) != 0) {
    3fd0:	4532                	lw	a0,12(sp)
    3fd2:	890d                	andi	a0,a0,3
    3fd4:	00a03533          	snez	a0,a0
    3fd8:	40a00533          	neg	a0,a0
		printf("mxic_program: (program) page %d, write enable is not clear (status %x)\n", i, RetData);
		return -1;
	}
	return 0;
}
    3fdc:	40f2                	lw	ra,28(sp)
    3fde:	4462                	lw	s0,24(sp)
    3fe0:	44d2                	lw	s1,20(sp)
    3fe2:	6105                	addi	sp,sp,32
    3fe4:	8082                	ret
	for(j = 1; j < dev->timeout; j++) {
    3fe6:	0485                	addi	s1,s1,1
    3fe8:	b7e9                	j	3fb2 <mxic_wr_rdy+0xe>
			return -1;
    3fea:	557d                	li	a0,-1
    3fec:	bfc5                	j	3fdc <mxic_wr_rdy+0x38>

00003fee <flash_status_register_set>:
	if(dev && dev->w_protect == false) {
    3fee:	cd41                	beqz	a0,4086 <flash_status_register_set+0x98>
{
    3ff0:	7179                	addi	sp,sp,-48
    3ff2:	d422                	sw	s0,40(sp)
    3ff4:	d606                	sw	ra,44(sp)
    3ff6:	d226                	sw	s1,36(sp)
    3ff8:	d04a                	sw	s2,32(sp)
	if(dev && dev->w_protect == false) {
    3ffa:	00754703          	lbu	a4,7(a0)
    3ffe:	842a                	mv	s0,a0
	int ret = -1;
    4000:	557d                	li	a0,-1
	if(dev && dev->w_protect == false) {
    4002:	ef11                	bnez	a4,401e <flash_status_register_set+0x30>
		if(reg_addr == 1) {
    4004:	4705                	li	a4,1
    4006:	87ae                	mv	a5,a1
    4008:	84b6                	mv	s1,a3
    400a:	02e58063          	beq	a1,a4,402a <flash_status_register_set+0x3c>
		} else if (reg_addr == 2) {
    400e:	4709                	li	a4,2
    4010:	06e58863          	beq	a1,a4,4080 <flash_status_register_set+0x92>
		} else if (reg_addr == 3) {
    4014:	470d                	li	a4,3
			cmd_wr = SPIROM_CMD_WRSR3;
    4016:	45cd                	li	a1,19
			cmd_rd = SPIROM_CMD_RDST3;
    4018:	4949                	li	s2,18
		} else if (reg_addr == 3) {
    401a:	00e78a63          	beq	a5,a4,402e <flash_status_register_set+0x40>
}
    401e:	50b2                	lw	ra,44(sp)
    4020:	5422                	lw	s0,40(sp)
    4022:	5492                	lw	s1,36(sp)
    4024:	5902                	lw	s2,32(sp)
    4026:	6145                	addi	sp,sp,48
    4028:	8082                	ret
			cmd_wr = SPIROM_CMD_WRSR;
    402a:	45b5                	li	a1,13
			cmd_rd = SPIROM_CMD_RDST;
    402c:	4909                	li	s2,2
		if(RUN_WITHOUT_INT == dev->run_mod) {
    402e:	00644783          	lbu	a5,6(s0)
    4032:	e399                	bnez	a5,4038 <flash_status_register_set+0x4a>
    __RV_CSR_CLEAR(CSR_MSTATUS, MSTATUS_MIE);
    4034:	30047073          	csrci	mstatus,8
			result = mxic_wr_en(dev);
    4038:	8522                	mv	a0,s0
    403a:	c632                	sw	a2,12(sp)
    403c:	c42e                	sw	a1,8(sp)
    403e:	f0fff0ef          	jal	ra,3f4c <mxic_wr_en>
			if(result) break;
    4042:	45a2                	lw	a1,8(sp)
    4044:	4632                	lw	a2,12(sp)
    4046:	e51d                	bnez	a0,4074 <flash_status_register_set+0x86>
			result = spirom_cmd_send(dev, cmd_wr, data_in, 0, NULL, &buf_out);
    4048:	087c                	addi	a5,sp,28
    404a:	4701                	li	a4,0
    404c:	4681                	li	a3,0
    404e:	8522                	mv	a0,s0
    4050:	ab1ff0ef          	jal	ra,3b00 <spirom_cmd_send>
			if(result) break;
    4054:	e105                	bnez	a0,4074 <flash_status_register_set+0x86>
			result = mxic_wr_rdy(dev);
    4056:	8522                	mv	a0,s0
    4058:	f4dff0ef          	jal	ra,3fa4 <mxic_wr_rdy>
			if(result) break;
    405c:	ed01                	bnez	a0,4074 <flash_status_register_set+0x86>
			result = spirom_cmd_send(dev, cmd_rd, 0x0, 0, NULL, &buf_out);
    405e:	087c                	addi	a5,sp,28
    4060:	4701                	li	a4,0
    4062:	4681                	li	a3,0
    4064:	4601                	li	a2,0
    4066:	85ca                	mv	a1,s2
    4068:	8522                	mv	a0,s0
    406a:	a97ff0ef          	jal	ra,3b00 <spirom_cmd_send>
			if(result) break;
    406e:	e119                	bnez	a0,4074 <flash_status_register_set+0x86>
			*data_out = buf_out;
    4070:	47f2                	lw	a5,28(sp)
    4072:	c09c                	sw	a5,0(s1)
		if(RUN_WITHOUT_INT == dev->run_mod) {
    4074:	00644783          	lbu	a5,6(s0)
    4078:	f3dd                	bnez	a5,401e <flash_status_register_set+0x30>
    __RV_CSR_SET(CSR_MSTATUS, MSTATUS_MIE);
    407a:	30046073          	csrsi	mstatus,8

// Enable GINT
static inline void enable_GINT()
{
    __enable_irq();
}
    407e:	b745                	j	401e <flash_status_register_set+0x30>
			cmd_wr = SPIROM_CMD_WRSR2;
    4080:	45bd                	li	a1,15
			cmd_rd = SPIROM_CMD_RDST2;
    4082:	4939                	li	s2,14
    4084:	b76d                	j	402e <flash_status_register_set+0x40>
	int ret = -1;
    4086:	557d                	li	a0,-1
}
    4088:	8082                	ret

0000408a <spirom_set_addr4>:

	return result;
}

_EXT_RAM int spirom_set_addr4(FLASH_DEV *dev, int en)
{
    408a:	1141                	addi	sp,sp,-16
    408c:	c422                	sw	s0,8(sp)
    408e:	c226                	sw	s1,4(sp)
    4090:	c606                	sw	ra,12(sp)
#define EXT_SET_ADDR4     0xb7
#define EXT_CLR_ADDR4     0xe9
	unsigned int op_addr, spib_dctrl;
	unsigned long base = dev->base_addr;
    4092:	4100                	lw	s0,0(a0)

	if(en) op_addr = EXT_SET_ADDR4;
	else   op_addr = EXT_CLR_ADDR4;
    4094:	0e900493          	li	s1,233
	if(en) op_addr = EXT_SET_ADDR4;
    4098:	c199                	beqz	a1,409e <spirom_set_addr4+0x14>
    409a:	0b700493          	li	s1,183
	spib_dctrl = spib_prepare_dctrl(0x0, 0x0, SPIB_TM_WRonly, 0, 0, 0);
    409e:	4781                	li	a5,0
    40a0:	4701                	li	a4,0
    40a2:	4681                	li	a3,0
    40a4:	4605                	li	a2,1
    40a6:	4581                	li	a1,0
    40a8:	4501                	li	a0,0
    40aa:	2695                	jal	440e <spib_prepare_dctrl>
    40ac:	862a                	mv	a2,a0
	spib_exe_cmmd(base, op_addr, spib_dctrl);
    40ae:	85a6                	mv	a1,s1
    40b0:	8522                	mv	a0,s0
    40b2:	29b1                	jal	450e <spib_exe_cmmd>

	return spib_wait_spi(base);
    40b4:	8522                	mv	a0,s0
}
    40b6:	4422                	lw	s0,8(sp)
    40b8:	40b2                	lw	ra,12(sp)
    40ba:	4492                	lw	s1,4(sp)
    40bc:	0141                	addi	sp,sp,16
	return spib_wait_spi(base);
    40be:	a901                	j	44ce <spib_wait_spi>

000040c0 <mxic_qd_bit>:
    // printf("mxic_set_wrsr: uiStat=%x RetData=%x\n", uiStat, RetData);
    return result;
}

_EXT_RAM int mxic_qd_bit(FLASH_DEV *dev)
{
    40c0:	1101                	addi	sp,sp,-32
	unsigned int buf2;
	int result = 0;
	do {
		result = spirom_cmd_send(dev, SPIROM_CMD_RDST2, 0x0, 0, NULL, &buf2);
    40c2:	007c                	addi	a5,sp,12
    40c4:	4701                	li	a4,0
    40c6:	4681                	li	a3,0
    40c8:	4601                	li	a2,0
    40ca:	45b9                	li	a1,14
{
    40cc:	ce06                	sw	ra,28(sp)
		result = spirom_cmd_send(dev, SPIROM_CMD_RDST2, 0x0, 0, NULL, &buf2);
    40ce:	a33ff0ef          	jal	ra,3b00 <spirom_cmd_send>
		if(result) break;
    40d2:	e501                	bnez	a0,40da <mxic_qd_bit+0x1a>

		if(buf2 & 0x2) {//if it is in QE mode, return 1, else return 0
    40d4:	4532                	lw	a0,12(sp)
    40d6:	48155513          	bexti	a0,a0,0x1
			result = 0;
		}
	} while(0);

	return result;
}
    40da:	40f2                	lw	ra,28(sp)
    40dc:	6105                	addi	sp,sp,32
    40de:	8082                	ret

000040e0 <mxic_enable_qd>:

_EXT_RAM int mxic_enable_qd(FLASH_DEV *dev)
{
    40e0:	1101                	addi	sp,sp,-32
	unsigned int buf1, buf2, buf_st12;
	int result = 0;
	do {
		result = spirom_cmd_send(dev, SPIROM_CMD_RDST2, 0x0, 0, NULL, &buf2);
    40e2:	003c                	addi	a5,sp,8
    40e4:	4701                	li	a4,0
    40e6:	4681                	li	a3,0
    40e8:	4601                	li	a2,0
    40ea:	45b9                	li	a1,14
{
    40ec:	cc22                	sw	s0,24(sp)
    40ee:	ce06                	sw	ra,28(sp)
    40f0:	842a                	mv	s0,a0
		result = spirom_cmd_send(dev, SPIROM_CMD_RDST2, 0x0, 0, NULL, &buf2);
    40f2:	a0fff0ef          	jal	ra,3b00 <spirom_cmd_send>
		if(result) break;
    40f6:	e53d                	bnez	a0,4164 <mxic_enable_qd+0x84>

		if(buf2 & 0x2) {//if it is in QE mode, return
    40f8:	47a2                	lw	a5,8(sp)
    40fa:	0027f713          	andi	a4,a5,2
    40fe:	e33d                	bnez	a4,4164 <mxic_enable_qd+0x84>
			break;
		} else {
			buf2 |= 0x2;
    4100:	0027e793          	ori	a5,a5,2
    4104:	c43e                	sw	a5,8(sp)
			result = spirom_cmd_send(dev, SPIROM_CMD_RDST, 0x0, 0, NULL, &buf_st12);
    4106:	4681                	li	a3,0
    4108:	007c                	addi	a5,sp,12
    410a:	4601                	li	a2,0
    410c:	4589                	li	a1,2
    410e:	8522                	mv	a0,s0
    4110:	9f1ff0ef          	jal	ra,3b00 <spirom_cmd_send>
			if(result) break;
    4114:	e921                	bnez	a0,4164 <mxic_enable_qd+0x84>

			buf_st12 |= (buf2 << 8);
    4116:	47a2                	lw	a5,8(sp)

			result = mxic_wr_en(dev);
    4118:	8522                	mv	a0,s0
			buf_st12 |= (buf2 << 8);
    411a:	00879713          	slli	a4,a5,0x8
    411e:	47b2                	lw	a5,12(sp)
    4120:	8fd9                	or	a5,a5,a4
    4122:	c63e                	sw	a5,12(sp)
			result = mxic_wr_en(dev);
    4124:	e29ff0ef          	jal	ra,3f4c <mxic_wr_en>
			if(result) break;
    4128:	ed15                	bnez	a0,4164 <mxic_enable_qd+0x84>
			result = spirom_cmd_send(dev, SPIROM_CMD_WRSR, buf_st12, 1, NULL, &buf1);
    412a:	4632                	lw	a2,12(sp)
    412c:	005c                	addi	a5,sp,4
    412e:	4701                	li	a4,0
    4130:	4685                	li	a3,1
    4132:	45b5                	li	a1,13
    4134:	8522                	mv	a0,s0
    4136:	9cbff0ef          	jal	ra,3b00 <spirom_cmd_send>
			if(result) break;
    413a:	e50d                	bnez	a0,4164 <mxic_enable_qd+0x84>
			/*-- get enable status --*/
			result = mxic_wr_rdy(dev);
    413c:	8522                	mv	a0,s0
    413e:	e67ff0ef          	jal	ra,3fa4 <mxic_wr_rdy>
			if(result) break;
    4142:	e10d                	bnez	a0,4164 <mxic_enable_qd+0x84>

			result = spirom_cmd_send(dev, SPIROM_CMD_RDST2, 0x0, 0, NULL, &buf2);
    4144:	003c                	addi	a5,sp,8
    4146:	4701                	li	a4,0
    4148:	4681                	li	a3,0
    414a:	4601                	li	a2,0
    414c:	45b9                	li	a1,14
    414e:	8522                	mv	a0,s0
    4150:	9b1ff0ef          	jal	ra,3b00 <spirom_cmd_send>
			if(result) break;
    4154:	e901                	bnez	a0,4164 <mxic_enable_qd+0x84>

			if(buf2 & 0x2) {//QE mode enabled
    4156:	4522                	lw	a0,8(sp)
    4158:	00254513          	xori	a0,a0,2
    415c:	48155513          	bexti	a0,a0,0x1
    4160:	40a00533          	neg	a0,a0
			}
		}
	} while(0);

	return result;
}
    4164:	40f2                	lw	ra,28(sp)
    4166:	4462                	lw	s0,24(sp)
    4168:	6105                	addi	sp,sp,32
    416a:	8082                	ret

0000416c <mxic_security_program>:

	return result;
}

_EXT_RAM int mxic_security_program(FLASH_DEV *dev, unsigned int FlashAddr, unsigned char* start, unsigned int DataSize)
{
    416c:	7179                	addi	sp,sp,-48
    416e:	d422                	sw	s0,40(sp)
    4170:	d226                	sw	s1,36(sp)
    4172:	d606                	sw	ra,44(sp)
    4174:	842a                	mv	s0,a0
    4176:	84ae                	mv	s1,a1
    4178:	c632                	sw	a2,12(sp)
    417a:	c436                	sw	a3,8(sp)
	unsigned int result, RetData;

	/*-- write enable --*/
	result = mxic_wr_en(dev);
    417c:	dd1ff0ef          	jal	ra,3f4c <mxic_wr_en>
	if(result) return result;
    4180:	ed09                	bnez	a0,419a <mxic_security_program+0x2e>

	result = spirom_cmd_send(dev, SPIROM_CMD_SEC_PRGM, FlashAddr, DataSize, start, &RetData);
    4182:	4732                	lw	a4,12(sp)
    4184:	46a2                	lw	a3,8(sp)
    4186:	087c                	addi	a5,sp,28
    4188:	8626                	mv	a2,s1
    418a:	45e1                	li	a1,24
    418c:	8522                	mv	a0,s0
    418e:	973ff0ef          	jal	ra,3b00 <spirom_cmd_send>
	if(result != 0) {
    4192:	e501                	bnez	a0,419a <mxic_security_program+0x2e>
		printf("mxic_security_program: fail\n");
		return result;
	}
	/*-- ckeck completion --*/
	result = mxic_wr_rdy(dev);
    4194:	8522                	mv	a0,s0
    4196:	e0fff0ef          	jal	ra,3fa4 <mxic_wr_rdy>

	return result;
}
    419a:	50b2                	lw	ra,44(sp)
    419c:	5422                	lw	s0,40(sp)
    419e:	5492                	lw	s1,36(sp)
    41a0:	6145                	addi	sp,sp,48
    41a2:	8082                	ret

000041a4 <flash_security_write>:
	if(dev && dev->w_protect == false) {
    41a4:	c915                	beqz	a0,41d8 <flash_security_write+0x34>
{
    41a6:	1141                	addi	sp,sp,-16
    41a8:	c422                	sw	s0,8(sp)
    41aa:	c606                	sw	ra,12(sp)
	if(dev && dev->w_protect == false) {
    41ac:	00754783          	lbu	a5,7(a0)
    41b0:	842a                	mv	s0,a0
	int ret = -1;
    41b2:	557d                	li	a0,-1
	if(dev && dev->w_protect == false) {
    41b4:	ef91                	bnez	a5,41d0 <flash_security_write+0x2c>
		if(RUN_WITHOUT_INT == dev->run_mod) {
    41b6:	00644783          	lbu	a5,6(s0)
    41ba:	e399                	bnez	a5,41c0 <flash_security_write+0x1c>
    __RV_CSR_CLEAR(CSR_MSTATUS, MSTATUS_MIE);
    41bc:	30047073          	csrci	mstatus,8
		ret = mxic_security_program(dev, (unsigned int)offset, (unsigned char *)data, (unsigned int)len);
    41c0:	8522                	mv	a0,s0
    41c2:	fabff0ef          	jal	ra,416c <mxic_security_program>
		if(RUN_WITHOUT_INT == dev->run_mod) {
    41c6:	00644783          	lbu	a5,6(s0)
    41ca:	e399                	bnez	a5,41d0 <flash_security_write+0x2c>
    __RV_CSR_SET(CSR_MSTATUS, MSTATUS_MIE);
    41cc:	30046073          	csrsi	mstatus,8
}
    41d0:	40b2                	lw	ra,12(sp)
    41d2:	4422                	lw	s0,8(sp)
    41d4:	0141                	addi	sp,sp,16
    41d6:	8082                	ret
	int ret = -1;
    41d8:	557d                	li	a0,-1
}
    41da:	8082                	ret

000041dc <mxic_security_erase>:

_EXT_RAM int mxic_security_erase(FLASH_DEV *dev, unsigned int FlashAddr)
{
    41dc:	7179                	addi	sp,sp,-48
    41de:	d422                	sw	s0,40(sp)
    41e0:	d606                	sw	ra,44(sp)
    41e2:	842a                	mv	s0,a0
    41e4:	c62e                	sw	a1,12(sp)
    unsigned int result, RetData;

	/*-- write enable --*/
	result = mxic_wr_en(dev);
    41e6:	d67ff0ef          	jal	ra,3f4c <mxic_wr_en>
	if(result) return result;
    41ea:	ed09                	bnez	a0,4204 <mxic_security_erase+0x28>
	/*-- erase --*/
	result = spirom_cmd_send(dev, SPIROM_CMD_SEC_ERASE, FlashAddr, 0, NULL, &RetData);
    41ec:	4632                	lw	a2,12(sp)
    41ee:	087c                	addi	a5,sp,28
    41f0:	4701                	li	a4,0
    41f2:	4681                	li	a3,0
    41f4:	45e5                	li	a1,25
    41f6:	8522                	mv	a0,s0
    41f8:	909ff0ef          	jal	ra,3b00 <spirom_cmd_send>

	if(result != 0) {
    41fc:	e501                	bnez	a0,4204 <mxic_security_erase+0x28>
		printf("mxic_security_erase: security erase fail\n");
		return result;
	}

	/*-- get erase status --*/
	result = mxic_wr_rdy(dev);
    41fe:	8522                	mv	a0,s0
    4200:	da5ff0ef          	jal	ra,3fa4 <mxic_wr_rdy>

    return result;
}
    4204:	50b2                	lw	ra,44(sp)
    4206:	5422                	lw	s0,40(sp)
    4208:	6145                	addi	sp,sp,48
    420a:	8082                	ret

0000420c <flash_security_erase>:
	if(dev && dev->w_protect == false) {
    420c:	c915                	beqz	a0,4240 <flash_security_erase+0x34>
{
    420e:	1141                	addi	sp,sp,-16
    4210:	c422                	sw	s0,8(sp)
    4212:	c606                	sw	ra,12(sp)
	if(dev && dev->w_protect == false) {
    4214:	00754783          	lbu	a5,7(a0)
    4218:	842a                	mv	s0,a0
	int ret = -1;
    421a:	557d                	li	a0,-1
	if(dev && dev->w_protect == false) {
    421c:	ef91                	bnez	a5,4238 <flash_security_erase+0x2c>
		if(RUN_WITHOUT_INT == dev->run_mod) {
    421e:	00644783          	lbu	a5,6(s0)
    4222:	e399                	bnez	a5,4228 <flash_security_erase+0x1c>
    __RV_CSR_CLEAR(CSR_MSTATUS, MSTATUS_MIE);
    4224:	30047073          	csrci	mstatus,8
		ret = mxic_security_erase(dev, (unsigned int)offset);
    4228:	8522                	mv	a0,s0
    422a:	fb3ff0ef          	jal	ra,41dc <mxic_security_erase>
		if(RUN_WITHOUT_INT == dev->run_mod) {
    422e:	00644783          	lbu	a5,6(s0)
    4232:	e399                	bnez	a5,4238 <flash_security_erase+0x2c>
    __RV_CSR_SET(CSR_MSTATUS, MSTATUS_MIE);
    4234:	30046073          	csrsi	mstatus,8
}
    4238:	40b2                	lw	ra,12(sp)
    423a:	4422                	lw	s0,8(sp)
    423c:	0141                	addi	sp,sp,16
    423e:	8082                	ret
	int ret = -1;
    4240:	557d                	li	a0,-1
}
    4242:	8082                	ret

00004244 <mxic_security_read>:

_EXT_RAM int mxic_security_read(FLASH_DEV *dev, unsigned int FlashAddr, unsigned char* start, unsigned int DataSize)
{
    4244:	1101                	addi	sp,sp,-32
    4246:	8732                	mv	a4,a2
    unsigned int result, RetData;

	result = spirom_cmd_send(dev, SPIROM_CMD_SEC_READ, FlashAddr, DataSize, (unsigned char*)start, &RetData);
    4248:	007c                	addi	a5,sp,12
    424a:	862e                	mv	a2,a1
    424c:	45e9                	li	a1,26
{
    424e:	ce06                	sw	ra,28(sp)
	result = spirom_cmd_send(dev, SPIROM_CMD_SEC_READ, FlashAddr, DataSize, (unsigned char*)start, &RetData);
    4250:	8b1ff0ef          	jal	ra,3b00 <spirom_cmd_send>
	if(result != 0) {
		printf("mxic_security_read: fail\n");
	}
    return result;
}
    4254:	40f2                	lw	ra,28(sp)
    4256:	6105                	addi	sp,sp,32
    4258:	8082                	ret

0000425a <flash_security_read>:
		if(dev == NULL) break;
    425a:	c515                	beqz	a0,4286 <flash_security_read+0x2c>
{
    425c:	1141                	addi	sp,sp,-16
    425e:	c422                	sw	s0,8(sp)
    4260:	c606                	sw	ra,12(sp)
		if(RUN_WITHOUT_INT == dev->run_mod) {
    4262:	00654783          	lbu	a5,6(a0)
    4266:	842a                	mv	s0,a0
    4268:	e399                	bnez	a5,426e <flash_security_read+0x14>
    __RV_CSR_CLEAR(CSR_MSTATUS, MSTATUS_MIE);
    426a:	30047073          	csrci	mstatus,8
		ret = mxic_security_read(dev, (unsigned int)offset, (unsigned char *)data, (unsigned int)len);
    426e:	8522                	mv	a0,s0
    4270:	fd5ff0ef          	jal	ra,4244 <mxic_security_read>
		if(RUN_WITHOUT_INT == dev->run_mod) {
    4274:	00644783          	lbu	a5,6(s0)
    4278:	e399                	bnez	a5,427e <flash_security_read+0x24>
    __RV_CSR_SET(CSR_MSTATUS, MSTATUS_MIE);
    427a:	30046073          	csrsi	mstatus,8
}
    427e:	40b2                	lw	ra,12(sp)
    4280:	4422                	lw	s0,8(sp)
    4282:	0141                	addi	sp,sp,16
    4284:	8082                	ret
	int ret = -1;
    4286:	557d                	li	a0,-1
}
    4288:	8082                	ret

0000428a <mxic_release_deep_power_down>:
	}
    return result;
}

_EXT_RAM int mxic_release_deep_power_down(FLASH_DEV *dev)
{
    428a:	1101                	addi	sp,sp,-32
	unsigned int result, RetData;
	result = spirom_cmd_send(dev, SPIROM_CMD_REL_PD, 0x0, 0, NULL, &RetData);
    428c:	007c                	addi	a5,sp,12
    428e:	4701                	li	a4,0
    4290:	4681                	li	a3,0
    4292:	4601                	li	a2,0
    4294:	45f1                	li	a1,28
{
    4296:	ce06                	sw	ra,28(sp)
	result = spirom_cmd_send(dev, SPIROM_CMD_REL_PD, 0x0, 0, NULL, &RetData);
    4298:	869ff0ef          	jal	ra,3b00 <spirom_cmd_send>
	if(result != 0) {
		printf("mxic_release_deep_power_down: fail\n");
	}
    return result;
}
    429c:	40f2                	lw	ra,28(sp)
    429e:	6105                	addi	sp,sp,32
    42a0:	8082                	ret

000042a2 <platform_init>:
extern int mxic_enable_dc(FLASH_DEV *dev);
extern int mxic_disable_dc(FLASH_DEV *dev);
extern int mxic_get_dc(FLASH_DEV *dev, unsigned char *dc);

_EXT_RAM int platform_init(FLASH_DEV *dev, unsigned char udc0, unsigned char udc1)
{
    42a2:	7179                	addi	sp,sp,-48
    42a4:	d04a                	sw	s2,32(sp)
	int ret = 0;
	unsigned long base = dev->base_addr, usr_cfg;
    42a6:	00052903          	lw	s2,0(a0)
{
    42aa:	d422                	sw	s0,40(sp)
    42ac:	d226                	sw	s1,36(sp)
    42ae:	d606                	sw	ra,44(sp)
	unsigned int RetData, SCLK_DIV = dev->sclk_div;  //0xff;	//SCLK is the same as the SPI clock source
	unsigned char val;

	// reset the user config to the default one
	usr_cfg = 0xf5000000;
	outw(base + 0x80, usr_cfg);
    42b0:	f50007b7          	lui	a5,0xf5000
	unsigned int RetData, SCLK_DIV = dev->sclk_div;  //0xff;	//SCLK is the same as the SPI clock source
    42b4:	00554703          	lbu	a4,5(a0)
	outw(base + 0x80, usr_cfg);
    42b8:	08f92023          	sw	a5,128(s2)
    outw(SPIB_REG_DATA(base), data);
}

_EXT_RAM unsigned int spib_get_regtiming(unsigned long base)
{
    return inw(SPIB_REG_REGTIMING(base));
    42bc:	04092783          	lw	a5,64(s2)
{
    42c0:	842a                	mv	s0,a0
	RetData = (spib_get_regtiming(base) & (~0xFF));
    42c2:	f007f793          	andi	a5,a5,-256
	spib_set_regtiming(base, RetData | SCLK_DIV);
    42c6:	8fd9                	or	a5,a5,a4
}

_EXT_RAM void spib_set_regtiming(unsigned long base, unsigned int data)
{
    outw(SPIB_REG_REGTIMING(base), data);
    42c8:	04f92023          	sw	a5,64(s2)
	if(dev->addr_auto) {
    42cc:	00d54783          	lbu	a5,13(a0)
{
    42d0:	84ae                	mv	s1,a1
	if(dev->addr_auto) {
    42d2:	cfa5                	beqz	a5,434a <platform_init+0xa8>
    outw(SPIB_REG_IFSET(base), reg);
    42d4:	000207b7          	lui	a5,0x20
    42d8:	78078793          	addi	a5,a5,1920 # 20780 <_data_lma+0x1ba40>
    42dc:	00f92823          	sw	a5,16(s2)
        if((FLASH_SPI_RELEASE_DPD & udc0) == FLASH_SPI_RELEASE_DPD) {
    42e0:	0405f793          	andi	a5,a1,64
    42e4:	c789                	beqz	a5,42ee <platform_init+0x4c>
            udc0 &= (~FLASH_SPI_RELEASE_DPD);
    42e6:	0bf5f493          	andi	s1,a1,191
            mxic_release_deep_power_down(dev);
    42ea:	fa1ff0ef          	jal	ra,428a <mxic_release_deep_power_down>
		ret = spirom_cmd_send(dev, SPIROM_CMD_READ_SFDP, 0x0, sizeof(sfdp), (unsigned int*)&sfdp, NULL);
    42ee:	4781                	li	a5,0
    42f0:	0818                	addi	a4,sp,16
    42f2:	46c1                	li	a3,16
    42f4:	4601                	li	a2,0
    42f6:	45d9                	li	a1,22
    42f8:	8522                	mv	a0,s0
    42fa:	807ff0ef          	jal	ra,3b00 <spirom_cmd_send>
		if(ret)
    42fe:	ed69                	bnez	a0,43d8 <platform_init+0x136>
		if(sfdp.sig[0] == 'S' && sfdp.sig[1] == 'F' && sfdp.sig[2] == 'D' && sfdp.sig[3] == 'P') {
    4300:	6791                	lui	a5,0x4
    4302:	01015703          	lhu	a4,16(sp)
    4306:	65378793          	addi	a5,a5,1619 # 4653 <_premain_init+0x2d>
    430a:	04f71063          	bne	a4,a5,434a <platform_init+0xa8>
    430e:	6795                	lui	a5,0x5
    4310:	01215703          	lhu	a4,18(sp)
    4314:	04478793          	addi	a5,a5,68 # 5044 <_data_lma+0x304>
    4318:	02f71963          	bne	a4,a5,434a <platform_init+0xa8>
			ret = spirom_cmd_send(dev, SPIROM_CMD_READ_SFDP, sfdp.ptp_0, sizeof(jedec), (unsigned int*)&jedec, NULL);
    431c:	01c15603          	lhu	a2,28(sp)
    4320:	4781                	li	a5,0
    4322:	0038                	addi	a4,sp,8
    4324:	46a1                	li	a3,8
    4326:	45d9                	li	a1,22
    4328:	8522                	mv	a0,s0
    432a:	fd6ff0ef          	jal	ra,3b00 <spirom_cmd_send>
			if(ret)
    432e:	e54d                	bnez	a0,43d8 <platform_init+0x136>
			if(jedec.JEDEC_ADDRESS_BYTES == 0b10 || jedec.JEDEC_ADDRESS_BYTES == 0b01) {
    4330:	4722                	lw	a4,8(sp)
    4332:	000607b7          	lui	a5,0x60
    4336:	8ff9                	and	a5,a5,a4
    4338:	7701                	lui	a4,0xfffe0
    433a:	97ba                	add	a5,a5,a4
    433c:	177d                	addi	a4,a4,-1
    433e:	8ff9                	and	a5,a5,a4
				dev->addr_bytes = 3;
    4340:	0017b793          	seqz	a5,a5
    4344:	078d                	addi	a5,a5,3
    4346:	00f40623          	sb	a5,12(s0)
	dev->addr_bytes = (dev->addr_bytes == 4 ? 4 : 3);
    434a:	00c44783          	lbu	a5,12(s0)
    434e:	4711                	li	a4,4
    4350:	00e78363          	beq	a5,a4,4356 <platform_init+0xb4>
    4354:	478d                	li	a5,3
    4356:	00f40623          	sb	a5,12(s0)
	RetData = ((dev->addr_bytes - 1) << SPIB_IF_ADDLEN_OFFSET) & SPIB_IF_ADDLEN_MASK;
    435a:	17fd                	addi	a5,a5,-1
    435c:	07c2                	slli	a5,a5,0x10
	RetData |= ((7 << SPIB_IF_DATALEN_OFFSET) & SPIB_IF_DATALEN_MASK) |
    435e:	7807e793          	ori	a5,a5,1920
    outw(SPIB_REG_IFSET(base), reg);
    4362:	00f92823          	sw	a5,16(s2)
    if((FLASH_SPI_RELEASE_DPD & udc0) == FLASH_SPI_RELEASE_DPD) {
    4366:	0404f793          	andi	a5,s1,64
    436a:	c781                	beqz	a5,4372 <platform_init+0xd0>
        mxic_release_deep_power_down(dev);
    436c:	8522                	mv	a0,s0
    436e:	f1dff0ef          	jal	ra,428a <mxic_release_deep_power_down>
    spirom_set_addr4(dev, dev->addr_bytes == 4);
    4372:	00c44583          	lbu	a1,12(s0)
    4376:	8522                	mv	a0,s0
    4378:	15f1                	addi	a1,a1,-4
    437a:	0015b593          	seqz	a1,a1
    437e:	d0dff0ef          	jal	ra,408a <spirom_set_addr4>
		if(dev->d_width == 4) {
    4382:	00444703          	lbu	a4,4(s0)
    4386:	4791                	li	a5,4
    4388:	06f71063          	bne	a4,a5,43e8 <platform_init+0x146>
			if((FLASH_SPI_IGNORE_QE & udc0) == FLASH_SPI_IGNORE_QE) {
    438c:	60449493          	sext.b	s1,s1
				ret = (mxic_qd_bit(dev) == 1 ? 0 : 1);
    4390:	8522                	mv	a0,s0
			if((FLASH_SPI_IGNORE_QE & udc0) == FLASH_SPI_IGNORE_QE) {
    4392:	0204d163          	bgez	s1,43b4 <platform_init+0x112>
				ret = (mxic_qd_bit(dev) == 1 ? 0 : 1);
    4396:	d2bff0ef          	jal	ra,40c0 <mxic_qd_bit>
            if(ret) {
    439a:	4785                	li	a5,1
    439c:	04f51463          	bne	a0,a5,43e4 <platform_init+0x142>
			outw(SPIB_REG_MEMACCESS(base), dev->addr_bytes == 4 ? 13 : 5);  //set spi read mode as Quad mode
    43a0:	00c44683          	lbu	a3,12(s0)
    43a4:	4711                	li	a4,4
    43a6:	47b5                	li	a5,13
    43a8:	00e68363          	beq	a3,a4,43ae <platform_init+0x10c>
    43ac:	4795                	li	a5,5
    43ae:	04f92823          	sw	a5,80(s2)
    43b2:	a015                	j	43d6 <platform_init+0x134>
				ret = mxic_enable_qd(dev);  //let flash support quad mode
    43b4:	d2dff0ef          	jal	ra,40e0 <mxic_enable_qd>
            if(ret) {
    43b8:	d565                	beqz	a0,43a0 <platform_init+0xfe>
                dev->d_width = 1;  //roll back to spi mode if quad mode not enabled
    43ba:	4785                	li	a5,1
                outw(SPIB_REG_MEMACCESS(base), dev->addr_bytes == 4 ? 9 : 1);
    43bc:	00c44683          	lbu	a3,12(s0)
                dev->d_width = 1;  //roll back to spi mode if quad mode not enabled
    43c0:	00f40223          	sb	a5,4(s0)
                outw(SPIB_REG_MEMACCESS(base), dev->addr_bytes == 4 ? 9 : 1);
    43c4:	4711                	li	a4,4
    43c6:	47a5                	li	a5,9
    43c8:	00e68363          	beq	a3,a4,43ce <platform_init+0x12c>
    43cc:	4785                	li	a5,1
    43ce:	04f92823          	sw	a5,80(s2)
                if(FLASH_SPI_IGNORE_QE & udc0)
    43d2:	0004d363          	bgez	s1,43d8 <platform_init+0x136>
			outw(SPIB_REG_MEMACCESS(base), dev->addr_bytes == 4 ? 9 : 1);
    43d6:	4501                	li	a0,0
}
    43d8:	50b2                	lw	ra,44(sp)
    43da:	5422                	lw	s0,40(sp)
    43dc:	5492                	lw	s1,36(sp)
    43de:	5902                	lw	s2,32(sp)
    43e0:	6145                	addi	sp,sp,48
    43e2:	8082                	ret
				ret = (mxic_qd_bit(dev) == 1 ? 0 : 1);
    43e4:	4505                	li	a0,1
    43e6:	bfd1                	j	43ba <platform_init+0x118>
		} else if(dev->d_width == 2) {
    43e8:	4609                	li	a2,2
			outw(SPIB_REG_MEMACCESS(base), dev->addr_bytes == 4 ? 12 : 4);  //set spi read mode as Dual mode
    43ea:	00c44683          	lbu	a3,12(s0)
		} else if(dev->d_width == 2) {
    43ee:	00c71963          	bne	a4,a2,4400 <platform_init+0x15e>
			outw(SPIB_REG_MEMACCESS(base), dev->addr_bytes == 4 ? 12 : 4);  //set spi read mode as Dual mode
    43f2:	4731                	li	a4,12
    43f4:	00f68363          	beq	a3,a5,43fa <platform_init+0x158>
    43f8:	4711                	li	a4,4
			outw(SPIB_REG_MEMACCESS(base), dev->addr_bytes == 4 ? 9 : 1);
    43fa:	04e92823          	sw	a4,80(s2)
    43fe:	bfe1                	j	43d6 <platform_init+0x134>
    4400:	4725                	li	a4,9
    4402:	fef68ce3          	beq	a3,a5,43fa <platform_init+0x158>
    4406:	4705                	li	a4,1
    4408:	bfcd                	j	43fa <platform_init+0x158>

0000440a <spib_get_data>:
    return inw(SPIB_REG_DATA(base));
    440a:	5548                	lw	a0,44(a0)
}
    440c:	8082                	ret

0000440e <spib_prepare_dctrl>:
{
    unsigned int v[8];
    unsigned int i;
    unsigned int dctrl = 0x0;

    v[0] = ((cmden << SPIB_DCTRL_CMDEN_OFFSET) & SPIB_DCTRL_CMDEN_MASK);
    440e:	057a                	slli	a0,a0,0x1e
    4410:	40000837          	lui	a6,0x40000
{
    4414:	1101                	addi	sp,sp,-32
    v[0] = ((cmden << SPIB_DCTRL_CMDEN_OFFSET) & SPIB_DCTRL_CMDEN_MASK);
    4416:	01057533          	and	a0,a0,a6
    441a:	c02a                	sw	a0,0(sp)
    v[1] = ((addren << SPIB_DCTRL_ADDREN_OFFSET) & SPIB_DCTRL_ADDREN_MASK);
    441c:	05f6                	slli	a1,a1,0x1d
    441e:	20000537          	lui	a0,0x20000
    4422:	8de9                	and	a1,a1,a0
    4424:	c22e                	sw	a1,4(sp)
    v[2] = ((tm << SPIB_DCTRL_TRAMODE_OFFSET) & SPIB_DCTRL_TRAMODE_MASK);
    4426:	0662                	slli	a2,a2,0x18
    4428:	0f0005b7          	lui	a1,0xf000
    442c:	8e6d                	and	a2,a2,a1
    442e:	c432                	sw	a2,8(sp)
    v[3] = ((wcnt << SPIB_DCTRL_WCNT_OFFSET) & SPIB_DCTRL_WCNT_MASK);
    4430:	06b2                	slli	a3,a3,0xc
    4432:	001ff637          	lui	a2,0x1ff
    v[4] = ((dycnt << SPIB_DCTRL_DYCNT_OFFSET) & SPIB_DCTRL_DYCNT_MASK);
    4436:	0726                	slli	a4,a4,0x9
    4438:	60077713          	andi	a4,a4,1536
    v[5] = ((rcnt << SPIB_DCTRL_RCNT_OFFSET) & SPIB_DCTRL_RCNT_MASK);
    443c:	1ff7f793          	andi	a5,a5,511
    v[3] = ((wcnt << SPIB_DCTRL_WCNT_OFFSET) & SPIB_DCTRL_WCNT_MASK);
    4440:	8ef1                	and	a3,a3,a2
    v[4] = ((dycnt << SPIB_DCTRL_DYCNT_OFFSET) & SPIB_DCTRL_DYCNT_MASK);
    4442:	c83a                	sw	a4,16(sp)
    v[5] = ((rcnt << SPIB_DCTRL_RCNT_OFFSET) & SPIB_DCTRL_RCNT_MASK);
    4444:	ca3e                	sw	a5,20(sp)
    v[3] = ((wcnt << SPIB_DCTRL_WCNT_OFFSET) & SPIB_DCTRL_WCNT_MASK);
    4446:	c636                	sw	a3,12(sp)

    for(i = 0; i < 6; i++)
    4448:	878a                	mv	a5,sp
    444a:	0838                	addi	a4,sp,24
    unsigned int dctrl = 0x0;
    444c:	4501                	li	a0,0
        dctrl |= v[i];
    444e:	4394                	lw	a3,0(a5)
    for(i = 0; i < 6; i++)
    4450:	0791                	addi	a5,a5,4
        dctrl |= v[i];
    4452:	8d55                	or	a0,a0,a3
    for(i = 0; i < 6; i++)
    4454:	fee79de3          	bne	a5,a4,444e <spib_prepare_dctrl+0x40>
    // printf("dctrl = %x\n", dctrl);
    return dctrl;
}
    4458:	6105                	addi	sp,sp,32
    445a:	8082                	ret

0000445c <spib_prepare_dctrl2>:
{
    unsigned int v[9];
    unsigned int i;
    unsigned int dctrl = 0x0;

    v[0] = ((cmden << SPIB_DCTRL_CMDEN_OFFSET) & SPIB_DCTRL_CMDEN_MASK);
    445c:	057a                	slli	a0,a0,0x1e
    445e:	40000337          	lui	t1,0x40000
{
    4462:	7179                	addi	sp,sp,-48
    v[0] = ((cmden << SPIB_DCTRL_CMDEN_OFFSET) & SPIB_DCTRL_CMDEN_MASK);
    4464:	00657533          	and	a0,a0,t1
    v[1] = ((addren << SPIB_DCTRL_ADDREN_OFFSET) & SPIB_DCTRL_ADDREN_MASK);
    v[2] = ((tm << SPIB_DCTRL_TRAMODE_OFFSET) & SPIB_DCTRL_TRAMODE_MASK);
    v[3] = ((wcnt << SPIB_DCTRL_WCNT_OFFSET) & SPIB_DCTRL_WCNT_MASK);
    v[4] = ((dycnt << SPIB_DCTRL_DYCNT_OFFSET) & SPIB_DCTRL_DYCNT_MASK);
    v[5] = ((rcnt << SPIB_DCTRL_RCNT_OFFSET) & SPIB_DCTRL_RCNT_MASK);
    4468:	1ff7f793          	andi	a5,a5,511
    v[0] = ((cmden << SPIB_DCTRL_CMDEN_OFFSET) & SPIB_DCTRL_CMDEN_MASK);
    446c:	c62a                	sw	a0,12(sp)
    v[1] = ((addren << SPIB_DCTRL_ADDREN_OFFSET) & SPIB_DCTRL_ADDREN_MASK);
    446e:	05f6                	slli	a1,a1,0x1d
    4470:	20000537          	lui	a0,0x20000
    v[5] = ((rcnt << SPIB_DCTRL_RCNT_OFFSET) & SPIB_DCTRL_RCNT_MASK);
    4474:	d03e                	sw	a5,32(sp)
    v[6] = (addrfmt << SPIB_DCTRL_ADDRFMT_OFFSET) & SPIB_DCTRL_ADDRFMT_MASK;
    4476:	0872                	slli	a6,a6,0x1c
    4478:	100007b7          	lui	a5,0x10000
    v[1] = ((addren << SPIB_DCTRL_ADDREN_OFFSET) & SPIB_DCTRL_ADDREN_MASK);
    447c:	8de9                	and	a1,a1,a0
    v[6] = (addrfmt << SPIB_DCTRL_ADDRFMT_OFFSET) & SPIB_DCTRL_ADDRFMT_MASK;
    447e:	00f87833          	and	a6,a6,a5
    v[7] = (datafmt << SPIB_DCTRL_DATAFMT_OFFSET) & SPIB_DCTRL_DATAFMT_MASK;
    4482:	08da                	slli	a7,a7,0x16
    4484:	00c007b7          	lui	a5,0xc00
    4488:	00f8f8b3          	and	a7,a7,a5
    v[1] = ((addren << SPIB_DCTRL_ADDREN_OFFSET) & SPIB_DCTRL_ADDREN_MASK);
    448c:	c82e                	sw	a1,16(sp)
    v[8] = (tokenen << SPIB_DCTRL_TOKENEN_OFFSET) & SPIB_DCTRL_TOKENEN_MASK;
    448e:	57c2                	lw	a5,48(sp)
    v[2] = ((tm << SPIB_DCTRL_TRAMODE_OFFSET) & SPIB_DCTRL_TRAMODE_MASK);
    4490:	0662                	slli	a2,a2,0x18
    4492:	0f0005b7          	lui	a1,0xf000
    v[4] = ((dycnt << SPIB_DCTRL_DYCNT_OFFSET) & SPIB_DCTRL_DYCNT_MASK);
    4496:	0726                	slli	a4,a4,0x9
    v[2] = ((tm << SPIB_DCTRL_TRAMODE_OFFSET) & SPIB_DCTRL_TRAMODE_MASK);
    4498:	8e6d                	and	a2,a2,a1
    v[4] = ((dycnt << SPIB_DCTRL_DYCNT_OFFSET) & SPIB_DCTRL_DYCNT_MASK);
    449a:	60077713          	andi	a4,a4,1536
    v[2] = ((tm << SPIB_DCTRL_TRAMODE_OFFSET) & SPIB_DCTRL_TRAMODE_MASK);
    449e:	ca32                	sw	a2,20(sp)
    v[3] = ((wcnt << SPIB_DCTRL_WCNT_OFFSET) & SPIB_DCTRL_WCNT_MASK);
    44a0:	06b2                	slli	a3,a3,0xc
    44a2:	001ff637          	lui	a2,0x1ff
    v[4] = ((dycnt << SPIB_DCTRL_DYCNT_OFFSET) & SPIB_DCTRL_DYCNT_MASK);
    44a6:	ce3a                	sw	a4,28(sp)
    v[8] = (tokenen << SPIB_DCTRL_TOKENEN_OFFSET) & SPIB_DCTRL_TOKENEN_MASK;
    44a8:	07d6                	slli	a5,a5,0x15
    44aa:	00200737          	lui	a4,0x200
    44ae:	8ff9                	and	a5,a5,a4
    v[3] = ((wcnt << SPIB_DCTRL_WCNT_OFFSET) & SPIB_DCTRL_WCNT_MASK);
    44b0:	8ef1                	and	a3,a3,a2
    v[8] = (tokenen << SPIB_DCTRL_TOKENEN_OFFSET) & SPIB_DCTRL_TOKENEN_MASK;
    44b2:	d63e                	sw	a5,44(sp)
    v[3] = ((wcnt << SPIB_DCTRL_WCNT_OFFSET) & SPIB_DCTRL_WCNT_MASK);
    44b4:	cc36                	sw	a3,24(sp)
    v[6] = (addrfmt << SPIB_DCTRL_ADDRFMT_OFFSET) & SPIB_DCTRL_ADDRFMT_MASK;
    44b6:	d242                	sw	a6,36(sp)
    v[7] = (datafmt << SPIB_DCTRL_DATAFMT_OFFSET) & SPIB_DCTRL_DATAFMT_MASK;
    44b8:	d446                	sw	a7,40(sp)

    for(i = 0; i < 9; i++)
    44ba:	007c                	addi	a5,sp,12
    unsigned int dctrl = 0x0;
    44bc:	4501                	li	a0,0
        dctrl |= v[i];
    44be:	4398                	lw	a4,0(a5)
    for(i = 0; i < 9; i++)
    44c0:	0791                	addi	a5,a5,4
        dctrl |= v[i];
    44c2:	8d59                	or	a0,a0,a4
    for(i = 0; i < 9; i++)
    44c4:	1818                	addi	a4,sp,48
    44c6:	fee79ce3          	bne	a5,a4,44be <spib_prepare_dctrl2+0x62>
    // printf("dctrl = %x\n", dctrl);
    return dctrl;
}
    44ca:	6145                	addi	sp,sp,48
    44cc:	8082                	ret

000044ce <spib_wait_spi>:
    // printf("spib_get_busy ===0x%08x\n", reg);
    return (reg & SPIB_FIFOST_SPIBSY_MASK);
}

_EXT_RAM int spib_wait_spi(unsigned long base)
{
    44ce:	3e700793          	li	a5,999
    unsigned int reg = inw(SPIB_REG_FIFOST(base));
    44d2:	5958                	lw	a4,52(a0)
    return (reg & SPIB_FIFOST_SPIBSY_MASK);
    44d4:	8b05                	andi	a4,a4,1
    unsigned int i;
    unsigned int timeout = 1000;

    for(i = 1; i < timeout; i++) {
        if(spib_get_busy(base) == 0)
    44d6:	c709                	beqz	a4,44e0 <spib_wait_spi+0x12>
    for(i = 1; i < timeout; i++) {
    44d8:	17fd                	addi	a5,a5,-1
    44da:	ffe5                	bnez	a5,44d2 <spib_wait_spi+0x4>
            return 0;
    }
    return -1;
    44dc:	557d                	li	a0,-1
    44de:	8082                	ret
            return 0;
    44e0:	4501                	li	a0,0
}
    44e2:	8082                	ret

000044e4 <spib_wait_rx_empty>:
    unsigned int reg = inw(SPIB_REG_FIFOST(base));
    return (reg & SPIB_FIFOST_RXFEM_MASK);
}

_EXT_RAM int spib_wait_rx_empty(unsigned long base)
{
    44e4:	3e700793          	li	a5,999
    return (reg & SPIB_FIFOST_RXFEM_MASK);
    44e8:	6691                	lui	a3,0x4
    unsigned int reg = inw(SPIB_REG_FIFOST(base));
    44ea:	5958                	lw	a4,52(a0)
    return (reg & SPIB_FIFOST_RXFEM_MASK);
    44ec:	8f75                	and	a4,a4,a3
	unsigned int i;
	unsigned int timeout = 1000;

	for(i = 1; i < timeout; i++) {
		if(spib_get_rx_empty(base) == 0)
    44ee:	c709                	beqz	a4,44f8 <spib_wait_rx_empty+0x14>
	for(i = 1; i < timeout; i++) {
    44f0:	17fd                	addi	a5,a5,-1
    44f2:	ffe5                	bnez	a5,44ea <spib_wait_rx_empty+0x6>
			return 0;
	}
	return -1;
    44f4:	557d                	li	a0,-1
    44f6:	8082                	ret
			return 0;
    44f8:	4501                	li	a0,0
}
    44fa:	8082                	ret

000044fc <spib_get_rx_entries>:

_EXT_RAM unsigned int spib_get_rx_entries(unsigned long base)
{
    unsigned int reg = inw(SPIB_REG_FIFOST(base));
    44fc:	5948                	lw	a0,52(a0)
    unsigned int RetData;

    RetData = ((reg & SPIB_FIFOST_RXFVE_MASK) >> SPIB_FIFOST_RXFVE_OFFSET);
    44fe:	8121                	srli	a0,a0,0x8
    return (RetData);
}
    4500:	897d                	andi	a0,a0,31
    4502:	8082                	ret

00004504 <spib_clr_fifo>:

_EXT_RAM void spib_clr_fifo(unsigned long base)
{
    unsigned int spib_ctrl = inw(SPIB_REG_CTRL(base));
    4504:	591c                	lw	a5,48(a0)
    spib_ctrl |= (SPIB_CTRL_TXFRST_MASK | SPIB_CTRL_RXFRST_MASK);
    4506:	0067e793          	ori	a5,a5,6
    outw(SPIB_REG_CTRL(base), reg);
    450a:	d91c                	sw	a5,48(a0)
    spib_set_ctrl(base, spib_ctrl);
}
    450c:	8082                	ret

0000450e <spib_exe_cmmd>:
    outw(SPIB_REG_DATA(base), data);
    450e:	d54c                	sw	a1,44(a0)
    outw(SPIB_REG_DCTRL(base), reg);
    4510:	d110                	sw	a2,32(a0)
    outw(SPIB_REG_CMD(base), cmd);
    4512:	02052223          	sw	zero,36(a0) # 20000024 <_data_lma+0x1fffb2e4>
    if(guiWithMultiout == 0) {
        spib_set_data(base, op_addr);     /*-- push flash command into tx fifo --*/
        spib_set_dctrl(base, spib_dctrl); /*-- set dctrl --*/
        spib_set_cmd(base, 0x0);          /*-- set dummy command to trigger transation start --*/
    }
}
    4516:	8082                	ret

00004518 <spib_exe_cmmd2>:
    outw(SPIB_REG_DCTRL(base), reg);
    4518:	d114                	sw	a3,32(a0)
    outw(SPIB_REG_ADDR(base), addr);
    451a:	d510                	sw	a2,40(a0)
    outw(SPIB_REG_CMD(base), cmd);
    451c:	d14c                	sw	a1,36(a0)
{
    /*-- execute command --*/
	spib_set_dctrl(base, spib_dctrl);
	spib_set_addr(base, addr);
	spib_set_cmd(base, op);
}
    451e:	8082                	ret

00004520 <spib_rx_data>:

_EXT_RAM void spib_rx_data(unsigned long base, unsigned int* pRxdata, int RxBytes)
{
    4520:	1101                	addi	sp,sp,-32
    4522:	cc22                	sw	s0,24(sp)
    4524:	c84a                	sw	s2,16(sp)
    4526:	c64e                	sw	s3,12(sp)
    4528:	ce06                	sw	ra,28(sp)
    452a:	ca26                	sw	s1,20(sp)
    452c:	842a                	mv	s0,a0
    452e:	892e                	mv	s2,a1
    return (reg & SPIB_FIFOST_RXFEM_MASK);
    4530:	6991                	lui	s3,0x4
    unsigned int reg = inw(SPIB_REG_FIFOST(base));
    4532:	5844                	lw	s1,52(s0)
    return (reg & SPIB_FIFOST_SPIBSY_MASK);
    4534:	8885                	andi	s1,s1,1
    unsigned int i, RxWords = 0;
    unsigned int* p_dst_buffer = (unsigned int*)pRxdata;

    if(guiWithMultiout == 0) {
        /*-- wait completion --*/
        while(spib_get_busy(base) != 0) {
    4536:	ec89                	bnez	s1,4550 <spib_rx_data+0x30>
                for(i = 0; i < RxWords; i++) {
                    *p_dst_buffer++ = inw(SPIB_REG_DATA(base));
                }
            }
        }
        RxWords = spib_get_rx_entries(base);
    4538:	8522                	mv	a0,s0
    453a:	fc3ff0ef          	jal	ra,44fc <spib_get_rx_entries>
        for(i = 0; i < RxWords; i++) {
    453e:	02a49b63          	bne	s1,a0,4574 <spib_rx_data+0x54>
            *p_dst_buffer++ = inw(SPIB_REG_DATA(base));
        }
    }
}
    4542:	40f2                	lw	ra,28(sp)
    4544:	4462                	lw	s0,24(sp)
    4546:	44d2                	lw	s1,20(sp)
    4548:	4942                	lw	s2,16(sp)
    454a:	49b2                	lw	s3,12(sp)
    454c:	6105                	addi	sp,sp,32
    454e:	8082                	ret
    unsigned int reg = inw(SPIB_REG_FIFOST(base));
    4550:	5844                	lw	s1,52(s0)
    return (reg & SPIB_FIFOST_RXFEM_MASK);
    4552:	0134f4b3          	and	s1,s1,s3
            if(spib_get_rx_empty(base) == 0) {
    4556:	fcf1                	bnez	s1,4532 <spib_rx_data+0x12>
                RxWords = spib_get_rx_entries(base);
    4558:	8522                	mv	a0,s0
    455a:	fa3ff0ef          	jal	ra,44fc <spib_get_rx_entries>
                for(i = 0; i < RxWords; i++) {
    455e:	00249793          	slli	a5,s1,0x2
    4562:	00a49463          	bne	s1,a0,456a <spib_rx_data+0x4a>
    4566:	993e                	add	s2,s2,a5
    4568:	b7e9                	j	4532 <spib_rx_data+0x12>
                    *p_dst_buffer++ = inw(SPIB_REG_DATA(base));
    456a:	5458                	lw	a4,44(s0)
    456c:	97ca                	add	a5,a5,s2
    456e:	c398                	sw	a4,0(a5)
                for(i = 0; i < RxWords; i++) {
    4570:	0485                	addi	s1,s1,1
    4572:	b7f5                	j	455e <spib_rx_data+0x3e>
            *p_dst_buffer++ = inw(SPIB_REG_DATA(base));
    4574:	5458                	lw	a4,44(s0)
    4576:	2124c7b3          	sh2add	a5,s1,s2
    457a:	c398                	sw	a4,0(a5)
        for(i = 0; i < RxWords; i++) {
    457c:	0485                	addi	s1,s1,1
    457e:	b7c1                	j	453e <spib_rx_data+0x1e>

00004580 <spib_tx_data>:

_EXT_RAM void spib_tx_data(unsigned long base, void* pTxdata, int TxBytes)
{
    unsigned int i, j, data;
    unsigned int TxWords = (TxBytes + 3) / 4;
    4580:	4791                	li	a5,4
    4582:	060d                	addi	a2,a2,3
    4584:	02f64633          	div	a2,a2,a5
    unsigned int* p_src_buffer = (unsigned int*)pTxdata;
    unsigned int timeout = 8000;
    unsigned int spib_tx_full;

    if(guiWithMultiout == 0) {
        for(i = 0; i < TxWords; i++) {
    4588:	6809                	lui	a6,0x2
    458a:	4781                	li	a5,0
            for(j = 0; j < timeout; j++) {
                spib_tx_full = (spib_get_fifost(base) & SPIB_FIFOST_TXFFL_MASK);
    458c:	008008b7          	lui	a7,0x800
        for(i = 0; i < TxWords; i++) {
    4590:	00c79363          	bne	a5,a2,4596 <spib_tx_data+0x16>
            spib_set_data(base, *p_src_buffer);

            p_src_buffer++;
        }
    }
}
    4594:	8082                	ret
    4596:	f4080713          	addi	a4,a6,-192 # 1f40 <mbedtls_internal_md5_process+0x482>
    unsigned int reg = inw(SPIB_REG_FIFOST(base));
    459a:	5954                	lw	a3,52(a0)
                spib_tx_full = (spib_get_fifost(base) & SPIB_FIFOST_TXFFL_MASK);
    459c:	0116f6b3          	and	a3,a3,a7
                if(spib_tx_full == 0) {
    45a0:	c681                	beqz	a3,45a8 <spib_tx_data+0x28>
            for(j = 0; j < timeout; j++) {
    45a2:	177d                	addi	a4,a4,-1
    45a4:	fb7d                	bnez	a4,459a <spib_tx_data+0x1a>
    45a6:	8082                	ret
            spib_set_data(base, *p_src_buffer);
    45a8:	20b7c733          	sh2add	a4,a5,a1
    45ac:	4318                	lw	a4,0(a4)
        for(i = 0; i < TxWords; i++) {
    45ae:	0785                	addi	a5,a5,1
    outw(SPIB_REG_DATA(base), data);
    45b0:	d558                	sw	a4,44(a0)
        for(i = 0; i < TxWords; i++) {
    45b2:	bff9                	j	4590 <spib_tx_data+0x10>

000045b4 <system_default_exception_handler>:
    while (1);
    45b4:	a001                	j	45b4 <system_default_exception_handler>

000045b6 <core_exception_handler>:
    uint32_t EXCn = (uint32_t)(mcause & 0X00000fff);
    45b6:	6785                	lui	a5,0x1
    45b8:	fff78693          	addi	a3,a5,-1 # fff <uart_receive_bytes+0x25>
    if (EXCn < MAX_SYSTEM_EXCEPTION_NUM) {
    45bc:	17c1                	addi	a5,a5,-16
    45be:	8fe9                	and	a5,a5,a0
    uint32_t EXCn = (uint32_t)(mcause & 0X00000fff);
    45c0:	00d57733          	and	a4,a0,a3
    if (EXCn < MAX_SYSTEM_EXCEPTION_NUM) {
    45c4:	eb89                	bnez	a5,45d6 <core_exception_handler+0x20>
        exc_handler = (EXC_HANDLER)SystemExceptionHandlers[EXCn];
    45c6:	ee018793          	addi	a5,gp,-288 # 20034790 <SystemExceptionHandlers>
    45ca:	20f74733          	sh2add	a4,a4,a5
    45ce:	431c                	lw	a5,0(a4)
    if (exc_handler != NULL) {
    45d0:	eb99                	bnez	a5,45e6 <core_exception_handler+0x30>
}
    45d2:	4501                	li	a0,0
    45d4:	8082                	ret
    } else if (EXCn == NMI_EXCn) {
    45d6:	00d71563          	bne	a4,a3,45e0 <core_exception_handler+0x2a>
        exc_handler = (EXC_HANDLER)SystemExceptionHandlers[MAX_SYSTEM_EXCEPTION_NUM];
    45da:	f201a783          	lw	a5,-224(gp) # 200347d0 <SystemExceptionHandlers+0x40>
    45de:	bfcd                	j	45d0 <core_exception_handler+0x1a>
        exc_handler = (EXC_HANDLER)system_default_exception_handler;
    45e0:	6791                	lui	a5,0x4
    45e2:	5b478793          	addi	a5,a5,1460 # 45b4 <system_default_exception_handler>
{
    45e6:	1141                	addi	sp,sp,-16
    45e8:	c606                	sw	ra,12(sp)
        exc_handler(mcause, sp);
    45ea:	9782                	jalr	a5
}
    45ec:	40b2                	lw	ra,12(sp)
    45ee:	4501                	li	a0,0
    45f0:	0141                	addi	sp,sp,16
    45f2:	8082                	ret

000045f4 <ECLIC_Init>:
 * \sa
 * - \ref ECLIC_GetMth
 */
__STATIC_FORCEINLINE void __ECLIC_SetMth(uint8_t mth)
{
    ECLIC->MTH = mth;
    45f4:	f2418713          	addi	a4,gp,-220 # 200347d4 <SystemIRegionInfo>
    45f8:	435c                	lw	a5,4(a4)
    45fa:	000785a3          	sb	zero,11(a5)
    return ((uint32_t)((ECLIC->INFO & CLIC_CLICINFO_CTLBIT_Msk) >> CLIC_CLICINFO_CTLBIT_Pos));
    45fe:	435c                	lw	a5,4(a4)
    4600:	43dc                	lw	a5,4(a5)
    ECLIC->CFG &= ~CLIC_CLICCFG_NLBIT_Msk;
    4602:	4350                	lw	a2,4(a4)
    return ((uint32_t)((ECLIC->INFO & CLIC_CLICINFO_CTLBIT_Msk) >> CLIC_CLICINFO_CTLBIT_Pos));
    4604:	83d1                	srli	a5,a5,0x14
    ECLIC->CFG &= ~CLIC_CLICCFG_NLBIT_Msk;
    4606:	00064683          	lbu	a3,0(a2) # 1ff000 <_data_lma+0x1fa2c0>
    ECLIC->CFG |= (uint8_t)((nlbits <<CLIC_CLICCFG_NLBIT_Pos) & CLIC_CLICCFG_NLBIT_Msk);
    460a:	8bf9                	andi	a5,a5,30
    ECLIC->CFG &= ~CLIC_CLICCFG_NLBIT_Msk;
    460c:	0e16f693          	andi	a3,a3,225
    4610:	00d60023          	sb	a3,0(a2)
    ECLIC->CFG |= (uint8_t)((nlbits <<CLIC_CLICCFG_NLBIT_Pos) & CLIC_CLICCFG_NLBIT_Msk);
    4614:	4354                	lw	a3,4(a4)
    4616:	0006c703          	lbu	a4,0(a3) # 4000 <flash_status_register_set+0x12>
    461a:	0ff77713          	zext.b	a4,a4
    461e:	8fd9                	or	a5,a5,a4
    4620:	00f68023          	sb	a5,0(a3)
}
    4624:	8082                	ret

00004626 <_premain_init>:
 */
__STATIC_FORCEINLINE unsigned long __get_hart_id(void)
{
    unsigned long id;

    id = __RV_CSR_READ(CSR_MHARTID) & 0xFF;
    4626:	f14026f3          	csrr	a3,mhartid
    462a:	0ff6f693          	zext.b	a3,a3
{
    // TODO to make it possible for configurable boot hartid
    unsigned long hartid = __get_hart_id();

    // BOOT_HARTID is defined <Device.h>
    if (hartid == BOOT_HARTID) { // only done in boot hart
    462e:	ee8d                	bnez	a3,4668 <_premain_init+0x42>
    mcfg_info = __RV_CSR_READ(CSR_MCFG_INFO);
    4630:	fc202773          	csrr	a4,mcfg_info
    if (mcfg_info & MCFG_INFO_IREGION_EXIST) { // IRegion Info present
    4634:	67c1                	lui	a5,0x10
    4636:	8f7d                	and	a4,a4,a5
    4638:	f2418793          	addi	a5,gp,-220 # 200347d4 <SystemIRegionInfo>
    463c:	cf31                	beqz	a4,4698 <_premain_init+0x72>
        iregion->iregion_base = (__RV_CSR_READ(CSR_MIRGB_INFO) >> 10) << 10;
    463e:	7f702773          	csrr	a4,mirgb_info
        iregion->eclic_base = iregion->iregion_base + IREGION_ECLIC_OFS;
    4642:	00020637          	lui	a2,0x20
        iregion->iregion_base = (__RV_CSR_READ(CSR_MIRGB_INFO) >> 10) << 10;
    4646:	c0077713          	andi	a4,a4,-1024
    464a:	c398                	sw	a4,0(a5)
        iregion->eclic_base = iregion->iregion_base + IREGION_ECLIC_OFS;
    464c:	963a                	add	a2,a2,a4
    464e:	c3d0                	sw	a2,4(a5)
        iregion->systimer_base = iregion->iregion_base + IREGION_TIMER_OFS;
    4650:	00030637          	lui	a2,0x30
    4654:	963a                	add	a2,a2,a4
    4656:	c790                	sw	a2,8(a5)
        iregion->smp_base = iregion->iregion_base + IREGION_SMP_OFS;
    4658:	00040637          	lui	a2,0x40
    465c:	963a                	add	a2,a2,a4
    465e:	c7d0                	sw	a2,12(a5)
        iregion->idu_base = iregion->iregion_base + IREGION_IDU_OFS;
    4660:	00050637          	lui	a2,0x50
    4664:	9732                	add	a4,a4,a2
    4666:	cb98                	sw	a4,16(a5)
 * - Please make sure the version of your nuclei processor contain ICACHE bit in mcfg_info
 * \return 1 if present otherwise 0
*/
__STATIC_FORCEINLINE int32_t ICachePresent(void)
{
    if (__RV_CSR_READ(CSR_MCFG_INFO) & MCFG_INFO_ICACHE) {
    4668:	fc2027f3          	csrr	a5,mcfg_info
    466c:	2007f793          	andi	a5,a5,512
    4670:	c399                	beqz	a5,4676 <_premain_init+0x50>
 * \sa
 * - \ref DisableICache
*/
__STATIC_FORCEINLINE void EnableICache(void)
{
    __RV_CSR_SET(CSR_MCACHE_CTL, MCACHE_CTL_IC_EN);
    4672:	7ca0e073          	csrsi	mcache_ctl,1
    /* Do fence and fence.i to make sure previous ilm/dlm/icache/dcache control done */
    //Todo: Flash cache enable
    // __RWMB();
    // __FENCE_I();

    if (hartid == BOOT_HARTID) { // only required for boot hartid
    4676:	ea85                	bnez	a3,46a6 <_premain_init+0x80>
    4678:	ee018793          	addi	a5,gp,-288 # 20034790 <SystemExceptionHandlers>
        SystemExceptionHandlers[i] = (unsigned long)system_default_exception_handler;
    467c:	6691                	lui	a3,0x4
    467e:	04078613          	addi	a2,a5,64 # 10040 <_data_lma+0xb300>
    4682:	ee018713          	addi	a4,gp,-288 # 20034790 <SystemExceptionHandlers>
    4686:	5b468693          	addi	a3,a3,1460 # 45b4 <system_default_exception_handler>
    468a:	c394                	sw	a3,0(a5)
    for (int i = 0; i < MAX_SYSTEM_EXCEPTION_NUM; i++) {
    468c:	0791                	addi	a5,a5,4
    468e:	fec79ee3          	bne	a5,a2,468a <_premain_init+0x64>
    SystemExceptionHandlers[MAX_SYSTEM_EXCEPTION_NUM] = (unsigned long)system_default_exception_handler;
    4692:	c334                	sw	a3,64(a4)
        /* Initialize exception default handlers */
        Exception_Init();
        /* ECLIC initialization, mainly MTH and NLBIT */
        ECLIC_Init();
    4694:	f61ff06f          	j	45f4 <ECLIC_Init>
        iregion->eclic_base = FALLBACK_DEFAULT_ECLIC_BASE;
    4698:	0c000737          	lui	a4,0xc000
    469c:	c3d8                	sw	a4,4(a5)
        iregion->systimer_base = FALLBACK_DEFAULT_SYSTIMER_BASE;
    469e:	02000737          	lui	a4,0x2000
    46a2:	c798                	sw	a4,8(a5)
    46a4:	b7d1                	j	4668 <_premain_init+0x42>
        CLOGD("CSR: MILM_CTL 0x%x, MDLM_CTL 0x%x, MCACHE_CTL 0x%x\n", \
            __RV_CSR_READ(CSR_MILM_CTL), __RV_CSR_READ(CSR_MDLM_CTL), \
            __RV_CSR_READ(CSR_MCACHE_CTL));
#endif
    }
}
    46a6:	8082                	ret

000046a8 <_postmain_fini>:
void _postmain_fini(int status)
{
    /* TODO: Add your own finishing code here, called after main */
//    extern void simulation_exit(int status);
//    simulation_exit(status);
}
    46a8:	8082                	ret

000046aa <_init>:
 * Please use \ref _premain_init function now
 */
void _init(void)
{
    /* Don't put any code here, please use _premain_init now */
}
    46aa:	8082                	ret

000046ac <_fini>:
    46ac:	8082                	ret

000046ae <irq_vectors_init>:
void eclic_msip_handler(void) __attribute__((weak));
void eclic_mtip_handler(void) __attribute__((weak));

void irq_vectors_init(void)
{
    OS_CPU_Vector_Table[SysTimerSW_IRQn] = &eclic_msip_handler;
    46ae:	e5018793          	addi	a5,gp,-432 # 20034700 <OS_CPU_Vector_Table>
    46b2:	00000713          	li	a4,0
    46b6:	c7d8                	sw	a4,12(a5)
    OS_CPU_Vector_Table[SysTimer_IRQn] = &eclic_mtip_handler;
    46b8:	6709                	lui	a4,0x2
    46ba:	64670713          	addi	a4,a4,1606 # 2646 <eclic_mtip_handler>
    46be:	cfd8                	sw	a4,28(a5)
}
    46c0:	8082                	ret

000046c2 <SystemInit>:
    SystemCoreClock = SYSTEM_CLOCK;
    46c2:	016e37b7          	lui	a5,0x16e3
{
    46c6:	1141                	addi	sp,sp,-16
    SystemCoreClock = SYSTEM_CLOCK;
    46c8:	60078793          	addi	a5,a5,1536 # 16e3600 <_data_lma+0x16de8c0>
{
    46cc:	c606                	sw	ra,12(sp)
    SystemCoreClock = SYSTEM_CLOCK;
    46ce:	80f1ac23          	sw	a5,-2024(gp) # 200340c8 <SystemCoreClock>
    irq_vectors_init();
    46d2:	fddff0ef          	jal	ra,46ae <irq_vectors_init>
    __RV_CSR_SET(CSR_MSTATUS, MSTATUS_MIE);
    46d6:	30046073          	csrsi	mstatus,8
}
    46da:	40b2                	lw	ra,12(sp)
    46dc:	0141                	addi	sp,sp,16
    46de:	8082                	ret

000046e0 <register_ISR>:


// Register ISR into Interrupt Vector Table
void register_ISR(uint32_t irq_no, ISR isr, ISR* isr_old)
{
    if (irq_no >= IRQ_MAX)   return;
    46e0:	02300793          	li	a5,35
    46e4:	14a7e663          	bltu	a5,a0,4830 <register_ISR+0x150>
 * \sa
 * - \ref ECLIC_GetShvIRQ
 */
__STATIC_FORCEINLINE void __ECLIC_SetShvIRQ(IRQn_Type IRQn, uint32_t shv)
{
    ECLIC->CTRL[IRQn].INTATTR &= ~CLIC_INTATTR_SHV_Msk;
    46e8:	f2418713          	addi	a4,gp,-220 # 200347d4 <SystemIRegionInfo>
    46ec:	00472803          	lw	a6,4(a4)
    46f0:	00251693          	slli	a3,a0,0x2
    46f4:	6885                	lui	a7,0x1
    46f6:	9836                	add	a6,a6,a3
    46f8:	9846                	add	a6,a6,a7
    46fa:	00284303          	lbu	t1,2(a6)
    46fe:	f2418793          	addi	a5,gp,-220 # 200347d4 <SystemIRegionInfo>
    4702:	0fe37313          	andi	t1,t1,254
    4706:	00680123          	sb	t1,2(a6)
    ECLIC->CTRL[IRQn].INTATTR |= (uint8_t)(shv << CLIC_INTATTR_SHV_Pos);
    470a:	00472803          	lw	a6,4(a4)
    470e:	9836                	add	a6,a6,a3
    4710:	9846                	add	a6,a6,a7
    4712:	00284303          	lbu	t1,2(a6)
    4716:	0ff37313          	zext.b	t1,t1
    471a:	00680123          	sb	t1,2(a6)
    ECLIC->CTRL[IRQn].INTATTR &= ~CLIC_INTATTR_TRIG_Msk;
    471e:	00472803          	lw	a6,4(a4)
    4722:	9836                	add	a6,a6,a3
    4724:	9846                	add	a6,a6,a7
    4726:	00284303          	lbu	t1,2(a6)
    472a:	0f937313          	andi	t1,t1,249
    472e:	00680123          	sb	t1,2(a6)
    ECLIC->CTRL[IRQn].INTATTR |= (uint8_t)(trig << CLIC_INTATTR_TRIG_Pos);
    4732:	4358                	lw	a4,4(a4)
    4734:	9736                	add	a4,a4,a3
    4736:	9746                	add	a4,a4,a7
    4738:	00274803          	lbu	a6,2(a4)
    473c:	0ff87813          	zext.b	a6,a6
    4740:	01070123          	sb	a6,2(a4)

	ECLIC_SetShvIRQ(irq_no, ECLIC_NON_VECTOR_INTERRUPT);
    /* set interrupt trigger mode */
    ECLIC_SetTrigIRQ(irq_no, ECLIC_LEVEL_TRIGGER);

    if (isr_old) *isr_old = (ISR)(OS_CPU_Vector_Table[irq_no]);
    4744:	e5018713          	addi	a4,gp,-432 # 20034700 <OS_CPU_Vector_Table>
    4748:	c619                	beqz	a2,4756 <register_ISR+0x76>
    474a:	00d70833          	add	a6,a4,a3
    474e:	00082803          	lw	a6,0(a6)
    4752:	01062023          	sw	a6,0(a2) # 50000 <_data_lma+0x4b2c0>
    OS_CPU_Vector_Table[irq_no] = isr;
    4756:	9736                	add	a4,a4,a3
    4758:	c30c                	sw	a1,0(a4)
    return ((uint32_t)((ECLIC->CFG & CLIC_CLICCFG_NLBIT_Msk) >> CLIC_CLICCFG_NLBIT_Pos));
    475a:	43d8                	lw	a4,4(a5)
    475c:	00074603          	lbu	a2,0(a4)
    return ((uint32_t)((ECLIC->INFO & CLIC_CLICINFO_CTLBIT_Msk) >> CLIC_CLICINFO_CTLBIT_Pos));
    4760:	43d8                	lw	a4,4(a5)
    return ((uint32_t)((ECLIC->CFG & CLIC_CLICCFG_NLBIT_Msk) >> CLIC_CLICCFG_NLBIT_Pos));
    4762:	8205                	srli	a2,a2,0x1
    return ((uint32_t)((ECLIC->INFO & CLIC_CLICINFO_CTLBIT_Msk) >> CLIC_CLICINFO_CTLBIT_Pos));
    4764:	4354                	lw	a3,4(a4)
    return ((uint32_t)((ECLIC->CFG & CLIC_CLICCFG_NLBIT_Msk) >> CLIC_CLICCFG_NLBIT_Pos));
    4766:	00f67593          	andi	a1,a2,15
    return ((uint32_t)((ECLIC->INFO & CLIC_CLICINFO_CTLBIT_Msk) >> CLIC_CLICINFO_CTLBIT_Pos));
    476a:	82d5                	srli	a3,a3,0x15
    476c:	00f6f813          	andi	a6,a3,15
 */
__STATIC_FORCEINLINE uint8_t __ECLIC_GetPriorityIRQ(IRQn_Type IRQn)
{
    uint8_t nlbits = __ECLIC_GetCfgNlbits();
    uint8_t intctlbits = (uint8_t)__ECLIC_INTCTLBITS;
    if (nlbits < intctlbits) {
    4770:	0305f763          	bgeu	a1,a6,479e <register_ISR+0xbe>
    return (ECLIC->CTRL[IRQn].INTCTRL);
    4774:	43d8                	lw	a4,4(a5)
    4776:	40050613          	addi	a2,a0,1024
    477a:	20e64633          	sh2add	a2,a2,a4
    477e:	00364703          	lbu	a4,3(a2)
        uint8_t cur_ctrl = __ECLIC_GetCtrlIRQ(IRQn);
        uint8_t pri = cur_ctrl << nlbits;
        pri = pri >> nlbits;
        pri = pri >> (ECLIC_MAX_NLBITS - intctlbits);
    4782:	46a1                	li	a3,8
        uint8_t pri = cur_ctrl << nlbits;
    4784:	00b71733          	sll	a4,a4,a1
        pri = pri >> nlbits;
    4788:	0ff77713          	zext.b	a4,a4
    478c:	40b75733          	sra	a4,a4,a1
        pri = pri >> (ECLIC_MAX_NLBITS - intctlbits);
    4790:	410686b3          	sub	a3,a3,a6
    4794:	40d75733          	sra	a4,a4,a3
    // default interrupt priority is 0, we assume that
    // 0 indicates the interrupt has not been initialized before...
    if (ECLIC_GetPriorityIRQ(irq_no) == 0){
    4798:	0ff77713          	zext.b	a4,a4
    479c:	eb51                	bnez	a4,4830 <register_ISR+0x150>
    return ((uint32_t)((ECLIC->CFG & CLIC_CLICCFG_NLBIT_Msk) >> CLIC_CLICCFG_NLBIT_Pos));
    479e:	43d8                	lw	a4,4(a5)
    47a0:	00074683          	lbu	a3,0(a4)
    return ((uint32_t)((ECLIC->INFO & CLIC_CLICINFO_CTLBIT_Msk) >> CLIC_CLICINFO_CTLBIT_Pos));
    47a4:	43d8                	lw	a4,4(a5)
    return ((uint32_t)((ECLIC->CFG & CLIC_CLICCFG_NLBIT_Msk) >> CLIC_CLICCFG_NLBIT_Pos));
    47a6:	8285                	srli	a3,a3,0x1
    return ((uint32_t)((ECLIC->INFO & CLIC_CLICINFO_CTLBIT_Msk) >> CLIC_CLICINFO_CTLBIT_Pos));
    47a8:	4358                	lw	a4,4(a4)
    return ((uint32_t)((ECLIC->CFG & CLIC_CLICCFG_NLBIT_Msk) >> CLIC_CLICCFG_NLBIT_Pos));
    47aa:	8abd                	andi	a3,a3,15
    if (nlbits == 0) {
    47ac:	ca85                	beqz	a3,47dc <register_ISR+0xfc>
    return ((uint32_t)((ECLIC->INFO & CLIC_CLICINFO_CTLBIT_Msk) >> CLIC_CLICINFO_CTLBIT_Pos));
    47ae:	8355                	srli	a4,a4,0x15
    uint8_t maxlvl = ((1 << nlbits) - 1);
    47b0:	8b3d                	andi	a4,a4,15
    47b2:	0ad756b3          	minu	a3,a4,a3
    return (ECLIC->CTRL[IRQn].INTCTRL);
    47b6:	40050613          	addi	a2,a0,1024
    47ba:	43d8                	lw	a4,4(a5)
    47bc:	060a                	slli	a2,a2,0x2
    47be:	9732                	add	a4,a4,a2
    47c0:	00374703          	lbu	a4,3(a4)
    cur_ctrl = cur_ctrl << nlbits;
    47c4:	00d71733          	sll	a4,a4,a3
    cur_ctrl = cur_ctrl >> nlbits;
    47c8:	0ff77713          	zext.b	a4,a4
    47cc:	40d75733          	sra	a4,a4,a3
    ECLIC->CTRL[IRQn].INTCTRL = intctrl;
    47d0:	43d4                	lw	a3,4(a5)
    cur_ctrl = cur_ctrl >> nlbits;
    47d2:	0ff77713          	zext.b	a4,a4
    ECLIC->CTRL[IRQn].INTCTRL = intctrl;
    47d6:	9636                	add	a2,a2,a3
    47d8:	00e601a3          	sb	a4,3(a2)
    return ((uint32_t)((ECLIC->CFG & CLIC_CLICCFG_NLBIT_Msk) >> CLIC_CLICCFG_NLBIT_Pos));
    47dc:	43d8                	lw	a4,4(a5)
    47de:	00074603          	lbu	a2,0(a4)
    return ((uint32_t)((ECLIC->INFO & CLIC_CLICINFO_CTLBIT_Msk) >> CLIC_CLICINFO_CTLBIT_Pos));
    47e2:	43d8                	lw	a4,4(a5)
    return ((uint32_t)((ECLIC->CFG & CLIC_CLICCFG_NLBIT_Msk) >> CLIC_CLICCFG_NLBIT_Pos));
    47e4:	8205                	srli	a2,a2,0x1
    return ((uint32_t)((ECLIC->INFO & CLIC_CLICINFO_CTLBIT_Msk) >> CLIC_CLICINFO_CTLBIT_Pos));
    47e6:	4354                	lw	a3,4(a4)
    return ((uint32_t)((ECLIC->CFG & CLIC_CLICCFG_NLBIT_Msk) >> CLIC_CLICCFG_NLBIT_Pos));
    47e8:	00f67813          	andi	a6,a2,15
    return ((uint32_t)((ECLIC->INFO & CLIC_CLICINFO_CTLBIT_Msk) >> CLIC_CLICINFO_CTLBIT_Pos));
    47ec:	82d5                	srli	a3,a3,0x15
    47ee:	00f6f593          	andi	a1,a3,15
    if (nlbits < intctlbits) {
    47f2:	02b87f63          	bgeu	a6,a1,4830 <register_ISR+0x150>
    return (ECLIC->CTRL[IRQn].INTCTRL);
    47f6:	43d0                	lw	a2,4(a5)
    47f8:	40050513          	addi	a0,a0,1024
    47fc:	050a                	slli	a0,a0,0x2
    47fe:	962a                	add	a2,a2,a0
    4800:	00364703          	lbu	a4,3(a2)
        cur_ctrl = cur_ctrl >> (ECLIC_MAX_NLBITS - nlbits);
    4804:	46a1                	li	a3,8
    4806:	410686b3          	sub	a3,a3,a6
    return (ECLIC->CTRL[IRQn].INTCTRL);
    480a:	0ff77713          	zext.b	a4,a4
        cur_ctrl = cur_ctrl >> (ECLIC_MAX_NLBITS - nlbits);
    480e:	40d75733          	sra	a4,a4,a3
        cur_ctrl = cur_ctrl << (ECLIC_MAX_NLBITS - nlbits);
    4812:	0ff77713          	zext.b	a4,a4
    4816:	00d71733          	sll	a4,a4,a3
        uint8_t mask = ((uint8_t)(-1)) >> intctlbits;
    481a:	0ff00693          	li	a3,255
    ECLIC->CTRL[IRQn].INTCTRL = intctrl;
    481e:	43dc                	lw	a5,4(a5)
        uint8_t mask = ((uint8_t)(-1)) >> intctlbits;
    4820:	40b6d6b3          	sra	a3,a3,a1
        __ECLIC_SetCtrlIRQ(IRQn, (cur_ctrl | pri));
    4824:	8f55                	or	a4,a4,a3
    4826:	0ff77713          	zext.b	a4,a4
    ECLIC->CTRL[IRQn].INTCTRL = intctrl;
    482a:	953e                	add	a0,a0,a5
    482c:	00e501a3          	sb	a4,3(a0)
        /* set interrupt level */
        ECLIC_SetLevelIRQ(irq_no, 0);
        /* set interrupt priority */
        ECLIC_SetPriorityIRQ(irq_no, 0);
    }
}
    4830:	8082                	ret

00004832 <Interrupt1_Handler>:
            default_intexc_handler();               \
    }

// define interrupt handler functions
DEFINE_INTERRUPT_HANDLER(0);
DEFINE_INTERRUPT_HANDLER(1);
    4832:	e541a783          	lw	a5,-428(gp) # 20034704 <OS_CPU_Vector_Table+0x4>
    4836:	c391                	beqz	a5,483a <Interrupt1_Handler+0x8>
    4838:	8782                	jr	a5
    483a:	aca5                	j	4ab2 <default_intexc_handler>

0000483c <Interrupt2_Handler>:
DEFINE_INTERRUPT_HANDLER(2);
    483c:	e581a783          	lw	a5,-424(gp) # 20034708 <OS_CPU_Vector_Table+0x8>
    4840:	c391                	beqz	a5,4844 <Interrupt2_Handler+0x8>
    4842:	8782                	jr	a5
    4844:	a4bd                	j	4ab2 <default_intexc_handler>

00004846 <Interrupt3_Handler>:
DEFINE_INTERRUPT_HANDLER(3);
    4846:	e5c1a783          	lw	a5,-420(gp) # 2003470c <OS_CPU_Vector_Table+0xc>
    484a:	c391                	beqz	a5,484e <Interrupt3_Handler+0x8>
    484c:	8782                	jr	a5
    484e:	a495                	j	4ab2 <default_intexc_handler>

00004850 <Interrupt4_Handler>:
DEFINE_INTERRUPT_HANDLER(4);
    4850:	e601a783          	lw	a5,-416(gp) # 20034710 <OS_CPU_Vector_Table+0x10>
    4854:	c391                	beqz	a5,4858 <Interrupt4_Handler+0x8>
    4856:	8782                	jr	a5
    4858:	aca9                	j	4ab2 <default_intexc_handler>

0000485a <Interrupt5_Handler>:
DEFINE_INTERRUPT_HANDLER(5);
    485a:	e641a783          	lw	a5,-412(gp) # 20034714 <OS_CPU_Vector_Table+0x14>
    485e:	c391                	beqz	a5,4862 <Interrupt5_Handler+0x8>
    4860:	8782                	jr	a5
    4862:	ac81                	j	4ab2 <default_intexc_handler>

00004864 <Interrupt6_Handler>:
DEFINE_INTERRUPT_HANDLER(6);
    4864:	e681a783          	lw	a5,-408(gp) # 20034718 <OS_CPU_Vector_Table+0x18>
    4868:	c391                	beqz	a5,486c <Interrupt6_Handler+0x8>
    486a:	8782                	jr	a5
    486c:	a499                	j	4ab2 <default_intexc_handler>

0000486e <Interrupt7_Handler>:
DEFINE_INTERRUPT_HANDLER(7);
    486e:	e6c1a783          	lw	a5,-404(gp) # 2003471c <OS_CPU_Vector_Table+0x1c>
    4872:	c391                	beqz	a5,4876 <Interrupt7_Handler+0x8>
    4874:	8782                	jr	a5
    4876:	ac35                	j	4ab2 <default_intexc_handler>

00004878 <Interrupt8_Handler>:
DEFINE_INTERRUPT_HANDLER(8);
    4878:	e701a783          	lw	a5,-400(gp) # 20034720 <OS_CPU_Vector_Table+0x20>
    487c:	c391                	beqz	a5,4880 <Interrupt8_Handler+0x8>
    487e:	8782                	jr	a5
    4880:	ac0d                	j	4ab2 <default_intexc_handler>

00004882 <Interrupt9_Handler>:
DEFINE_INTERRUPT_HANDLER(9);
    4882:	e741a783          	lw	a5,-396(gp) # 20034724 <OS_CPU_Vector_Table+0x24>
    4886:	c391                	beqz	a5,488a <Interrupt9_Handler+0x8>
    4888:	8782                	jr	a5
    488a:	a425                	j	4ab2 <default_intexc_handler>

0000488c <Interrupt10_Handler>:
DEFINE_INTERRUPT_HANDLER(10);
    488c:	e781a783          	lw	a5,-392(gp) # 20034728 <OS_CPU_Vector_Table+0x28>
    4890:	c391                	beqz	a5,4894 <Interrupt10_Handler+0x8>
    4892:	8782                	jr	a5
    4894:	ac39                	j	4ab2 <default_intexc_handler>

00004896 <Interrupt11_Handler>:
DEFINE_INTERRUPT_HANDLER(11);
    4896:	e7c1a783          	lw	a5,-388(gp) # 2003472c <OS_CPU_Vector_Table+0x2c>
    489a:	c391                	beqz	a5,489e <Interrupt11_Handler+0x8>
    489c:	8782                	jr	a5
    489e:	ac11                	j	4ab2 <default_intexc_handler>

000048a0 <Interrupt12_Handler>:
DEFINE_INTERRUPT_HANDLER(12);
    48a0:	e801a783          	lw	a5,-384(gp) # 20034730 <OS_CPU_Vector_Table+0x30>
    48a4:	c391                	beqz	a5,48a8 <Interrupt12_Handler+0x8>
    48a6:	8782                	jr	a5
    48a8:	a429                	j	4ab2 <default_intexc_handler>

000048aa <Interrupt13_Handler>:
DEFINE_INTERRUPT_HANDLER(13);
    48aa:	e841a783          	lw	a5,-380(gp) # 20034734 <OS_CPU_Vector_Table+0x34>
    48ae:	c391                	beqz	a5,48b2 <Interrupt13_Handler+0x8>
    48b0:	8782                	jr	a5
    48b2:	a401                	j	4ab2 <default_intexc_handler>

000048b4 <Interrupt14_Handler>:
DEFINE_INTERRUPT_HANDLER(14);
    48b4:	e881a783          	lw	a5,-376(gp) # 20034738 <OS_CPU_Vector_Table+0x38>
    48b8:	c391                	beqz	a5,48bc <Interrupt14_Handler+0x8>
    48ba:	8782                	jr	a5
    48bc:	aadd                	j	4ab2 <default_intexc_handler>

000048be <Interrupt15_Handler>:
DEFINE_INTERRUPT_HANDLER(15);
    48be:	e8c1a783          	lw	a5,-372(gp) # 2003473c <OS_CPU_Vector_Table+0x3c>
    48c2:	c391                	beqz	a5,48c6 <Interrupt15_Handler+0x8>
    48c4:	8782                	jr	a5
    48c6:	a2f5                	j	4ab2 <default_intexc_handler>

000048c8 <Interrupt16_Handler>:
DEFINE_INTERRUPT_HANDLER(16);
    48c8:	e901a783          	lw	a5,-368(gp) # 20034740 <OS_CPU_Vector_Table+0x40>
    48cc:	c391                	beqz	a5,48d0 <Interrupt16_Handler+0x8>
    48ce:	8782                	jr	a5
    48d0:	a2cd                	j	4ab2 <default_intexc_handler>

000048d2 <Interrupt17_Handler>:
DEFINE_INTERRUPT_HANDLER(17);
    48d2:	e941a783          	lw	a5,-364(gp) # 20034744 <OS_CPU_Vector_Table+0x44>
    48d6:	c391                	beqz	a5,48da <Interrupt17_Handler+0x8>
    48d8:	8782                	jr	a5
    48da:	aae1                	j	4ab2 <default_intexc_handler>

000048dc <Interrupt18_Handler>:
DEFINE_INTERRUPT_HANDLER(18);
    48dc:	e981a783          	lw	a5,-360(gp) # 20034748 <OS_CPU_Vector_Table+0x48>
    48e0:	c391                	beqz	a5,48e4 <Interrupt18_Handler+0x8>
    48e2:	8782                	jr	a5
    48e4:	a2f9                	j	4ab2 <default_intexc_handler>

000048e6 <Interrupt19_Handler>:
DEFINE_INTERRUPT_HANDLER(19);
    48e6:	e9c1a783          	lw	a5,-356(gp) # 2003474c <OS_CPU_Vector_Table+0x4c>
    48ea:	c391                	beqz	a5,48ee <Interrupt19_Handler+0x8>
    48ec:	8782                	jr	a5
    48ee:	a2d1                	j	4ab2 <default_intexc_handler>

000048f0 <Interrupt20_Handler>:
DEFINE_INTERRUPT_HANDLER(20);
    48f0:	ea01a783          	lw	a5,-352(gp) # 20034750 <OS_CPU_Vector_Table+0x50>
    48f4:	c391                	beqz	a5,48f8 <Interrupt20_Handler+0x8>
    48f6:	8782                	jr	a5
    48f8:	aa6d                	j	4ab2 <default_intexc_handler>

000048fa <Interrupt21_Handler>:
DEFINE_INTERRUPT_HANDLER(21);
    48fa:	ea41a783          	lw	a5,-348(gp) # 20034754 <OS_CPU_Vector_Table+0x54>
    48fe:	c391                	beqz	a5,4902 <Interrupt21_Handler+0x8>
    4900:	8782                	jr	a5
    4902:	aa45                	j	4ab2 <default_intexc_handler>

00004904 <Interrupt22_Handler>:
DEFINE_INTERRUPT_HANDLER(22);
    4904:	ea81a783          	lw	a5,-344(gp) # 20034758 <OS_CPU_Vector_Table+0x58>
    4908:	c391                	beqz	a5,490c <Interrupt22_Handler+0x8>
    490a:	8782                	jr	a5
    490c:	a25d                	j	4ab2 <default_intexc_handler>

0000490e <Interrupt23_Handler>:
DEFINE_INTERRUPT_HANDLER(23);
    490e:	eac1a783          	lw	a5,-340(gp) # 2003475c <OS_CPU_Vector_Table+0x5c>
    4912:	c391                	beqz	a5,4916 <Interrupt23_Handler+0x8>
    4914:	8782                	jr	a5
    4916:	aa71                	j	4ab2 <default_intexc_handler>

00004918 <Interrupt24_Handler>:
DEFINE_INTERRUPT_HANDLER(24);
    4918:	eb01a783          	lw	a5,-336(gp) # 20034760 <OS_CPU_Vector_Table+0x60>
    491c:	c391                	beqz	a5,4920 <Interrupt24_Handler+0x8>
    491e:	8782                	jr	a5
    4920:	aa49                	j	4ab2 <default_intexc_handler>

00004922 <Interrupt25_Handler>:
DEFINE_INTERRUPT_HANDLER(25);
    4922:	eb41a783          	lw	a5,-332(gp) # 20034764 <OS_CPU_Vector_Table+0x64>
    4926:	c391                	beqz	a5,492a <Interrupt25_Handler+0x8>
    4928:	8782                	jr	a5
    492a:	a261                	j	4ab2 <default_intexc_handler>

0000492c <Interrupt26_Handler>:
DEFINE_INTERRUPT_HANDLER(26);
    492c:	eb81a783          	lw	a5,-328(gp) # 20034768 <OS_CPU_Vector_Table+0x68>
    4930:	c391                	beqz	a5,4934 <Interrupt26_Handler+0x8>
    4932:	8782                	jr	a5
    4934:	aabd                	j	4ab2 <default_intexc_handler>

00004936 <Interrupt27_Handler>:
DEFINE_INTERRUPT_HANDLER(27);
    4936:	ebc1a783          	lw	a5,-324(gp) # 2003476c <OS_CPU_Vector_Table+0x6c>
    493a:	c391                	beqz	a5,493e <Interrupt27_Handler+0x8>
    493c:	8782                	jr	a5
    493e:	aa95                	j	4ab2 <default_intexc_handler>

00004940 <Interrupt28_Handler>:
DEFINE_INTERRUPT_HANDLER(28);
    4940:	ec01a783          	lw	a5,-320(gp) # 20034770 <OS_CPU_Vector_Table+0x70>
    4944:	c391                	beqz	a5,4948 <Interrupt28_Handler+0x8>
    4946:	8782                	jr	a5
    4948:	a2ad                	j	4ab2 <default_intexc_handler>

0000494a <Interrupt29_Handler>:
DEFINE_INTERRUPT_HANDLER(29);
    494a:	ec41a783          	lw	a5,-316(gp) # 20034774 <OS_CPU_Vector_Table+0x74>
    494e:	c391                	beqz	a5,4952 <Interrupt29_Handler+0x8>
    4950:	8782                	jr	a5
    4952:	a285                	j	4ab2 <default_intexc_handler>

00004954 <Interrupt30_Handler>:
DEFINE_INTERRUPT_HANDLER(30);
    4954:	ec81a783          	lw	a5,-312(gp) # 20034778 <OS_CPU_Vector_Table+0x78>
    4958:	c391                	beqz	a5,495c <Interrupt30_Handler+0x8>
    495a:	8782                	jr	a5
    495c:	aa99                	j	4ab2 <default_intexc_handler>

0000495e <Interrupt31_Handler>:
DEFINE_INTERRUPT_HANDLER(31);
    495e:	ecc1a783          	lw	a5,-308(gp) # 2003477c <OS_CPU_Vector_Table+0x7c>
    4962:	c391                	beqz	a5,4966 <Interrupt31_Handler+0x8>
    4964:	8782                	jr	a5
    4966:	a2b1                	j	4ab2 <default_intexc_handler>

00004968 <Interrupt32_Handler>:
DEFINE_INTERRUPT_HANDLER(32);
    4968:	ed01a783          	lw	a5,-304(gp) # 20034780 <OS_CPU_Vector_Table+0x80>
    496c:	c391                	beqz	a5,4970 <Interrupt32_Handler+0x8>
    496e:	8782                	jr	a5
    4970:	a289                	j	4ab2 <default_intexc_handler>

00004972 <Interrupt33_Handler>:
DEFINE_INTERRUPT_HANDLER(33);
    4972:	ed41a783          	lw	a5,-300(gp) # 20034784 <OS_CPU_Vector_Table+0x84>
    4976:	c391                	beqz	a5,497a <Interrupt33_Handler+0x8>
    4978:	8782                	jr	a5
    497a:	aa25                	j	4ab2 <default_intexc_handler>

0000497c <Interrupt34_Handler>:
DEFINE_INTERRUPT_HANDLER(34);
    497c:	ed81a783          	lw	a5,-296(gp) # 20034788 <OS_CPU_Vector_Table+0x88>
    4980:	c391                	beqz	a5,4984 <Interrupt34_Handler+0x8>
    4982:	8782                	jr	a5
    4984:	a23d                	j	4ab2 <default_intexc_handler>

00004986 <Interrupt35_Handler>:
DEFINE_INTERRUPT_HANDLER(35);
    4986:	edc1a783          	lw	a5,-292(gp) # 2003478c <OS_CPU_Vector_Table+0x8c>
    498a:	c391                	beqz	a5,498e <Interrupt35_Handler+0x8>
    498c:	8782                	jr	a5
    498e:	a215                	j	4ab2 <default_intexc_handler>
	...

000049c0 <exc_entry>:
.align 6
.global exc_entry
.weak exc_entry
exc_entry:
    /* Save the caller saving registers (context) */
    SAVE_CONTEXT
    49c0:	715d                	addi	sp,sp,-80
    49c2:	c006                	sw	ra,0(sp)
    49c4:	c212                	sw	tp,4(sp)
    49c6:	c416                	sw	t0,8(sp)
    49c8:	c61a                	sw	t1,12(sp)
    49ca:	c81e                	sw	t2,16(sp)
    49cc:	ca2a                	sw	a0,20(sp)
    49ce:	cc2e                	sw	a1,24(sp)
    49d0:	ce32                	sw	a2,28(sp)
    49d2:	d036                	sw	a3,32(sp)
    49d4:	d23a                	sw	a4,36(sp)
    49d6:	d43e                	sw	a5,40(sp)
    49d8:	dc42                	sw	a6,56(sp)
    49da:	de46                	sw	a7,60(sp)
    49dc:	c0f2                	sw	t3,64(sp)
    49de:	c2f6                	sw	t4,68(sp)
    49e0:	c4fa                	sw	t5,72(sp)
    49e2:	c6fe                	sw	t6,76(sp)
    /* Save the necessary CSR registers */
    SAVE_CSR_CONTEXT
    49e4:	7ee5d073          	csrwi	pushmcause,11
    49e8:	7ef65073          	csrwi	pushmepc,12
    49ec:	7eb6d073          	csrwi	pushmsubm,13
    /*
     * Set the exception handler function arguments
     * argument 1: mcause value
     * argument 2: current stack point(SP) value
     */
    csrr a0, mcause
    49f0:	34202573          	csrr	a0,mcause
    mv a1, sp
    49f4:	858a                	mv	a1,sp
    /*
     * TODO: Call the exception handler function
     * By default, the function template is provided in
     * system_Device.c, you can adjust it as you want
     */
    call core_exception_handler
    49f6:	bc1ff0ef          	jal	ra,45b6 <core_exception_handler>

    /* Restore the necessary CSR registers */
    RESTORE_CSR_CONTEXT
    49fa:	52d2                	lw	t0,52(sp)
    49fc:	7c429073          	csrw	msubm,t0
    4a00:	52c2                	lw	t0,48(sp)
    4a02:	34129073          	csrw	mepc,t0
    4a06:	52b2                	lw	t0,44(sp)
    4a08:	34229073          	csrw	mcause,t0
    /* Restore the caller saving registers (context) */
    RESTORE_CONTEXT
    4a0c:	4082                	lw	ra,0(sp)
    4a0e:	4212                	lw	tp,4(sp)
    4a10:	42a2                	lw	t0,8(sp)
    4a12:	4332                	lw	t1,12(sp)
    4a14:	43c2                	lw	t2,16(sp)
    4a16:	4552                	lw	a0,20(sp)
    4a18:	45e2                	lw	a1,24(sp)
    4a1a:	4672                	lw	a2,28(sp)
    4a1c:	5682                	lw	a3,32(sp)
    4a1e:	5712                	lw	a4,36(sp)
    4a20:	57a2                	lw	a5,40(sp)
    4a22:	5862                	lw	a6,56(sp)
    4a24:	58f2                	lw	a7,60(sp)
    4a26:	4e06                	lw	t3,64(sp)
    4a28:	4e96                	lw	t4,68(sp)
    4a2a:	4f26                	lw	t5,72(sp)
    4a2c:	4fb6                	lw	t6,76(sp)
    4a2e:	6161                	addi	sp,sp,80

    /* Return to regular code */
    mret
    4a30:	30200073          	mret
	...

00004a40 <irq_entry>:
.global irq_entry
.weak irq_entry
/* This label will be set to MTVT2 register */
irq_entry:
    /* Save the caller saving registers (context) */
    SAVE_CONTEXT
    4a40:	715d                	addi	sp,sp,-80
    4a42:	c006                	sw	ra,0(sp)
    4a44:	c212                	sw	tp,4(sp)
    4a46:	c416                	sw	t0,8(sp)
    4a48:	c61a                	sw	t1,12(sp)
    4a4a:	c81e                	sw	t2,16(sp)
    4a4c:	ca2a                	sw	a0,20(sp)
    4a4e:	cc2e                	sw	a1,24(sp)
    4a50:	ce32                	sw	a2,28(sp)
    4a52:	d036                	sw	a3,32(sp)
    4a54:	d23a                	sw	a4,36(sp)
    4a56:	d43e                	sw	a5,40(sp)
    4a58:	dc42                	sw	a6,56(sp)
    4a5a:	de46                	sw	a7,60(sp)
    4a5c:	c0f2                	sw	t3,64(sp)
    4a5e:	c2f6                	sw	t4,68(sp)
    4a60:	c4fa                	sw	t5,72(sp)
    4a62:	c6fe                	sw	t6,76(sp)
    /* Save the necessary CSR registers */
    SAVE_CSR_CONTEXT
    4a64:	7ee5d073          	csrwi	pushmcause,11
    4a68:	7ef65073          	csrwi	pushmepc,12
    4a6c:	7eb6d073          	csrwi	pushmsubm,13
    /* This special CSR read/write operation, which is actually
     * claim the CLIC to find its pending highest ID, if the ID
     * is not 0, then automatically enable the mstatus.MIE, and
     * jump to its vector-entry-label, and update the link register
     */
    csrrw ra, CSR_JALMNXTI, ra
    4a70:	7ed090f3          	csrrw	ra,jalmnxti,ra

    /* Critical section with interrupts disabled */
    DISABLE_MIE
    4a74:	30047073          	csrci	mstatus,8

    /* Restore the necessary CSR registers */
    RESTORE_CSR_CONTEXT
    4a78:	52d2                	lw	t0,52(sp)
    4a7a:	7c429073          	csrw	msubm,t0
    4a7e:	52c2                	lw	t0,48(sp)
    4a80:	34129073          	csrw	mepc,t0
    4a84:	52b2                	lw	t0,44(sp)
    4a86:	34229073          	csrw	mcause,t0
    /* Restore the caller saving registers (context) */
    RESTORE_CONTEXT
    4a8a:	4082                	lw	ra,0(sp)
    4a8c:	4212                	lw	tp,4(sp)
    4a8e:	42a2                	lw	t0,8(sp)
    4a90:	4332                	lw	t1,12(sp)
    4a92:	43c2                	lw	t2,16(sp)
    4a94:	4552                	lw	a0,20(sp)
    4a96:	45e2                	lw	a1,24(sp)
    4a98:	4672                	lw	a2,28(sp)
    4a9a:	5682                	lw	a3,32(sp)
    4a9c:	5712                	lw	a4,36(sp)
    4a9e:	57a2                	lw	a5,40(sp)
    4aa0:	5862                	lw	a6,56(sp)
    4aa2:	58f2                	lw	a7,60(sp)
    4aa4:	4e06                	lw	t3,64(sp)
    4aa6:	4e96                	lw	t4,68(sp)
    4aa8:	4f26                	lw	t5,72(sp)
    4aaa:	4fb6                	lw	t6,76(sp)
    4aac:	6161                	addi	sp,sp,80

    /* Return to regular code */
    mret
    4aae:	30200073          	mret

00004ab2 <default_intexc_handler>:
.global default_intexc_handler
.weak default_intexc_handler
Undef_Handler:
default_intexc_handler:
1:
    j 1b
    4ab2:	a001                	j	4ab2 <default_intexc_handler>
	...

00004ab6 <sec_boot_verify>:
    4ab6:	0ff00793          	li	a5,255
    4aba:	00b7cf63          	blt	a5,a1,4ad8 <sec_boot_verify+0x22>
    4abe:	557d                	li	a0,-1
    4ac0:	8082                	ret
    4ac2:	557d                	li	a0,-1
    4ac4:	40f2                	lw	ra,28(sp)
    4ac6:	4462                	lw	s0,24(sp)
    4ac8:	44d2                	lw	s1,20(sp)
    4aca:	4942                	lw	s2,16(sp)
    4acc:	49b2                	lw	s3,12(sp)
    4ace:	4a22                	lw	s4,8(sp)
    4ad0:	4a92                	lw	s5,4(sp)
    4ad2:	4b02                	lw	s6,0(sp)
    4ad4:	6105                	addi	sp,sp,32
    4ad6:	8082                	ret
    4ad8:	1101                	addi	sp,sp,-32
    4ada:	ca26                	sw	s1,20(sp)
    4adc:	c64e                	sw	s3,12(sp)
    4ade:	c452                	sw	s4,8(sp)
    4ae0:	ce06                	sw	ra,28(sp)
    4ae2:	cc22                	sw	s0,24(sp)
    4ae4:	c84a                	sw	s2,16(sp)
    4ae6:	c256                	sw	s5,4(sp)
    4ae8:	c05a                	sw	s6,0(sp)
    4aea:	84aa                	mv	s1,a0
    4aec:	89b2                	mv	s3,a2
    4aee:	00450793          	addi	a5,a0,4
    4af2:	872a                	mv	a4,a0
    4af4:	04050693          	addi	a3,a0,64
    4af8:	4a01                	li	s4,0
    4afa:	4390                	lw	a2,0(a5)
    4afc:	0791                	addi	a5,a5,4
    4afe:	00ca4a33          	xor	s4,s4,a2
    4b02:	fed79ce3          	bne	a5,a3,4afa <sec_boot_verify+0x44>
    4b06:	0a49a403          	lw	s0,164(s3) # 40a4 <spirom_set_addr4+0x1a>
    4b0a:	40000693          	li	a3,1024
    4b0e:	00a45793          	srli	a5,s0,0xa
    4b12:	03d00613          	li	a2,61
    4b16:	06f66e63          	bltu	a2,a5,4b92 <sec_boot_verify+0xdc>
    4b1a:	2097c533          	sh2add	a0,a5,s1
    4b1e:	864e                	mv	a2,s3
    4b20:	06a71d63          	bne	a4,a0,4b9a <sec_boot_verify+0xe4>
    4b24:	03f00713          	li	a4,63
    4b28:	4611                	li	a2,4
    4b2a:	00f74663          	blt	a4,a5,4b36 <sec_boot_verify+0x80>
    4b2e:	04000613          	li	a2,64
    4b32:	8e1d                	sub	a2,a2,a5
    4b34:	060a                	slli	a2,a2,0x2
    4b36:	4581                	li	a1,0
    4b38:	b68fc0ef          	jal	ra,ea0 <__wrap_memset>
    4b3c:	00140793          	addi	a5,s0,1
    4b40:	9bf1                	andi	a5,a5,-4
    4b42:	97ce                	add	a5,a5,s3
    4b44:	0007ab03          	lw	s6,0(a5)
    4b48:	00540793          	addi	a5,s0,5
    4b4c:	9bf1                	andi	a5,a5,-4
    4b4e:	97ce                	add	a5,a5,s3
    4b50:	0007aa83          	lw	s5,0(a5)
    4b54:	00940793          	addi	a5,s0,9
    4b58:	9bf1                	andi	a5,a5,-4
    4b5a:	0435                	addi	s0,s0,13
    4b5c:	9871                	andi	s0,s0,-4
    4b5e:	97ce                	add	a5,a5,s3
    4b60:	0007a903          	lw	s2,0(a5)
    4b64:	01340633          	add	a2,s0,s3
    4b68:	4200                	lw	s0,0(a2)
    4b6a:	015b4633          	xor	a2,s6,s5
    4b6e:	0f64aa23          	sw	s6,244(s1)
    4b72:	0f54ac23          	sw	s5,248(s1)
    4b76:	0f24ae23          	sw	s2,252(s1)
    4b7a:	00c94633          	xor	a2,s2,a2
    4b7e:	10000593          	li	a1,256
    4b82:	8526                	mv	a0,s1
    4b84:	20a9                	jal	4bce <xcrc32>
    4b86:	f2a41ee3          	bne	s0,a0,4ac2 <sec_boot_verify+0xc>
    4b8a:	00091d63          	bnez	s2,4ba4 <sec_boot_verify+0xee>
    4b8e:	4501                	li	a0,0
    4b90:	bf15                	j	4ac4 <sec_boot_verify+0xe>
    4b92:	0686                	slli	a3,a3,0x1
    4b94:	02d457b3          	divu	a5,s0,a3
    4b98:	bfbd                	j	4b16 <sec_boot_verify+0x60>
    4b9a:	420c                	lw	a1,0(a2)
    4b9c:	9636                	add	a2,a2,a3
    4b9e:	c30c                	sw	a1,0(a4)
    4ba0:	0711                	addi	a4,a4,4
    4ba2:	bfbd                	j	4b20 <sec_boot_verify+0x6a>
    4ba4:	01494933          	xor	s2,s2,s4
    4ba8:	014acab3          	xor	s5,s5,s4
    4bac:	014b4b33          	xor	s6,s6,s4
    4bb0:	ffc97913          	andi	s2,s2,-4
    4bb4:	4781                	li	a5,0
    4bb6:	fcf90ce3          	beq	s2,a5,4b8e <sec_boot_verify+0xd8>
    4bba:	00fb0733          	add	a4,s6,a5
    4bbe:	4318                	lw	a4,0(a4)
    4bc0:	00fa86b3          	add	a3,s5,a5
    4bc4:	01474733          	xor	a4,a4,s4
    4bc8:	c298                	sw	a4,0(a3)
    4bca:	0791                	addi	a5,a5,4
    4bcc:	b7ed                	j	4bb6 <sec_boot_verify+0x100>

00004bce <xcrc32>:
    4bce:	04c128b7          	lui	a7,0x4c12
    4bd2:	872a                	mv	a4,a0
    4bd4:	fc818813          	addi	a6,gp,-56 # 20034878 <crc32_table>
    4bd8:	8532                	mv	a0,a2
    4bda:	fc818693          	addi	a3,gp,-56 # 20034878 <crc32_table>
    4bde:	4601                	li	a2,0
    4be0:	db788893          	addi	a7,a7,-585 # 4c11db7 <_data_lma+0x4c0d077>
    4be4:	10000e13          	li	t3,256
    4be8:	01861793          	slli	a5,a2,0x18
    4bec:	4321                	li	t1,8
    4bee:	8ebe                	mv	t4,a5
    4bf0:	0786                	slli	a5,a5,0x1
    4bf2:	000ed463          	bgez	t4,4bfa <xcrc32+0x2c>
    4bf6:	0117c7b3          	xor	a5,a5,a7
    4bfa:	137d                	addi	t1,t1,-1
    4bfc:	fe0319e3          	bnez	t1,4bee <xcrc32+0x20>
    4c00:	00f82023          	sw	a5,0(a6)
    4c04:	0605                	addi	a2,a2,1
    4c06:	0811                	addi	a6,a6,4
    4c08:	ffc610e3          	bne	a2,t3,4be8 <xcrc32+0x1a>
    4c0c:	95ba                	add	a1,a1,a4
    4c0e:	00b71363          	bne	a4,a1,4c14 <xcrc32+0x46>
    4c12:	8082                	ret
    4c14:	00851813          	slli	a6,a0,0x8
    4c18:	01855793          	srli	a5,a0,0x18
    4c1c:	00074503          	lbu	a0,0(a4)
    4c20:	0705                	addi	a4,a4,1
    4c22:	8fa9                	xor	a5,a5,a0
    4c24:	20d7c7b3          	sh2add	a5,a5,a3
    4c28:	4390                	lw	a2,0(a5)
    4c2a:	00c84533          	xor	a0,a6,a2
    4c2e:	b7c5                	j	4c0e <xcrc32+0x40>

00004c30 <atexit>:
    4c30:	85aa                	mv	a1,a0
    4c32:	4681                	li	a3,0
    4c34:	4601                	li	a2,0
    4c36:	4501                	li	a0,0
    4c38:	a851                	j	4ccc <__register_exitproc>

00004c3a <__libc_fini_array>:
    4c3a:	1141                	addi	sp,sp,-16
    4c3c:	c422                	sw	s0,8(sp)
    4c3e:	c226                	sw	s1,4(sp)
    4c40:	00000417          	auipc	s0,0x0
    4c44:	0fc40413          	addi	s0,s0,252 # 4d3c <_etext>
    4c48:	00000497          	auipc	s1,0x0
    4c4c:	0f448493          	addi	s1,s1,244 # 4d3c <_etext>
    4c50:	8c05                	sub	s0,s0,s1
    4c52:	c606                	sw	ra,12(sp)
    4c54:	8409                	srai	s0,s0,0x2
    4c56:	e411                	bnez	s0,4c62 <__libc_fini_array+0x28>
    4c58:	40b2                	lw	ra,12(sp)
    4c5a:	4422                	lw	s0,8(sp)
    4c5c:	4492                	lw	s1,4(sp)
    4c5e:	0141                	addi	sp,sp,16
    4c60:	8082                	ret
    4c62:	147d                	addi	s0,s0,-1
    4c64:	209447b3          	sh2add	a5,s0,s1
    4c68:	439c                	lw	a5,0(a5)
    4c6a:	9782                	jalr	a5
    4c6c:	b7ed                	j	4c56 <__libc_fini_array+0x1c>

00004c6e <__libc_init_array>:
    4c6e:	1141                	addi	sp,sp,-16
    4c70:	c422                	sw	s0,8(sp)
    4c72:	c226                	sw	s1,4(sp)
    4c74:	00000417          	auipc	s0,0x0
    4c78:	0c840413          	addi	s0,s0,200 # 4d3c <_etext>
    4c7c:	00000497          	auipc	s1,0x0
    4c80:	0c048493          	addi	s1,s1,192 # 4d3c <_etext>
    4c84:	8c81                	sub	s1,s1,s0
    4c86:	c04a                	sw	s2,0(sp)
    4c88:	c606                	sw	ra,12(sp)
    4c8a:	8489                	srai	s1,s1,0x2
    4c8c:	4901                	li	s2,0
    4c8e:	02991563          	bne	s2,s1,4cb8 <__libc_init_array+0x4a>
    4c92:	00000417          	auipc	s0,0x0
    4c96:	0aa40413          	addi	s0,s0,170 # 4d3c <_etext>
    4c9a:	00000497          	auipc	s1,0x0
    4c9e:	0a248493          	addi	s1,s1,162 # 4d3c <_etext>
    4ca2:	8c81                	sub	s1,s1,s0
    4ca4:	8489                	srai	s1,s1,0x2
    4ca6:	4901                	li	s2,0
    4ca8:	00991d63          	bne	s2,s1,4cc2 <__libc_init_array+0x54>
    4cac:	40b2                	lw	ra,12(sp)
    4cae:	4422                	lw	s0,8(sp)
    4cb0:	4492                	lw	s1,4(sp)
    4cb2:	4902                	lw	s2,0(sp)
    4cb4:	0141                	addi	sp,sp,16
    4cb6:	8082                	ret
    4cb8:	401c                	lw	a5,0(s0)
    4cba:	0905                	addi	s2,s2,1
    4cbc:	0411                	addi	s0,s0,4
    4cbe:	9782                	jalr	a5
    4cc0:	b7f9                	j	4c8e <__libc_init_array+0x20>
    4cc2:	401c                	lw	a5,0(s0)
    4cc4:	0905                	addi	s2,s2,1
    4cc6:	0411                	addi	s0,s0,4
    4cc8:	9782                	jalr	a5
    4cca:	bff9                	j	4ca8 <__libc_init_array+0x3a>

00004ccc <__register_exitproc>:
    4ccc:	88aa                	mv	a7,a0
    4cce:	a7818513          	addi	a0,gp,-1416 # 20034328 <_global_atexit>
    4cd2:	4118                	lw	a4,0(a0)
    4cd4:	ef01                	bnez	a4,4cec <__register_exitproc+0x20>
    4cd6:	f3818793          	addi	a5,gp,-200 # 200347e8 <_global_atexit0>
    4cda:	c11c                	sw	a5,0(a0)
    4cdc:	00000513          	li	a0,0
    4ce0:	873e                	mv	a4,a5
    4ce2:	c509                	beqz	a0,4cec <__register_exitproc+0x20>
    4ce4:	4118                	lw	a4,0(a0)
    4ce6:	08e7a423          	sw	a4,136(a5)
    4cea:	873e                	mv	a4,a5
    4cec:	435c                	lw	a5,4(a4)
    4cee:	487d                	li	a6,31
    4cf0:	557d                	li	a0,-1
    4cf2:	04f84463          	blt	a6,a5,4d3a <__register_exitproc+0x6e>
    4cf6:	02088b63          	beqz	a7,4d2c <__register_exitproc+0x60>
    4cfa:	08872803          	lw	a6,136(a4)
    4cfe:	02080e63          	beqz	a6,4d3a <__register_exitproc+0x6e>
    4d02:	2107c333          	sh2add	t1,a5,a6
    4d06:	00c32023          	sw	a2,0(t1) # 40000000 <_sp+0x1ffc8000>
    4d0a:	10082603          	lw	a2,256(a6)
    4d0e:	28f01533          	bset	a0,zero,a5
    4d12:	8e49                	or	a2,a2,a0
    4d14:	10c82023          	sw	a2,256(a6)
    4d18:	08d32023          	sw	a3,128(t1)
    4d1c:	4689                	li	a3,2
    4d1e:	00d89763          	bne	a7,a3,4d2c <__register_exitproc+0x60>
    4d22:	10482683          	lw	a3,260(a6)
    4d26:	8ec9                	or	a3,a3,a0
    4d28:	10d82223          	sw	a3,260(a6)
    4d2c:	00178693          	addi	a3,a5,1
    4d30:	c354                	sw	a3,4(a4)
    4d32:	20e7c7b3          	sh2add	a5,a5,a4
    4d36:	4501                	li	a0,0
    4d38:	c78c                	sw	a1,8(a5)
    4d3a:	8082                	ret
